{"type":"FeatureCollection","features":[{"type":"Feature","id":4003,"geometry":{"type":"Point","coordinates":[-63.5794532939748,44.6413714847962]},"properties":{"OBJECTID":4003,"ASSETID":"TRE128865","TREEID":"TRE128865","ASSETCODE":"TRE","ASSETSTAT":"INS","SP_SCIEN":"Celtis occidentalis","SP_COMM":"Northern Hackberry","DBH":3,"WIRES":"Y","OWNER":"HRM","MAINTBY":"HRM","MODDATE":1761830716000,"dbhLabel":"16 to 30.9cm","wiresLabel":"Yes"}},{"type":"Feature","id":4006,"geometry":{"type":"Point","coordinates":[-63.5715274276803,44.638049490328]},"properties":{"OBJECTID":4006,"ASSETID":"TRE129823","TREEID":"TRE129823","ASSETCODE":"TRE","ASSETSTAT":"INS","SP_SCIEN":"Ulmus americana","SP_COMM":"American Elm","DBH":8,"WIRES":"Y","OWNER":"HRM","MAINTBY":"HRM","MODDATE":1761830716000,"dbhLabel":"91 to 106.9 cm","wiresLabel":"Yes"}},{"type":"Feature","id":4008,"geometry":{"type":"Point","coordinates":[-63.5798181285578,44.6409870385121]},"properties":{"OBJECTID":4008,"ASSETID":"TRE128813","TREEID":"TRE128813","ASSETCODE":"TRE","ASSETSTAT":"INS","SP_SCIEN":"Ulmus americana","SP_COMM":"American Elm","DBH":6,"WIRES":"Y","OWNER":"HRM","MAINTBY":"HRM","MODDATE":1761830716000,"dbhLabel":"61 to 76.9 cm","wiresLabel":"Yes"}},{"type":"Feature","id":4035,"geometry":{"type":"Point","coordinates":[-63.5711909124867,44.6398548458756]},"properties":{"OBJECTID":4035,"ASSETID":"TRE128561","TREEID":"TRE128561","ASSETCODE":"TRE","ASSETSTAT":"INS","SP_SCIEN":"Zelkova (genus)","SP_COMM":"Zelkova","DBH":4,"WIRES":"N","OWNER":"HRM","MAINTBY":"HRM","MODDATE":1761830716000,"dbhLabel":"31 to 45.9 cm","wiresLabel":"No"}},{"type":"Feature","id":4041,"geometry":{"type":"Point","coordinates":[-63.5705432181837,44.638340159701]},"properties":{"OBJECTID":4041,"ASSETID":"TRE129817","TREEID":"TRE129817","ASSETCODE":"TRE","ASSETSTAT":"INS","SP_SCIEN":"Tilia (genus)","SP_COMM":"Linden","DBH":8,"WIRES":"Y","OWNER":"HRM","MAINTBY":"HRM","MODDATE":1761830716000,"dbhLabel":"91 to 106.9 cm","wiresLabel":"Yes"}},{"type":"Feature","id":4048,"geometry":{"type":"Point","coordinates":[-63.5800469734781,44.6416959582977]},"properties":{"OBJECTID":4048,"ASSETID":"TRE128879","TREEID":"TRE128879","ASSETCODE":"TRE","ASSETSTAT":"INS","SP_SCIEN":"Aesculus glabra","SP_COMM":"Ohio Buckeye","DBH":7,"WIRES":"Y","OWNER":"HRM","MAINTBY":"HRM","MODDATE":1761830716000,"dbhLabel":"77 to 90.9 cm","wiresLabel":"Yes"}},{"type":"Feature","id":4057,"geometry":{"type":"Point","coordinates":[-63.5791893348084,44.6408875352478]},"properties":{"OBJECTID":4057,"ASSETID":"TRE128875","TREEID":"TRE128875","ASSETCODE":"TRE","ASSETSTAT":"INS","SP_SCIEN":"Ulmus americana","SP_COMM":"American Elm","DBH":5,"WIRES":"Y","OWNER":"HRM","MAINTBY":"HRM","MODDATE":1761830716000,"dbhLabel":"46 to 60.9 cm","wiresLabel":"Yes"}},{"type":"Feature","id":4060,"geometry":{"type":"Point","coordinates":[-63.5709598648973,44.6383369803119]},"properties":{"OBJECTID":4060,"ASSETID":"TRE129841","TREEID":"TRE129841","ASSETCODE":"TRE","ASSETSTAT":"INS","SP_SCIEN":"Acer Platanoides","SP_COMM":"Norway Maple","DBH":5,"WIRES":"Y","OWNER":"HRM","MAINTBY":"HRM","MODDATE":1761830716000,"dbhLabel":"46 to 60.9 cm","wiresLabel":"Yes"}},{"type":"Feature","id":4070,"geometry":{"type":"Point","coordinates":[-63.5796703233542,44.6418651794593]},"properties":{"OBJECTID":4070,"ASSETID":"TRE128868","TREEID":"TRE128868","ASSETCODE":"TRE","ASSETSTAT":"INS","SP_SCIEN":"Ulmus americana","SP_COMM":"American Elm","DBH":6,"WIRES":"Y","OWNER":"HRM","MAINTBY":"HRM","MODDATE":1761830716000,"dbhLabel":"61 to 76.9 cm","wiresLabel":"Yes"}},{"type":"Feature","id":4080,"geometry":{"type":"Point","coordinates":[-63.5796981037544,44.640607981136]},"properties":{"OBJECTID":4080,"ASSETID":"TRE128806","TREEID":"TRE128806","ASSETCODE":"TRE","ASSETSTAT":"INS","SP_SCIEN":"Ulmus americana","SP_COMM":"American Elm","DBH":5,"WIRES":"Y","OWNER":"HRM","MAINTBY":"HRM","MODDATE":1761830716000,"dbhLabel":"46 to 60.9 cm","wiresLabel":"Yes"}},{"type":"Feature","id":4083,"geometry":{"type":"Point","coordinates":[-63.5789331092382,44.6403667847592]},"properties":{"OBJECTID":4083,"ASSETID":"TRE128846","TREEID":"TRE128846","ASSETCODE":"TRE","ASSETSTAT":"INS","SP_SCIEN":"Ulmus americana","SP_COMM":"American Elm","DBH":5,"WIRES":"Y","OWNER":"HRM","MAINTBY":"HRM","MODDATE":1761830716000,"dbhLabel":"46 to 60.9 cm","wiresLabel":"Yes"}},{"type":"Feature","id":4115,"geometry":{"type":"Point","coordinates":[-63.570442151426,44.6383645906225]},"properties":{"OBJECTID":4115,"ASSETID":"TRE129816","TREEID":"TRE129816","ASSETCODE":"TRE","ASSETSTAT":"INS","SP_SCIEN":"Tilia (genus)","SP_COMM":"Linden","DBH":7,"WIRES":"Y","OWNER":"HRM","MAINTBY":"HRM","MODDATE":1761830716000,"dbhLabel":"77 to 90.9 cm","wiresLabel":"Yes"}},{"type":"Feature","id":4119,"geometry":{"type":"Point","coordinates":[-63.5795721303071,44.6416710909509]},"properties":{"OBJECTID":4119,"ASSETID":"TRE128869","TREEID":"TRE128869","ASSETCODE":"TRE","ASSETSTAT":"INS","SP_SCIEN":"Ulmus americana","SP_COMM":"American Elm","DBH":5,"WIRES":"Y","OWNER":"HRM","MAINTBY":"HRM","MODDATE":1761830716000,"dbhLabel":"46 to 60.9 cm","wiresLabel":"Yes"}},{"type":"Feature","id":4133,"geometry":{"type":"Point","coordinates":[-63.5796372123512,44.6404090632608]},"properties":{"OBJECTID":4133,"ASSETID":"TRE128803","TREEID":"TRE128803","ASSETCODE":"TRE","ASSETSTAT":"INS","SP_SCIEN":"Ulmus americana","SP_COMM":"American Elm","DBH":3,"WIRES":"Y","OWNER":"HRM","MAINTBY":"HRM","MODDATE":1761830716000,"dbhLabel":"16 to 30.9cm","wiresLabel":"Yes"}},{"type":"Feature","id":4160,"geometry":{"type":"Point","coordinates":[-63.5800130503981,44.6415875437208]},"properties":{"OBJECTID":4160,"ASSETID":"TRE128880","TREEID":"TRE128880","ASSETCODE":"TRE","ASSETSTAT":"INS","SP_SCIEN":"Tilia (genus)","SP_COMM":"Linden","DBH":4,"WIRES":"Y","OWNER":"HRM","MAINTBY":"HRM","MODDATE":1761830716000,"dbhLabel":"31 to 45.9 cm","wiresLabel":"Yes"}},{"type":"Feature","id":4184,"geometry":{"type":"Point","coordinates":[-63.5797706858327,44.6408408595772]},"properties":{"OBJECTID":4184,"ASSETID":"TRE128811","TREEID":"TRE128811","ASSETCODE":"TRE","ASSETSTAT":"INS","SP_SCIEN":"Syringa reticulata","SP_COMM":"Japanese Tree Lilac","DBH":2,"WIRES":"N","OWNER":"HRM","MAINTBY":"HRM","MODDATE":1763667528000,"dbhLabel":"8 to 15.9 cm","wiresLabel":"No"}},{"type":"Feature","id":4197,"geometry":{"type":"Point","coordinates":[-63.5793765050861,44.6412229361488]},"properties":{"OBJECTID":4197,"ASSETID":"TRE128867","TREEID":"TRE128867","ASSETCODE":"TRE","ASSETSTAT":"INS","SP_SCIEN":"Celtis occidentalis","SP_COMM":"Northern Hackberry","DBH":3,"WIRES":"Y","OWNER":"HRM","MAINTBY":"HRM","MODDATE":1761830716000,"dbhLabel":"16 to 30.9cm","wiresLabel":"Yes"}},{"type":"Feature","id":4206,"geometry":{"type":"Point","coordinates":[-63.5700890416541,44.6385629868892]},"properties":{"OBJECTID":4206,"ASSETID":"TRE129844","TREEID":"TRE129844","ASSETCODE":"TRE","ASSETSTAT":"INS","SP_SCIEN":"Acer Platanoides","SP_COMM":"Norway Maple","DBH":6,"WIRES":"Y","OWNER":"HRM","MAINTBY":"HRM","MODDATE":1761830716000,"dbhLabel":"61 to 76.9 cm","wiresLabel":"Yes"}},{"type":"Feature","id":4251,"geometry":{"type":"Point","coordinates":[-63.5715503437032,44.6381886150169]},"properties":{"OBJECTID":4251,"ASSETID":"TRE129838","TREEID":"TRE129838","ASSETCODE":"TRE","ASSETSTAT":"INS","SP_SCIEN":"Acer Platanoides","SP_COMM":"Norway Maple","DBH":5,"WIRES":"Y","OWNER":"HRM","MAINTBY":"HRM","MODDATE":1761830716000,"dbhLabel":"46 to 60.9 cm","wiresLabel":"Yes"}},{"type":"Feature","id":4290,"geometry":{"type":"Point","coordinates":[-63.5800955373007,44.6418407602384]},"properties":{"OBJECTID":4290,"ASSETID":"TRE128877","TREEID":"TRE128877","ASSETCODE":"TRE","ASSETSTAT":"INS","SP_SCIEN":"Quercus rubra","SP_COMM":"Northern Red Oak","DBH":4,"WIRES":"Y","OWNER":"HRM","MAINTBY":"HRM","MODDATE":1761830716000,"dbhLabel":"31 to 45.9 cm","wiresLabel":"Yes"}},{"type":"Feature","id":4306,"geometry":{"type":"Point","coordinates":[-63.5717151288623,44.6381443348286]},"properties":{"OBJECTID":4306,"ASSETID":"TRE129837","TREEID":"TRE129837","ASSETCODE":"TRE","ASSETSTAT":"INS","SP_SCIEN":"Acer rubrum","SP_COMM":"Red Maple","DBH":4,"WIRES":"Y","OWNER":"HRM","MAINTBY":"HRM","MODDATE":1761830716000,"dbhLabel":"31 to 45.9 cm","wiresLabel":"Yes"}},{"type":"Feature","id":4328,"geometry":{"type":"Point","coordinates":[-63.5703750607491,44.6383816298115]},"properties":{"OBJECTID":4328,"ASSETID":"TRE129815","TREEID":"TRE129815","ASSETCODE":"TRE","ASSETSTAT":"INS","SP_SCIEN":"Tilia (genus)","SP_COMM":"Linden","DBH":8,"WIRES":"Y","OWNER":"HRM","MAINTBY":"HRM","MODDATE":1761830716000,"dbhLabel":"91 to 106.9 cm","wiresLabel":"Yes"}},{"type":"Feature","id":4337,"geometry":{"type":"Point","coordinates":[-63.5710889977194,44.6383064865478]},"properties":{"OBJECTID":4337,"ASSETID":"TRE129840","TREEID":"TRE129840","ASSETCODE":"TRE","ASSETSTAT":"INS","SP_SCIEN":"Tilia (genus)","SP_COMM":"Linden","DBH":6,"WIRES":"Y","OWNER":"HRM","MAINTBY":"HRM","MODDATE":1761830716000,"dbhLabel":"61 to 76.9 cm","wiresLabel":"Yes"}},{"type":"Feature","id":4339,"geometry":{"type":"Point","coordinates":[-63.6121639619275,44.6546496553136]},"properties":{"OBJECTID":4339,"ASSETID":"TRE137121","TREEID":"TRE137121","ASSETCODE":"TRE","ASSETSTAT":"INS","SP_SCIEN":"Ulmus americana","SP_COMM":"American Elm","DBH":2,"WIRES":"Y","OWNER":"HRM","MAINTBY":"HRM","MODDATE":1761830716000,"dbhLabel":"8 to 15.9 cm","wiresLabel":"Yes"}},{"type":"Feature","id":4343,"geometry":{"type":"Point","coordinates":[-63.5798600367624,44.6411277457757]},"properties":{"OBJECTID":4343,"ASSETID":"TRE128815","TREEID":"TRE128815","ASSETCODE":"TRE","ASSETSTAT":"INS","SP_SCIEN":"Ulmus americana","SP_COMM":"American Elm","DBH":6,"WIRES":"Y","OWNER":"HRM","MAINTBY":"HRM","MODDATE":1761830716000,"dbhLabel":"61 to 76.9 cm","wiresLabel":"Yes"}},{"type":"Feature","id":4355,"geometry":{"type":"Point","coordinates":[-63.579471518097,44.6419368807008]},"properties":{"OBJECTID":4355,"ASSETID":"TRE128853","TREEID":"TRE128853","ASSETCODE":"TRE","ASSETSTAT":"INS","SP_SCIEN":"Ulmus americana","SP_COMM":"American Elm","DBH":8,"WIRES":"Y","OWNER":"HRM","MAINTBY":"HRM","MODDATE":1761830716000,"dbhLabel":"91 to 106.9 cm","wiresLabel":"Yes"}},{"type":"Feature","id":4362,"geometry":{"type":"Point","coordinates":[-63.5795045302854,44.6414739101419]},"properties":{"OBJECTID":4362,"ASSETID":"TRE128864","TREEID":"TRE128864","ASSETCODE":"TRE","ASSETSTAT":"INS","SP_SCIEN":"Celtis occidentalis","SP_COMM":"Northern Hackberry","DBH":4,"WIRES":"Y","OWNER":"HRM","MAINTBY":"HRM","MODDATE":1761830716000,"dbhLabel":"31 to 45.9 cm","wiresLabel":"Yes"}},{"type":"Feature","id":4422,"geometry":{"type":"Point","coordinates":[-63.5795362884256,44.6415381726094]},"properties":{"OBJECTID":4422,"ASSETID":"TRE128863","TREEID":"TRE128863","ASSETCODE":"TRE","ASSETSTAT":"INS","SP_SCIEN":"Celtis occidentalis","SP_COMM":"Northern Hackberry","DBH":3,"WIRES":"Y","OWNER":"HRM","MAINTBY":"HRM","MODDATE":1761830716000,"dbhLabel":"16 to 30.9cm","wiresLabel":"Yes"}},{"type":"Feature","id":4435,"geometry":{"type":"Point","coordinates":[-63.5795705322043,44.6416047315281]},"properties":{"OBJECTID":4435,"ASSETID":"TRE128862","TREEID":"TRE128862","ASSETCODE":"TRE","ASSETSTAT":"INS","SP_SCIEN":"Elm (genus)","SP_COMM":"Elm","DBH":2,"WIRES":"Y","OWNER":"HRM","MAINTBY":"HRM","MODDATE":1761830716000,"dbhLabel":"8 to 15.9 cm","wiresLabel":"Yes"}},{"type":"Feature","id":4442,"geometry":{"type":"Point","coordinates":[-63.5797492008261,44.6407614165725]},"properties":{"OBJECTID":4442,"ASSETID":"TRE128810","TREEID":"TRE128810","ASSETCODE":"TRE","ASSETSTAT":"INS","SP_SCIEN":"Celtis occidentalis","SP_COMM":"Northern Hackberry","DBH":4,"WIRES":"Y","OWNER":"HRM","MAINTBY":"HRM","MODDATE":1761830716000,"dbhLabel":"31 to 45.9 cm","wiresLabel":"Yes"}},{"type":"Feature","id":4492,"geometry":{"type":"Point","coordinates":[-63.5789656255566,44.6404388649678]},"properties":{"OBJECTID":4492,"ASSETID":"TRE128847","TREEID":"TRE128847","ASSETCODE":"TRE","ASSETSTAT":"INS","SP_SCIEN":"Ulmus americana","SP_COMM":"American Elm","DBH":4,"WIRES":"Y","OWNER":"HRM","MAINTBY":"HRM","MODDATE":1761830716000,"dbhLabel":"31 to 45.9 cm","wiresLabel":"Yes"}},{"type":"Feature","id":4514,"geometry":{"type":"Point","coordinates":[-63.5711918161919,44.6381722450173]},"properties":{"OBJECTID":4514,"ASSETID":"TRE129820","TREEID":"TRE129820","ASSETCODE":"TRE","ASSETSTAT":"INS","SP_SCIEN":"Acer Platanoides","SP_COMM":"Norway Maple","DBH":3,"WIRES":"N","OWNER":"HRM","MAINTBY":"HRM","MODDATE":1761830716000,"dbhLabel":"16 to 30.9cm","wiresLabel":"No"}},{"type":"Feature","id":4516,"geometry":{"type":"Point","coordinates":[-63.5792461828945,44.640959442872]},"properties":{"OBJECTID":4516,"ASSETID":"TRE128873","TREEID":"TRE128873","ASSETCODE":"TRE","ASSETSTAT":"INS","SP_SCIEN":"Celtis occidentalis","SP_COMM":"Northern Hackberry","DBH":3,"WIRES":"Y","OWNER":"HRM","MAINTBY":"HRM","MODDATE":1761830716000,"dbhLabel":"16 to 30.9cm","wiresLabel":"Yes"}},{"type":"Feature","id":4523,"geometry":{"type":"Point","coordinates":[-63.5789969165728,44.6404983628717]},"properties":{"OBJECTID":4523,"ASSETID":"TRE128848","TREEID":"TRE128848","ASSETCODE":"TRE","ASSETSTAT":"INS","SP_SCIEN":"Ulmus americana","SP_COMM":"American Elm","DBH":4,"WIRES":"Y","OWNER":"HRM","MAINTBY":"HRM","MODDATE":1761830716000,"dbhLabel":"31 to 45.9 cm","wiresLabel":"Yes"}},{"type":"Feature","id":4559,"geometry":{"type":"Point","coordinates":[-63.5781188304506,44.6411534998851]},"properties":{"OBJECTID":4559,"ASSETID":"TRE128850","TREEID":"TRE128850","ASSETCODE":"TRE","ASSETSTAT":"INS","SP_SCIEN":"Ulmus americana","SP_COMM":"American Elm","DBH":7,"WIRES":"Y","OWNER":"HRM","MAINTBY":"HRM","MODDATE":1761830716000,"dbhLabel":"77 to 90.9 cm","wiresLabel":"Yes"}},{"type":"Feature","id":4564,"geometry":{"type":"Point","coordinates":[-63.5796760779619,44.6405420155088]},"properties":{"OBJECTID":4564,"ASSETID":"TRE128805","TREEID":"TRE128805","ASSETCODE":"TRE","ASSETSTAT":"INS","SP_SCIEN":"Ulmus americana","SP_COMM":"American Elm","DBH":4,"WIRES":"Y","OWNER":"HRM","MAINTBY":"HRM","MODDATE":1761830716000,"dbhLabel":"31 to 45.9 cm","wiresLabel":"Yes"}},{"type":"Feature","id":4592,"geometry":{"type":"Point","coordinates":[-63.5796400276713,44.6417458322971]},"properties":{"OBJECTID":4592,"ASSETID":"TRE128861","TREEID":"TRE128861","ASSETCODE":"TRE","ASSETSTAT":"INS","SP_SCIEN":"Celtis occidentalis","SP_COMM":"Northern Hackberry","DBH":3,"WIRES":"Y","OWNER":"HRM","MAINTBY":"HRM","MODDATE":1761830716000,"dbhLabel":"16 to 30.9cm","wiresLabel":"Yes"}},{"type":"Feature","id":4608,"geometry":{"type":"Point","coordinates":[-63.5799309883985,44.6413378408865]},"properties":{"OBJECTID":4608,"ASSETID":"TRE128884","TREEID":"TRE128884","ASSETCODE":"TRE","ASSETSTAT":"INS","SP_SCIEN":"Tilia (genus)","SP_COMM":"Linden","DBH":4,"WIRES":"Y","OWNER":"HRM","MAINTBY":"HRM","MODDATE":1761830716000,"dbhLabel":"31 to 45.9 cm","wiresLabel":"Yes"}},{"type":"Feature","id":4613,"geometry":{"type":"Point","coordinates":[-63.5704403431174,44.6384747153295]},"properties":{"OBJECTID":4613,"ASSETID":"TRE129843","TREEID":"TRE129843","ASSETCODE":"TRE","ASSETSTAT":"INS","SP_SCIEN":"Acer Platanoides","SP_COMM":"Norway Maple","DBH":7,"WIRES":"Y","OWNER":"HRM","MAINTBY":"HRM","MODDATE":1761830716000,"dbhLabel":"77 to 90.9 cm","wiresLabel":"Yes"}},{"type":"Feature","id":4619,"geometry":{"type":"Point","coordinates":[-63.5800692121713,44.6417843713253]},"properties":{"OBJECTID":4619,"ASSETID":"TRE128878","TREEID":"TRE128878","ASSETCODE":"TRE","ASSETSTAT":"INS","SP_SCIEN":"Ulmus americana","SP_COMM":"American Elm","DBH":5,"WIRES":"Y","OWNER":"HRM","MAINTBY":"HRM","MODDATE":1761830716000,"dbhLabel":"46 to 60.9 cm","wiresLabel":"Yes"}},{"type":"Feature","id":4641,"geometry":{"type":"Point","coordinates":[-63.5709244236644,44.6382419603454]},"properties":{"OBJECTID":4641,"ASSETID":"TRE129819","TREEID":"TRE129819","ASSETCODE":"TRE","ASSETSTAT":"INS","SP_SCIEN":"Acer Platanoides","SP_COMM":"Norway Maple","DBH":4,"WIRES":"N","OWNER":"HRM","MAINTBY":"HRM","MODDATE":1761830716000,"dbhLabel":"31 to 45.9 cm","wiresLabel":"No"}},{"type":"Feature","id":4654,"geometry":{"type":"Point","coordinates":[-63.5711499987171,44.6397606452745]},"properties":{"OBJECTID":4654,"ASSETID":"TRE128545","TREEID":"TRE128545","ASSETCODE":"TRE","ASSETSTAT":"INS","SP_SCIEN":"Tilia (genus)","SP_COMM":"Linden","DBH":4,"WIRES":"N","OWNER":"HRM","MAINTBY":"HRM","MODDATE":1761830716000,"dbhLabel":"31 to 45.9 cm","wiresLabel":"No"}},{"type":"Feature","id":4664,"geometry":{"type":"Point","coordinates":[-63.5713823722198,44.6397017327483]},"properties":{"OBJECTID":4664,"ASSETID":"TRE128546","TREEID":"TRE128546","ASSETCODE":"TRE","ASSETSTAT":"INS","SP_SCIEN":"Acer saccharum","SP_COMM":"Sugar Maple","DBH":5,"WIRES":"N","OWNER":"HRM","MAINTBY":"HRM","MODDATE":1761830716000,"dbhLabel":"46 to 60.9 cm","wiresLabel":"No"}},{"type":"Feature","id":4747,"geometry":{"type":"Point","coordinates":[-63.5794137752889,44.6413467496183]},"properties":{"OBJECTID":4747,"ASSETID":"TRE128870","TREEID":"TRE128870","ASSETCODE":"TRE","ASSETSTAT":"INS","SP_SCIEN":"Ulmus americana","SP_COMM":"American Elm","DBH":6,"WIRES":"Y","OWNER":"HRM","MAINTBY":"HRM","MODDATE":1761830716000,"dbhLabel":"61 to 76.9 cm","wiresLabel":"Yes"}},{"type":"Feature","id":4755,"geometry":{"type":"Point","coordinates":[-63.5794048505265,44.6412862171304]},"properties":{"OBJECTID":4755,"ASSETID":"TRE128866","TREEID":"TRE128866","ASSETCODE":"TRE","ASSETSTAT":"INS","SP_SCIEN":"Celtis occidentalis","SP_COMM":"Northern Hackberry","DBH":3,"WIRES":"Y","OWNER":"HRM","MAINTBY":"HRM","MODDATE":1761830716000,"dbhLabel":"16 to 30.9cm","wiresLabel":"Yes"}},{"type":"Feature","id":4770,"geometry":{"type":"Point","coordinates":[-63.5791854208487,44.640832127819]},"properties":{"OBJECTID":4770,"ASSETID":"TRE128874","TREEID":"TRE128874","ASSETCODE":"TRE","ASSETSTAT":"INS","SP_SCIEN":"Celtis occidentalis","SP_COMM":"Northern Hackberry","DBH":3,"WIRES":"Y","OWNER":"HRM","MAINTBY":"HRM","MODDATE":1761830716000,"dbhLabel":"16 to 30.9cm","wiresLabel":"Yes"}},{"type":"Feature","id":4802,"geometry":{"type":"Point","coordinates":[-63.5705802278751,44.6384324207168]},"properties":{"OBJECTID":4802,"ASSETID":"TRE129842","TREEID":"TRE129842","ASSETCODE":"TRE","ASSETSTAT":"INS","SP_SCIEN":"Ginkgo biloba","SP_COMM":"Ginkgo","DBH":3,"WIRES":"Y","OWNER":"HRM","MAINTBY":"HRM","MODDATE":1761830716000,"dbhLabel":"16 to 30.9cm","wiresLabel":"Yes"}},{"type":"Feature","id":4804,"geometry":{"type":"Point","coordinates":[-63.5790621351608,44.6406260199773]},"properties":{"OBJECTID":4804,"ASSETID":"TRE128849","TREEID":"TRE128849","ASSETCODE":"TRE","ASSETSTAT":"INS","SP_SCIEN":"Ulmus americana","SP_COMM":"American Elm","DBH":4,"WIRES":"Y","OWNER":"HRM","MAINTBY":"HRM","MODDATE":1761830716000,"dbhLabel":"31 to 45.9 cm","wiresLabel":"Yes"}},{"type":"Feature","id":4818,"geometry":{"type":"Point","coordinates":[-63.5795113520917,44.6420134656846]},"properties":{"OBJECTID":4818,"ASSETID":"TRE128852","TREEID":"TRE128852","ASSETCODE":"TRE","ASSETSTAT":"INS","SP_SCIEN":"Ulmus americana","SP_COMM":"American Elm","DBH":7,"WIRES":"Y","OWNER":"HRM","MAINTBY":"HRM","MODDATE":1761830716000,"dbhLabel":"77 to 90.9 cm","wiresLabel":"Yes"}},{"type":"Feature","id":4833,"geometry":{"type":"Point","coordinates":[-63.570924442529,44.6398180473458]},"properties":{"OBJECTID":4833,"ASSETID":"TRE128543","TREEID":"TRE128543","ASSETCODE":"TRE","ASSETSTAT":"INS","SP_SCIEN":"Acer Platanoides","SP_COMM":"Norway Maple","DBH":4,"WIRES":"Y","OWNER":"HRM","MAINTBY":"HRM","MODDATE":1761830716000,"dbhLabel":"31 to 45.9 cm","wiresLabel":"Yes"}},{"type":"Feature","id":4859,"geometry":{"type":"Point","coordinates":[-63.5704656738118,44.6393465861302]},"properties":{"OBJECTID":4859,"ASSETID":"TRE129845","TREEID":"TRE129845","ASSETCODE":"TRE","ASSETSTAT":"INS","SP_SCIEN":"Acer saccharum","SP_COMM":"Sugar Maple","DBH":2,"WIRES":"N","OWNER":"HRM","MAINTBY":"HRM","MODDATE":1761830716000,"dbhLabel":"8 to 15.9 cm","wiresLabel":"No"}},{"type":"Feature","id":4865,"geometry":{"type":"Point","coordinates":[-63.5797955170638,44.6409206719151]},"properties":{"OBJECTID":4865,"ASSETID":"TRE128812","TREEID":"TRE128812","ASSETCODE":"TRE","ASSETSTAT":"INS","SP_SCIEN":"Ulmus americana","SP_COMM":"American Elm","DBH":5,"WIRES":"Y","OWNER":"HRM","MAINTBY":"HRM","MODDATE":1761830716000,"dbhLabel":"46 to 60.9 cm","wiresLabel":"Yes"}},{"type":"Feature","id":4879,"geometry":{"type":"Point","coordinates":[-63.5712974392047,44.6397368630757]},"properties":{"OBJECTID":4879,"ASSETID":"TRE218597","TREEID":"TRE218597","ASSETCODE":"TRE","ASSETSTAT":"INS","SP_SCIEN":"Celtis occidentalis","SP_COMM":"Northern Hackberry","DBH":2,"WIRES":"N","OWNER":"HRM","MAINTBY":"HRM","MODDATE":1761830716000,"dbhLabel":"8 to 15.9 cm","wiresLabel":"No"}},{"type":"Feature","id":4901,"geometry":{"type":"Point","coordinates":[-63.5801178092315,44.6419142786485]},"properties":{"OBJECTID":4901,"ASSETID":"TRE128876","TREEID":"TRE128876","ASSETCODE":"TRE","ASSETSTAT":"INS","SP_SCIEN":"Tilia (genus)","SP_COMM":"Linden","DBH":6,"WIRES":"Y","OWNER":"HRM","MAINTBY":"HRM","MODDATE":1761830716000,"dbhLabel":"61 to 76.9 cm","wiresLabel":"Yes"}},{"type":"Feature","id":4906,"geometry":{"type":"Point","coordinates":[-63.5708004822063,44.6398511750362]},"properties":{"OBJECTID":4906,"ASSETID":"TRE128542","TREEID":"TRE128542","ASSETCODE":"TRE","ASSETSTAT":"INS","SP_SCIEN":"Acer Platanoides","SP_COMM":"Norway Maple","DBH":4,"WIRES":"Y","OWNER":"HRM","MAINTBY":"HRM","MODDATE":1761830716000,"dbhLabel":"31 to 45.9 cm","wiresLabel":"Yes"}},{"type":"Feature","id":4910,"geometry":{"type":"Point","coordinates":[-63.5796563509583,44.6404742230355]},"properties":{"OBJECTID":4910,"ASSETID":"TRE128804","TREEID":"TRE128804","ASSETCODE":"TRE","ASSETSTAT":"INS","SP_SCIEN":"Ulmus americana","SP_COMM":"American Elm","DBH":4,"WIRES":"Y","OWNER":"HRM","MAINTBY":"HRM","MODDATE":1761830716000,"dbhLabel":"31 to 45.9 cm","wiresLabel":"Yes"}},{"type":"Feature","id":4923,"geometry":{"type":"Point","coordinates":[-63.5712914061192,44.6382505697665]},"properties":{"OBJECTID":4923,"ASSETID":"TRE129839","TREEID":"TRE129839","ASSETCODE":"TRE","ASSETSTAT":"INS","SP_SCIEN":"Quercus rubra","SP_COMM":"Northern Red Oak","DBH":5,"WIRES":"Y","OWNER":"HRM","MAINTBY":"HRM","MODDATE":1761830716000,"dbhLabel":"46 to 60.9 cm","wiresLabel":"Yes"}},{"type":"Feature","id":4931,"geometry":{"type":"Point","coordinates":[-63.6113614025611,44.6551083754166]},"properties":{"OBJECTID":4931,"ASSETID":"TRE218646","TREEID":"TRE218646","ASSETCODE":"TRE","ASSETSTAT":"INS","SP_SCIEN":"Celtis occidentalis","SP_COMM":"Northern Hackberry","DBH":1,"WIRES":"Y","OWNER":"HRM","MAINTBY":"HRM","MODDATE":1761830716000,"dbhLabel":"0 to 7.9 cm","wiresLabel":"Yes"}},{"type":"Feature","id":4968,"geometry":{"type":"Point","coordinates":[-63.5702732762374,44.6384076031073]},"properties":{"OBJECTID":4968,"ASSETID":"TRE129814","TREEID":"TRE129814","ASSETCODE":"TRE","ASSETSTAT":"INS","SP_SCIEN":"Acer Platanoides","SP_COMM":"Norway Maple","DBH":4,"WIRES":"N","OWNER":"HRM","MAINTBY":"HRM","MODDATE":1761830716000,"dbhLabel":"31 to 45.9 cm","wiresLabel":"No"}},{"type":"Feature","id":4992,"geometry":{"type":"Point","coordinates":[-63.5797195618116,44.6406779293933]},"properties":{"OBJECTID":4992,"ASSETID":"TRE128807","TREEID":"TRE128807","ASSETCODE":"TRE","ASSETSTAT":"INS","SP_SCIEN":"Ginkgo biloba","SP_COMM":"Ginkgo","DBH":1,"WIRES":"N","OWNER":"HRM","MAINTBY":"HRM","MODDATE":1761830716000,"dbhLabel":"0 to 7.9 cm","wiresLabel":"No"}},{"type":"Feature","id":5042,"geometry":{"type":"Point","coordinates":[-63.5710559478018,44.6391944151095]},"properties":{"OBJECTID":5042,"ASSETID":"TRE129848","TREEID":"TRE129848","ASSETCODE":"TRE","ASSETSTAT":"INS","SP_SCIEN":"Acer Platanoides","SP_COMM":"Norway Maple","DBH":4,"WIRES":"N","OWNER":"HRM","MAINTBY":"HRM","MODDATE":1761830716000,"dbhLabel":"31 to 45.9 cm","wiresLabel":"No"}},{"type":"Feature","id":5100,"geometry":{"type":"Point","coordinates":[-63.5716685637912,44.6374432959526]},"properties":{"OBJECTID":5100,"ASSETID":"TRE129796","TREEID":"TRE129796","ASSETCODE":"TRE","ASSETSTAT":"INS","SP_SCIEN":"Fraxinus pennsylvanica","SP_COMM":"Green Ash","DBH":4,"WIRES":"N","OWNER":"HRM","MAINTBY":"HRM","MODDATE":1761830716000,"dbhLabel":"31 to 45.9 cm","wiresLabel":"No"}},{"type":"Feature","id":5109,"geometry":{"type":"Point","coordinates":[-63.5712381189549,44.6375295779405]},"properties":{"OBJECTID":5109,"ASSETID":"TRE129794","TREEID":"TRE129794","ASSETCODE":"TRE","ASSETSTAT":"INS","SP_SCIEN":"Tilia (genus)","SP_COMM":"Linden","DBH":3,"WIRES":"Y","OWNER":"HRM","MAINTBY":"HRM","MODDATE":1761830716000,"dbhLabel":"16 to 30.9cm","wiresLabel":"Yes"}},{"type":"Feature","id":5219,"geometry":{"type":"Point","coordinates":[-63.571204800441,44.6392664092054]},"properties":{"OBJECTID":5219,"ASSETID":"TRE129867","TREEID":"TRE129867","ASSETCODE":"TRE","ASSETSTAT":"INS","SP_SCIEN":"Celtis occidentalis","SP_COMM":"Northern Hackberry","DBH":2,"WIRES":"Y","OWNER":"HRM","MAINTBY":"HRM","MODDATE":1761830716000,"dbhLabel":"8 to 15.9 cm","wiresLabel":"Yes"}},{"type":"Feature","id":5245,"geometry":{"type":"Point","coordinates":[-63.5705310531981,44.6377946828953]},"properties":{"OBJECTID":5245,"ASSETID":"TRE129810","TREEID":"TRE129810","ASSETCODE":"TRE","ASSETSTAT":"INS","SP_SCIEN":"Acer Platanoides","SP_COMM":"Norway Maple","DBH":2,"WIRES":"Y","OWNER":"HRM","MAINTBY":"HRM","MODDATE":1761830716000,"dbhLabel":"8 to 15.9 cm","wiresLabel":"Yes"}},{"type":"Feature","id":5281,"geometry":{"type":"Point","coordinates":[-63.5705857668871,44.6376354183333]},"properties":{"OBJECTID":5281,"ASSETID":"TRE129792","TREEID":"TRE129792","ASSETCODE":"TRE","ASSETSTAT":"INS","SP_SCIEN":"Tilia (genus)","SP_COMM":"Linden","DBH":8,"WIRES":"N","OWNER":"HRM","MAINTBY":"HRM","MODDATE":1761830716000,"dbhLabel":"91 to 106.9 cm","wiresLabel":"No"}},{"type":"Feature","id":5329,"geometry":{"type":"Point","coordinates":[-63.5706236245882,44.6377827469693]},"properties":{"OBJECTID":5329,"ASSETID":"TRE129808","TREEID":"TRE129808","ASSETCODE":"TRE","ASSETSTAT":"INS","SP_SCIEN":"Acer Platanoides","SP_COMM":"Norway Maple","DBH":4,"WIRES":"Y","OWNER":"HRM","MAINTBY":"HRM","MODDATE":1761830716000,"dbhLabel":"31 to 45.9 cm","wiresLabel":"Yes"}},{"type":"Feature","id":5332,"geometry":{"type":"Point","coordinates":[-63.5701567988811,44.6378729672449]},"properties":{"OBJECTID":5332,"ASSETID":"TRE129811","TREEID":"TRE129811","ASSETCODE":"TRE","ASSETSTAT":"INS","SP_SCIEN":"Tilia (genus)","SP_COMM":"Linden","DBH":3,"WIRES":"Y","OWNER":"HRM","MAINTBY":"HRM","MODDATE":1761830716000,"dbhLabel":"16 to 30.9cm","wiresLabel":"Yes"}},{"type":"Feature","id":5336,"geometry":{"type":"Point","coordinates":[-63.5712031708971,44.6391607744117]},"properties":{"OBJECTID":5336,"ASSETID":"TRE129849","TREEID":"TRE129849","ASSETCODE":"TRE","ASSETSTAT":"INS","SP_SCIEN":"Tilia (genus)","SP_COMM":"Linden","DBH":7,"WIRES":"N","OWNER":"HRM","MAINTBY":"HRM","MODDATE":1761830716000,"dbhLabel":"77 to 90.9 cm","wiresLabel":"No"}},{"type":"Feature","id":5529,"geometry":{"type":"Point","coordinates":[-63.5706944783079,44.6377739546654]},"properties":{"OBJECTID":5529,"ASSETID":"TRE129807","TREEID":"TRE129807","ASSETCODE":"TRE","ASSETSTAT":"INS","SP_SCIEN":"Ulmus americana","SP_COMM":"American Elm","DBH":7,"WIRES":"Y","OWNER":"HRM","MAINTBY":"HRM","MODDATE":1761830716000,"dbhLabel":"77 to 90.9 cm","wiresLabel":"Yes"}},{"type":"Feature","id":5587,"geometry":{"type":"Point","coordinates":[-63.5698661929884,44.6381624370779]},"properties":{"OBJECTID":5587,"ASSETID":"TRE129812","TREEID":"TRE129812","ASSETCODE":"TRE","ASSETSTAT":"INS","SP_SCIEN":"Acer Platanoides","SP_COMM":"Norway Maple","DBH":4,"WIRES":"Y","OWNER":"HRM","MAINTBY":"HRM","MODDATE":1761830716000,"dbhLabel":"31 to 45.9 cm","wiresLabel":"Yes"}},{"type":"Feature","id":5670,"geometry":{"type":"Point","coordinates":[-63.5706008909233,44.6393094376407]},"properties":{"OBJECTID":5670,"ASSETID":"TRE129846","TREEID":"TRE129846","ASSETCODE":"TRE","ASSETSTAT":"INS","SP_SCIEN":"Quercus rubra","SP_COMM":"Northern Red Oak","DBH":4,"WIRES":"N","OWNER":"HRM","MAINTBY":"HRM","MODDATE":1761830716000,"dbhLabel":"31 to 45.9 cm","wiresLabel":"No"}},{"type":"Feature","id":5694,"geometry":{"type":"Point","coordinates":[-63.5713806474545,44.639222714061]},"properties":{"OBJECTID":5694,"ASSETID":"TRE129866","TREEID":"TRE129866","ASSETCODE":"TRE","ASSETSTAT":"INS","SP_SCIEN":"Ginkgo biloba","SP_COMM":"Ginkgo","DBH":2,"WIRES":"Y","OWNER":"HRM","MAINTBY":"HRM","MODDATE":1761830716000,"dbhLabel":"8 to 15.9 cm","wiresLabel":"Yes"}},{"type":"Feature","id":5721,"geometry":{"type":"Point","coordinates":[-63.5708443514332,44.639361376359]},"properties":{"OBJECTID":5721,"ASSETID":"TRE129869","TREEID":"TRE129869","ASSETCODE":"TRE","ASSETSTAT":"INS","SP_SCIEN":"Acer Platanoides","SP_COMM":"Norway Maple","DBH":5,"WIRES":"Y","OWNER":"HRM","MAINTBY":"HRM","MODDATE":1761830716000,"dbhLabel":"46 to 60.9 cm","wiresLabel":"Yes"}},{"type":"Feature","id":5767,"geometry":{"type":"Point","coordinates":[-63.5710293208384,44.6393099988503]},"properties":{"OBJECTID":5767,"ASSETID":"TRE129868","TREEID":"TRE129868","ASSETCODE":"TRE","ASSETSTAT":"INS","SP_SCIEN":"Acer Platanoides","SP_COMM":"Norway Maple","DBH":5,"WIRES":"Y","OWNER":"HRM","MAINTBY":"HRM","MODDATE":1761830716000,"dbhLabel":"46 to 60.9 cm","wiresLabel":"Yes"}},{"type":"Feature","id":5771,"geometry":{"type":"Point","coordinates":[-63.5704104912022,44.6377107689304]},"properties":{"OBJECTID":5771,"ASSETID":"TRE129791","TREEID":"TRE129791","ASSETCODE":"TRE","ASSETSTAT":"INS","SP_SCIEN":"Fraxinus pennsylvanica","SP_COMM":"Green Ash","DBH":3,"WIRES":"N","OWNER":"HRM","MAINTBY":"HRM","MODDATE":1761830716000,"dbhLabel":"16 to 30.9cm","wiresLabel":"No"}},{"type":"Feature","id":5828,"geometry":{"type":"Point","coordinates":[-63.5708540927642,44.6392462049992]},"properties":{"OBJECTID":5828,"ASSETID":"TRE129847","TREEID":"TRE129847","ASSETCODE":"TRE","ASSETSTAT":"INS","SP_SCIEN":"Acer Platanoides","SP_COMM":"Norway Maple","DBH":5,"WIRES":"N","OWNER":"HRM","MAINTBY":"HRM","MODDATE":1761830716000,"dbhLabel":"46 to 60.9 cm","wiresLabel":"No"}},{"type":"Feature","id":5880,"geometry":{"type":"Point","coordinates":[-63.5717498110188,44.6390206466013]},"properties":{"OBJECTID":5880,"ASSETID":"TRE129850","TREEID":"TRE129850","ASSETCODE":"TRE","ASSETSTAT":"INS","SP_SCIEN":"Tilia (genus)","SP_COMM":"Linden","DBH":6,"WIRES":"N","OWNER":"HRM","MAINTBY":"HRM","MODDATE":1761830716000,"dbhLabel":"61 to 76.9 cm","wiresLabel":"No"}},{"type":"Feature","id":5933,"geometry":{"type":"Point","coordinates":[-63.5716195930319,44.6375753837532]},"properties":{"OBJECTID":5933,"ASSETID":"TRE129806","TREEID":"TRE129806","ASSETCODE":"TRE","ASSETSTAT":"INS","SP_SCIEN":"Acer Platanoides","SP_COMM":"Norway Maple","DBH":4,"WIRES":"Y","OWNER":"HRM","MAINTBY":"HRM","MODDATE":1761830716000,"dbhLabel":"31 to 45.9 cm","wiresLabel":"Yes"}},{"type":"Feature","id":5948,"geometry":{"type":"Point","coordinates":[-63.5701790258962,44.6377290260033]},"properties":{"OBJECTID":5948,"ASSETID":"TRE129790","TREEID":"TRE129790","ASSETCODE":"TRE","ASSETSTAT":"INS","SP_SCIEN":"Acer Platanoides","SP_COMM":"Norway Maple","DBH":3,"WIRES":"N","OWNER":"HRM","MAINTBY":"HRM","MODDATE":1761830716000,"dbhLabel":"16 to 30.9cm","wiresLabel":"No"}},{"type":"Feature","id":5970,"geometry":{"type":"Point","coordinates":[-63.5716104895048,44.6391642842183]},"properties":{"OBJECTID":5970,"ASSETID":"TRE129865","TREEID":"TRE129865","ASSETCODE":"TRE","ASSETSTAT":"INS","SP_SCIEN":"Ginkgo biloba","SP_COMM":"Ginkgo","DBH":2,"WIRES":"Y","OWNER":"HRM","MAINTBY":"HRM","MODDATE":1761830716000,"dbhLabel":"8 to 15.9 cm","wiresLabel":"Yes"}},{"type":"Feature","id":5976,"geometry":{"type":"Point","coordinates":[-63.5916595230037,44.6470744901155]},"properties":{"OBJECTID":5976,"ASSETID":"TRE130562","TREEID":"TRE130562","ASSETCODE":"TRE","ASSETSTAT":"INS","SP_SCIEN":"Tilia (genus)","SP_COMM":"Linden","DBH":7,"WIRES":"Y","OWNER":"HRM","MAINTBY":"HRM","MODDATE":1761830716000,"dbhLabel":"77 to 90.9 cm","wiresLabel":"Yes"}},{"type":"Feature","id":5993,"geometry":{"type":"Point","coordinates":[-63.5706043602169,44.637788529882]},"properties":{"OBJECTID":5993,"ASSETID":"TRE129809","TREEID":"TRE129809","ASSETCODE":"TRE","ASSETSTAT":"INS","SP_SCIEN":"Acer Platanoides","SP_COMM":"Norway Maple","DBH":3,"WIRES":"Y","OWNER":"HRM","MAINTBY":"HRM","MODDATE":1761830716000,"dbhLabel":"16 to 30.9cm","wiresLabel":"Yes"}},{"type":"Feature","id":6130,"geometry":{"type":"Point","coordinates":[-63.5802495265067,44.640903512668]},"properties":{"OBJECTID":6130,"ASSETID":"TRE130758","TREEID":"TRE130758","ASSETCODE":"TRE","ASSETSTAT":"INS","SP_SCIEN":"Elm (genus)","SP_COMM":"Elm","DBH":7,"WIRES":"Y","OWNER":"HRM","MAINTBY":"HRM","MODDATE":1761830716000,"dbhLabel":"77 to 90.9 cm","wiresLabel":"Yes"}},{"type":"Feature","id":6345,"geometry":{"type":"Point","coordinates":[-63.5810179633671,44.6406990228336]},"properties":{"OBJECTID":6345,"ASSETID":"TRE130755","TREEID":"TRE130755","ASSETCODE":"TRE","ASSETSTAT":"INS","SP_SCIEN":"Acer Platanoides","SP_COMM":"Norway Maple","DBH":4,"WIRES":"Y","OWNER":"HRM","MAINTBY":"HRM","MODDATE":1761830716000,"dbhLabel":"31 to 45.9 cm","wiresLabel":"Yes"}},{"type":"Feature","id":6455,"geometry":{"type":"Point","coordinates":[-63.5805900472882,44.6408137279082]},"properties":{"OBJECTID":6455,"ASSETID":"TRE130756","TREEID":"TRE130756","ASSETCODE":"TRE","ASSETSTAT":"INS","SP_SCIEN":"Acer Platanoides","SP_COMM":"Norway Maple","DBH":4,"WIRES":"Y","OWNER":"HRM","MAINTBY":"HRM","MODDATE":1761830716000,"dbhLabel":"31 to 45.9 cm","wiresLabel":"Yes"}},{"type":"Feature","id":6485,"geometry":{"type":"Point","coordinates":[-63.5810655156866,44.640793759457]},"properties":{"OBJECTID":6485,"ASSETID":"TRE130760","TREEID":"TRE130760","ASSETCODE":"TRE","ASSETSTAT":"INS","SP_SCIEN":"Acer Platanoides","SP_COMM":"Norway Maple","DBH":4,"WIRES":"N","OWNER":"HRM","MAINTBY":"HRM","MODDATE":1761830716000,"dbhLabel":"31 to 45.9 cm","wiresLabel":"No"}},{"type":"Feature","id":6728,"geometry":{"type":"Point","coordinates":[-63.5805961495439,44.6409245913252]},"properties":{"OBJECTID":6728,"ASSETID":"TRE130759","TREEID":"TRE130759","ASSETCODE":"TRE","ASSETSTAT":"INS","SP_SCIEN":"Acer Platanoides","SP_COMM":"Norway Maple","DBH":5,"WIRES":"N","OWNER":"HRM","MAINTBY":"HRM","MODDATE":1761830716000,"dbhLabel":"46 to 60.9 cm","wiresLabel":"No"}},{"type":"Feature","id":7064,"geometry":{"type":"Point","coordinates":[-63.5882087984517,44.6526007651701]},"properties":{"OBJECTID":7064,"ASSETID":"TRE140760","TREEID":"TRE140760","ASSETCODE":"TRE","ASSETSTAT":"INS","SP_SCIEN":"Acer Platanoides","SP_COMM":"Norway Maple","DBH":7,"WIRES":"Y","OWNER":"HRM","MAINTBY":"HRM","MODDATE":1761830716000,"dbhLabel":"77 to 90.9 cm","wiresLabel":"Yes"}},{"type":"Feature","id":7117,"geometry":{"type":"Point","coordinates":[-63.5881311714347,44.6526545573585]},"properties":{"OBJECTID":7117,"ASSETID":"TRE140711","TREEID":"TRE140711","ASSETCODE":"TRE","ASSETSTAT":"INS","SP_SCIEN":"Acer Platanoides","SP_COMM":"Norway Maple","DBH":4,"WIRES":"Y","OWNER":"HRM","MAINTBY":"HRM","MODDATE":1761830716000,"dbhLabel":"31 to 45.9 cm","wiresLabel":"Yes"}},{"type":"Feature","id":7121,"geometry":{"type":"Point","coordinates":[-63.5917497848252,44.6566798360105]},"properties":{"OBJECTID":7121,"ASSETID":"TRE140755","TREEID":"TRE140755","ASSETCODE":"TRE","ASSETSTAT":"INS","SP_SCIEN":"Phellodendron amurense","SP_COMM":"Amur Corktree","DBH":3,"WIRES":"Y","OWNER":"HRM","MAINTBY":"HRM","MODDATE":1761830716000,"dbhLabel":"16 to 30.9cm","wiresLabel":"Yes"}},{"type":"Feature","id":7236,"geometry":{"type":"Point","coordinates":[-63.5893573879672,44.6528108129792]},"properties":{"OBJECTID":7236,"ASSETID":"TRE140700","TREEID":"TRE140700","ASSETCODE":"TRE","ASSETSTAT":"INS","SP_SCIEN":"Quercus robur","SP_COMM":"English Oak","DBH":3,"WIRES":"Y","OWNER":"HRM","MAINTBY":"HRM","MODDATE":1761830716000,"dbhLabel":"16 to 30.9cm","wiresLabel":"Yes"}},{"type":"Feature","id":7241,"geometry":{"type":"Point","coordinates":[-63.5915014617345,44.6565055511656]},"properties":{"OBJECTID":7241,"ASSETID":"TRE140690","TREEID":"TRE140690","ASSETCODE":"TRE","ASSETSTAT":"INS","SP_SCIEN":"Syringa reticulata","SP_COMM":"Japanese Tree Lilac","DBH":3,"WIRES":"Y","OWNER":"HRM","MAINTBY":"HRM","MODDATE":1761830716000,"dbhLabel":"16 to 30.9cm","wiresLabel":"Yes"}},{"type":"Feature","id":7259,"geometry":{"type":"Point","coordinates":[-63.5878680261419,44.6528484710864]},"properties":{"OBJECTID":7259,"ASSETID":"TRE140709","TREEID":"TRE140709","ASSETCODE":"TRE","ASSETSTAT":"INS","SP_SCIEN":"Acer Platanoides","SP_COMM":"Norway Maple","DBH":4,"WIRES":"Y","OWNER":"HRM","MAINTBY":"HRM","MODDATE":1761830716000,"dbhLabel":"31 to 45.9 cm","wiresLabel":"Yes"}},{"type":"Feature","id":7463,"geometry":{"type":"Point","coordinates":[-63.5863398597913,44.6529645286319]},"properties":{"OBJECTID":7463,"ASSETID":"TRE140651","TREEID":"TRE140651","ASSETCODE":"TRE","ASSETSTAT":"INS","SP_SCIEN":"Acer Platanoides","SP_COMM":"Norway Maple","DBH":5,"WIRES":"Y","OWNER":"HRM","MAINTBY":"HRM","MODDATE":1761830716000,"dbhLabel":"46 to 60.9 cm","wiresLabel":"Yes"}},{"type":"Feature","id":7494,"geometry":{"type":"Point","coordinates":[-63.5889838469125,44.6529371783296]},"properties":{"OBJECTID":7494,"ASSETID":"TRE140704","TREEID":"TRE140704","ASSETCODE":"TRE","ASSETSTAT":"INS","SP_SCIEN":"Acer Platanoides","SP_COMM":"Norway Maple","DBH":5,"WIRES":"Y","OWNER":"HRM","MAINTBY":"HRM","MODDATE":1761830716000,"dbhLabel":"46 to 60.9 cm","wiresLabel":"Yes"}},{"type":"Feature","id":7503,"geometry":{"type":"Point","coordinates":[-63.586148753096,44.6517581832945]},"properties":{"OBJECTID":7503,"ASSETID":"TRE140611","TREEID":"TRE140611","ASSETCODE":"TRE","ASSETSTAT":"INS","SP_SCIEN":"Acer Platanoides","SP_COMM":"Norway Maple","DBH":4,"WIRES":"Y","OWNER":"HRM","MAINTBY":"HRM","MODDATE":1761830716000,"dbhLabel":"31 to 45.9 cm","wiresLabel":"Yes"}},{"type":"Feature","id":7521,"geometry":{"type":"Point","coordinates":[-63.5867747935091,44.6524936573717]},"properties":{"OBJECTID":7521,"ASSETID":"TRE140754","TREEID":"TRE140754","ASSETCODE":"TRE","ASSETSTAT":"INS","SP_SCIEN":"Fagus sylvatica","SP_COMM":"European Beech","DBH":3,"WIRES":"Y","OWNER":"HRM","MAINTBY":"HRM","MODDATE":1761830716000,"dbhLabel":"16 to 30.9cm","wiresLabel":"Yes"}},{"type":"Feature","id":7546,"geometry":{"type":"Point","coordinates":[-63.5863991665663,44.6519255486938]},"properties":{"OBJECTID":7546,"ASSETID":"TRE140613","TREEID":"TRE140613","ASSETCODE":"TRE","ASSETSTAT":"INS","SP_SCIEN":"Acer Platanoides","SP_COMM":"Norway Maple","DBH":3,"WIRES":"Y","OWNER":"HRM","MAINTBY":"HRM","MODDATE":1761830716000,"dbhLabel":"16 to 30.9cm","wiresLabel":"Yes"}},{"type":"Feature","id":7584,"geometry":{"type":"Point","coordinates":[-63.5862478013393,44.6518256104635]},"properties":{"OBJECTID":7584,"ASSETID":"TRE140612","TREEID":"TRE140612","ASSETCODE":"TRE","ASSETSTAT":"INS","SP_SCIEN":"Acer Platanoides","SP_COMM":"Norway Maple","DBH":3,"WIRES":"Y","OWNER":"HRM","MAINTBY":"HRM","MODDATE":1761830716000,"dbhLabel":"16 to 30.9cm","wiresLabel":"Yes"}},{"type":"Feature","id":7632,"geometry":{"type":"Point","coordinates":[-63.5879820600807,44.6527644421395]},"properties":{"OBJECTID":7632,"ASSETID":"TRE140710","TREEID":"TRE140710","ASSETCODE":"TRE","ASSETSTAT":"INS","SP_SCIEN":"Tilia (genus)","SP_COMM":"Linden","DBH":4,"WIRES":"Y","OWNER":"HRM","MAINTBY":"HRM","MODDATE":1761830716000,"dbhLabel":"31 to 45.9 cm","wiresLabel":"Yes"}},{"type":"Feature","id":7635,"geometry":{"type":"Point","coordinates":[-63.5787629207127,44.6412280047659]},"properties":{"OBJECTID":7635,"ASSETID":"TRE134080","TREEID":"TRE134080","ASSETCODE":"TRE","ASSETSTAT":"INS","SP_SCIEN":"Pyrus calleryana","SP_COMM":"Callery Pear","DBH":1,"WIRES":"N","OWNER":"HRM","MAINTBY":"HRM","MODDATE":1761830716000,"dbhLabel":"0 to 7.9 cm","wiresLabel":"No"}},{"type":"Feature","id":7681,"geometry":{"type":"Point","coordinates":[-63.5791702105743,44.6413394848282]},"properties":{"OBJECTID":7681,"ASSETID":"TRE128858","TREEID":"TRE128858","ASSETCODE":"TRE","ASSETSTAT":"INS","SP_SCIEN":"Quercus palustris","SP_COMM":"Pin Oak","DBH":2,"WIRES":"N","OWNER":"HRM","MAINTBY":"HRM","MODDATE":1761830716000,"dbhLabel":"8 to 15.9 cm","wiresLabel":"No"}},{"type":"Feature","id":7706,"geometry":{"type":"Point","coordinates":[-63.5873823286274,44.6527138241812]},"properties":{"OBJECTID":7706,"ASSETID":"TRE140631","TREEID":"TRE140631","ASSETCODE":"TRE","ASSETSTAT":"INS","SP_SCIEN":"Tilia (genus)","SP_COMM":"Linden","DBH":7,"WIRES":"Y","OWNER":"HRM","MAINTBY":"HRM","MODDATE":1761830716000,"dbhLabel":"77 to 90.9 cm","wiresLabel":"Yes"}},{"type":"Feature","id":7712,"geometry":{"type":"Point","coordinates":[-63.5894294822603,44.6527559498999]},"properties":{"OBJECTID":7712,"ASSETID":"TRE140701","TREEID":"TRE140701","ASSETCODE":"TRE","ASSETSTAT":"INS","SP_SCIEN":"Acer Platanoides","SP_COMM":"Norway Maple","DBH":5,"WIRES":"N","OWNER":"HRM","MAINTBY":"HRM","MODDATE":1761830716000,"dbhLabel":"46 to 60.9 cm","wiresLabel":"No"}},{"type":"Feature","id":7718,"geometry":{"type":"Point","coordinates":[-63.5865310922506,44.6529666706957]},"properties":{"OBJECTID":7718,"ASSETID":"TRE140634","TREEID":"TRE140634","ASSETCODE":"TRE","ASSETSTAT":"INS","SP_SCIEN":"Acer Platanoides","SP_COMM":"Norway Maple","DBH":5,"WIRES":"Y","OWNER":"HRM","MAINTBY":"HRM","MODDATE":1761830716000,"dbhLabel":"46 to 60.9 cm","wiresLabel":"Yes"}},{"type":"Feature","id":7744,"geometry":{"type":"Point","coordinates":[-63.5914386021225,44.6564613756962]},"properties":{"OBJECTID":7744,"ASSETID":"TRE140689","TREEID":"TRE140689","ASSETCODE":"TRE","ASSETSTAT":"INS","SP_SCIEN":"Acer Platanoides","SP_COMM":"Norway Maple","DBH":4,"WIRES":"Y","OWNER":"HRM","MAINTBY":"HRM","MODDATE":1761830716000,"dbhLabel":"31 to 45.9 cm","wiresLabel":"Yes"}},{"type":"Feature","id":7762,"geometry":{"type":"Point","coordinates":[-63.5885488610924,44.6521969061459]},"properties":{"OBJECTID":7762,"ASSETID":"TRE140713","TREEID":"TRE140713","ASSETCODE":"TRE","ASSETSTAT":"INS","SP_SCIEN":"Acer Platanoides","SP_COMM":"Norway Maple","DBH":5,"WIRES":"Y","OWNER":"HRM","MAINTBY":"HRM","MODDATE":1761830716000,"dbhLabel":"46 to 60.9 cm","wiresLabel":"Yes"}},{"type":"Feature","id":7788,"geometry":{"type":"Point","coordinates":[-63.5877500755485,44.6529732195825]},"properties":{"OBJECTID":7788,"ASSETID":"TRE140627","TREEID":"TRE140627","ASSETCODE":"TRE","ASSETSTAT":"INS","SP_SCIEN":"Tilia (genus)","SP_COMM":"Linden","DBH":5,"WIRES":"Y","OWNER":"HRM","MAINTBY":"HRM","MODDATE":1761830716000,"dbhLabel":"46 to 60.9 cm","wiresLabel":"Yes"}},{"type":"Feature","id":7825,"geometry":{"type":"Point","coordinates":[-63.5864581140153,44.652917019783]},"properties":{"OBJECTID":7825,"ASSETID":"TRE140633","TREEID":"TRE140633","ASSETCODE":"TRE","ASSETSTAT":"INS","SP_SCIEN":"Acer Platanoides","SP_COMM":"Norway Maple","DBH":4,"WIRES":"Y","OWNER":"HRM","MAINTBY":"HRM","MODDATE":1761830716000,"dbhLabel":"31 to 45.9 cm","wiresLabel":"Yes"}},{"type":"Feature","id":7855,"geometry":{"type":"Point","coordinates":[-63.5890893217033,44.6528602173128]},"properties":{"OBJECTID":7855,"ASSETID":"TRE140703","TREEID":"TRE140703","ASSETCODE":"TRE","ASSETSTAT":"INS","SP_SCIEN":"Acer Platanoides","SP_COMM":"Norway Maple","DBH":4,"WIRES":"Y","OWNER":"HRM","MAINTBY":"HRM","MODDATE":1761830716000,"dbhLabel":"31 to 45.9 cm","wiresLabel":"Yes"}},{"type":"Feature","id":7894,"geometry":{"type":"Point","coordinates":[-63.587214072378,44.6525973271103]},"properties":{"OBJECTID":7894,"ASSETID":"TRE140632","TREEID":"TRE140632","ASSETCODE":"TRE","ASSETSTAT":"INS","SP_SCIEN":"Acer Platanoides","SP_COMM":"Norway Maple","DBH":3,"WIRES":"Y","OWNER":"HRM","MAINTBY":"HRM","MODDATE":1761830716000,"dbhLabel":"16 to 30.9cm","wiresLabel":"Yes"}},{"type":"Feature","id":7905,"geometry":{"type":"Point","coordinates":[-63.5915284013116,44.6565244764704]},"properties":{"OBJECTID":7905,"ASSETID":"TRE140691","TREEID":"TRE140691","ASSETCODE":"TRE","ASSETSTAT":"INS","SP_SCIEN":"Crataegus (genus)","SP_COMM":"Hawthorn","DBH":3,"WIRES":"Y","OWNER":"HRM","MAINTBY":"HRM","MODDATE":1761830716000,"dbhLabel":"16 to 30.9cm","wiresLabel":"Yes"}},{"type":"Feature","id":7933,"geometry":{"type":"Point","coordinates":[-63.5913576567289,44.6564045818096]},"properties":{"OBJECTID":7933,"ASSETID":"TRE140688","TREEID":"TRE140688","ASSETCODE":"TRE","ASSETSTAT":"INS","SP_SCIEN":"Fraxinus pennsylvanica","SP_COMM":"Green Ash","DBH":3,"WIRES":"Y","OWNER":"HRM","MAINTBY":"HRM","MODDATE":1761830716000,"dbhLabel":"16 to 30.9cm","wiresLabel":"Yes"}},{"type":"Feature","id":7972,"geometry":{"type":"Point","coordinates":[-63.5792464568807,44.6414920433108]},"properties":{"OBJECTID":7972,"ASSETID":"TRE128857","TREEID":"TRE128857","ASSETCODE":"TRE","ASSETSTAT":"INS","SP_SCIEN":"Ginkgo biloba","SP_COMM":"Ginkgo","DBH":1,"WIRES":"N","OWNER":"HRM","MAINTBY":"HRM","MODDATE":1761830716000,"dbhLabel":"0 to 7.9 cm","wiresLabel":"No"}},{"type":"Feature","id":7985,"geometry":{"type":"Point","coordinates":[-63.5863405308328,44.6520063836008]},"properties":{"OBJECTID":7985,"ASSETID":"TRE140657","TREEID":"TRE140657","ASSETCODE":"TRE","ASSETSTAT":"INS","SP_SCIEN":"Acer rubrum","SP_COMM":"Red Maple","DBH":2,"WIRES":"Y","OWNER":"HRM","MAINTBY":"HRM","MODDATE":1761830716000,"dbhLabel":"8 to 15.9 cm","wiresLabel":"Yes"}},{"type":"Feature","id":8016,"geometry":{"type":"Point","coordinates":[-63.5721798390369,44.6415750563356]},"properties":{"OBJECTID":8016,"ASSETID":"TRE132951","TREEID":"TRE132951","ASSETCODE":"TRE","ASSETSTAT":"INS","SP_SCIEN":"Quercus palustris","SP_COMM":"Pin Oak","DBH":4,"WIRES":"Y","OWNER":"HRM","MAINTBY":"HRM","MODDATE":1761830716000,"dbhLabel":"31 to 45.9 cm","wiresLabel":"Yes"}},{"type":"Feature","id":8025,"geometry":{"type":"Point","coordinates":[-63.5892906431416,44.6523304857637]},"properties":{"OBJECTID":8025,"ASSETID":"TRE141770","TREEID":"TRE141770","ASSETCODE":"TRE","ASSETSTAT":"INS","SP_SCIEN":"Fraxinus pennsylvanica","SP_COMM":"Green Ash","DBH":3,"WIRES":"Y","OWNER":"HRM","MAINTBY":"HRM","MODDATE":1761830716000,"dbhLabel":"16 to 30.9cm","wiresLabel":"Yes"}},{"type":"Feature","id":8027,"geometry":{"type":"Point","coordinates":[-63.5706415055539,44.6407053998889]},"properties":{"OBJECTID":8027,"ASSETID":"TRE132992","TREEID":"TRE132992","ASSETCODE":"TRE","ASSETSTAT":"INS","SP_SCIEN":"Ulmus americana","SP_COMM":"American Elm","DBH":5,"WIRES":"N","OWNER":"HRM","MAINTBY":"HRM","MODDATE":1761830716000,"dbhLabel":"46 to 60.9 cm","wiresLabel":"No"}},{"type":"Feature","id":8031,"geometry":{"type":"Point","coordinates":[-63.5911151187887,44.6575631343951]},"properties":{"OBJECTID":8031,"ASSETID":"TRE141353","TREEID":"TRE141353","ASSETCODE":"TRE","ASSETSTAT":"INS","SP_SCIEN":"Acer saccharum","SP_COMM":"Sugar Maple","DBH":2,"WIRES":"N","OWNER":"HRM","MAINTBY":"HRM","MODDATE":1761830716000,"dbhLabel":"8 to 15.9 cm","wiresLabel":"No"}},{"type":"Feature","id":8035,"geometry":{"type":"Point","coordinates":[-63.5707166792718,44.6408573700813]},"properties":{"OBJECTID":8035,"ASSETID":"TRE132995","TREEID":"TRE132995","ASSETCODE":"TRE","ASSETSTAT":"INS","SP_SCIEN":"Ulmus americana","SP_COMM":"American Elm","DBH":2,"WIRES":"N","OWNER":"HRM","MAINTBY":"HRM","MODDATE":1761830716000,"dbhLabel":"8 to 15.9 cm","wiresLabel":"No"}},{"type":"Feature","id":8041,"geometry":{"type":"Point","coordinates":[-63.5913725409149,44.6509461932627]},"properties":{"OBJECTID":8041,"ASSETID":"TRE141603","TREEID":"TRE141603","ASSETCODE":"TRE","ASSETSTAT":"INS","SP_SCIEN":"Tilia (genus)","SP_COMM":"Linden","DBH":4,"WIRES":"N","OWNER":"HRM","MAINTBY":"HRM","MODDATE":1761830716000,"dbhLabel":"31 to 45.9 cm","wiresLabel":"No"}},{"type":"Feature","id":8045,"geometry":{"type":"Point","coordinates":[-63.5863090619501,44.6505016051733]},"properties":{"OBJECTID":8045,"ASSETID":"TRE133363","TREEID":"TRE133363","ASSETCODE":"TRE","ASSETSTAT":"INS","SP_SCIEN":"Acer saccharinum","SP_COMM":"Silver Maple","DBH":3,"WIRES":"N","OWNER":"HRM","MAINTBY":"HRM","MODDATE":1761830716000,"dbhLabel":"16 to 30.9cm","wiresLabel":"No"}},{"type":"Feature","id":8056,"geometry":{"type":"Point","coordinates":[-63.5898426462056,44.6521033767771]},"properties":{"OBJECTID":8056,"ASSETID":"TRE141576","TREEID":"TRE141576","ASSETCODE":"TRE","ASSETSTAT":"INS","SP_SCIEN":"Hydrangea paniculata","SP_COMM":"Panicle Hydrangea","DBH":1,"WIRES":"Y","OWNER":"HRM","MAINTBY":"HRM","MODDATE":1763666432000,"dbhLabel":"0 to 7.9 cm","wiresLabel":"Yes"}},{"type":"Feature","id":8069,"geometry":{"type":"Point","coordinates":[-63.5892564640417,44.6523151205031]},"properties":{"OBJECTID":8069,"ASSETID":"TRE141769","TREEID":"TRE141769","ASSETCODE":"TRE","ASSETSTAT":"INS","SP_SCIEN":"Fraxinus pennsylvanica","SP_COMM":"Green Ash","DBH":3,"WIRES":"Y","OWNER":"HRM","MAINTBY":"HRM","MODDATE":1761830716000,"dbhLabel":"16 to 30.9cm","wiresLabel":"Yes"}},{"type":"Feature","id":8080,"geometry":{"type":"Point","coordinates":[-63.5767265989654,44.6428353808885]},"properties":{"OBJECTID":8080,"ASSETID":"TRE132934","TREEID":"TRE132934","ASSETCODE":"TRE","ASSETSTAT":"INS","SP_SCIEN":"Acer saccharum","SP_COMM":"Sugar Maple","DBH":1,"WIRES":"Y","OWNER":"HRM","MAINTBY":"HRM","MODDATE":1761830716000,"dbhLabel":"0 to 7.9 cm","wiresLabel":"Yes"}},{"type":"Feature","id":8083,"geometry":{"type":"Point","coordinates":[-63.5782209796782,44.6416673569491]},"properties":{"OBJECTID":8083,"ASSETID":"TRE132889","TREEID":"TRE132889","ASSETCODE":"TRE","ASSETSTAT":"INS","SP_SCIEN":"Acer rubrum","SP_COMM":"Red Maple","DBH":3,"WIRES":"N","OWNER":"HRM","MAINTBY":"HRM","MODDATE":1761830716000,"dbhLabel":"16 to 30.9cm","wiresLabel":"No"}},{"type":"Feature","id":8088,"geometry":{"type":"Point","coordinates":[-63.5893158274106,44.6523567141852]},"properties":{"OBJECTID":8088,"ASSETID":"TRE141772","TREEID":"TRE141772","ASSETCODE":"TRE","ASSETSTAT":"INS","SP_SCIEN":"Fraxinus pennsylvanica","SP_COMM":"Green Ash","DBH":3,"WIRES":"Y","OWNER":"HRM","MAINTBY":"HRM","MODDATE":1761830716000,"dbhLabel":"16 to 30.9cm","wiresLabel":"Yes"}},{"type":"Feature","id":8097,"geometry":{"type":"Point","coordinates":[-63.5884419220477,44.6522788596478]},"properties":{"OBJECTID":8097,"ASSETID":"TRE141776","TREEID":"TRE141776","ASSETCODE":"TRE","ASSETSTAT":"INS","SP_SCIEN":"Acer Platanoides","SP_COMM":"Norway Maple","DBH":4,"WIRES":"Y","OWNER":"HRM","MAINTBY":"HRM","MODDATE":1761830716000,"dbhLabel":"31 to 45.9 cm","wiresLabel":"Yes"}},{"type":"Feature","id":8108,"geometry":{"type":"Point","coordinates":[-63.5894832850577,44.6518637644762]},"properties":{"OBJECTID":8108,"ASSETID":"TRE141571","TREEID":"TRE141571","ASSETCODE":"TRE","ASSETSTAT":"INS","SP_SCIEN":"Malus (genus)","SP_COMM":"Apple","DBH":1,"WIRES":"Y","OWNER":"HRM","MAINTBY":"HRM","MODDATE":1763666307000,"dbhLabel":"0 to 7.9 cm","wiresLabel":"Yes"}},{"type":"Feature","id":8111,"geometry":{"type":"Point","coordinates":[-63.5724471561059,44.6415054370524]},"properties":{"OBJECTID":8111,"ASSETID":"TRE132950","TREEID":"TRE132950","ASSETCODE":"TRE","ASSETSTAT":"INS","SP_SCIEN":"Quercus rubra","SP_COMM":"Northern Red Oak","DBH":4,"WIRES":"Y","OWNER":"HRM","MAINTBY":"HRM","MODDATE":1761830716000,"dbhLabel":"31 to 45.9 cm","wiresLabel":"Yes"}},{"type":"Feature","id":8115,"geometry":{"type":"Point","coordinates":[-63.5799936683475,44.6425243456153]},"properties":{"OBJECTID":8115,"ASSETID":"TRE133537","TREEID":"TRE133537","ASSETCODE":"TRE","ASSETSTAT":"INS","SP_SCIEN":"Ulmus americana","SP_COMM":"American Elm","DBH":5,"WIRES":"Y","OWNER":"HRM","MAINTBY":"HRM","MODDATE":1761830716000,"dbhLabel":"46 to 60.9 cm","wiresLabel":"Yes"}},{"type":"Feature","id":8116,"geometry":{"type":"Point","coordinates":[-63.5779790678638,44.6411823590726]},"properties":{"OBJECTID":8116,"ASSETID":"TRE132877","TREEID":"TRE132877","ASSETCODE":"TRE","ASSETSTAT":"INS","SP_SCIEN":"Aesculus x carnea","SP_COMM":"Red Horsechestnut","DBH":6,"WIRES":"Y","OWNER":"HRM","MAINTBY":"HRM","MODDATE":1761830716000,"dbhLabel":"61 to 76.9 cm","wiresLabel":"Yes"}},{"type":"Feature","id":8120,"geometry":{"type":"Point","coordinates":[-63.5697667288252,44.6417673433622]},"properties":{"OBJECTID":8120,"ASSETID":"TRE133109","TREEID":"TRE133109","ASSETCODE":"TRE","ASSETSTAT":"INS","SP_SCIEN":"Tilia (genus)","SP_COMM":"Linden","DBH":2,"WIRES":"N","OWNER":"HRM","MAINTBY":"HRM","MODDATE":1761830716000,"dbhLabel":"8 to 15.9 cm","wiresLabel":"No"}},{"type":"Feature","id":8124,"geometry":{"type":"Point","coordinates":[-63.5800573202736,44.6426046503431]},"properties":{"OBJECTID":8124,"ASSETID":"TRE133519","TREEID":"TRE133519","ASSETCODE":"TRE","ASSETSTAT":"INS","SP_SCIEN":"Pyrus calleryana","SP_COMM":"Callery Pear","DBH":4,"WIRES":"Y","OWNER":"HRM","MAINTBY":"HRM","MODDATE":1761830716000,"dbhLabel":"31 to 45.9 cm","wiresLabel":"Yes"}},{"type":"Feature","id":8147,"geometry":{"type":"Point","coordinates":[-63.5729196852167,44.6412685210891]},"properties":{"OBJECTID":8147,"ASSETID":"TRE132957","TREEID":"TRE132957","ASSETCODE":"TRE","ASSETSTAT":"INS","SP_SCIEN":"Acer saccharum","SP_COMM":"Sugar Maple","DBH":2,"WIRES":"Y","OWNER":"HRM","MAINTBY":"HRM","MODDATE":1761830716000,"dbhLabel":"8 to 15.9 cm","wiresLabel":"Yes"}},{"type":"Feature","id":8148,"geometry":{"type":"Point","coordinates":[-63.5768962458068,44.6410701679496]},"properties":{"OBJECTID":8148,"ASSETID":"TRE132906","TREEID":"TRE132906","ASSETCODE":"TRE","ASSETSTAT":"INS","SP_SCIEN":"Crataegus (genus)","SP_COMM":"Hawthorn","DBH":4,"WIRES":"Y","OWNER":"HRM","MAINTBY":"HRM","MODDATE":1761830716000,"dbhLabel":"31 to 45.9 cm","wiresLabel":"Yes"}},{"type":"Feature","id":8154,"geometry":{"type":"Point","coordinates":[-63.5927882651414,44.6572456520535]},"properties":{"OBJECTID":8154,"ASSETID":"TRE141340","TREEID":"TRE141340","ASSETCODE":"TRE","ASSETSTAT":"INS","SP_SCIEN":"Quercus rubra","SP_COMM":"Northern Red Oak","DBH":2,"WIRES":"Y","OWNER":"HRM","MAINTBY":"HRM","MODDATE":1761830716000,"dbhLabel":"8 to 15.9 cm","wiresLabel":"Yes"}},{"type":"Feature","id":8157,"geometry":{"type":"Point","coordinates":[-63.5915846762726,44.6508930724234]},"properties":{"OBJECTID":8157,"ASSETID":"TRE141605","TREEID":"TRE141605","ASSETCODE":"TRE","ASSETSTAT":"INS","SP_SCIEN":"Tilia (genus)","SP_COMM":"Linden","DBH":7,"WIRES":"N","OWNER":"HRM","MAINTBY":"HRM","MODDATE":1761830716000,"dbhLabel":"77 to 90.9 cm","wiresLabel":"No"}},{"type":"Feature","id":8169,"geometry":{"type":"Point","coordinates":[-63.5911546617292,44.6575502012389]},"properties":{"OBJECTID":8169,"ASSETID":"TRE141354","TREEID":"TRE141354","ASSETCODE":"TRE","ASSETSTAT":"INS","SP_SCIEN":"Quercus rubra","SP_COMM":"Northern Red Oak","DBH":2,"WIRES":"N","OWNER":"HRM","MAINTBY":"HRM","MODDATE":1761830716000,"dbhLabel":"8 to 15.9 cm","wiresLabel":"No"}},{"type":"Feature","id":8172,"geometry":{"type":"Point","coordinates":[-63.5770455368239,44.6413744869695]},"properties":{"OBJECTID":8172,"ASSETID":"TRE132908","TREEID":"TRE132908","ASSETCODE":"TRE","ASSETSTAT":"INS","SP_SCIEN":"Tilia (genus)","SP_COMM":"Linden","DBH":6,"WIRES":"N","OWNER":"HRM","MAINTBY":"HRM","MODDATE":1761830716000,"dbhLabel":"61 to 76.9 cm","wiresLabel":"No"}},{"type":"Feature","id":8173,"geometry":{"type":"Point","coordinates":[-63.5864464071705,44.6504423335337]},"properties":{"OBJECTID":8173,"ASSETID":"TRE133360","TREEID":"TRE133360","ASSETCODE":"TRE","ASSETSTAT":"INS","SP_SCIEN":"Tilia (genus)","SP_COMM":"Linden","DBH":3,"WIRES":"N","OWNER":"HRM","MAINTBY":"HRM","MODDATE":1761830716000,"dbhLabel":"16 to 30.9cm","wiresLabel":"No"}},{"type":"Feature","id":8178,"geometry":{"type":"Point","coordinates":[-63.5759257428048,44.6412684948831]},"properties":{"OBJECTID":8178,"ASSETID":"TRE132914","TREEID":"TRE132914","ASSETCODE":"TRE","ASSETSTAT":"INS","SP_SCIEN":"Ulmus glabra","SP_COMM":"Wych elm","DBH":6,"WIRES":"N","OWNER":"HRM","MAINTBY":"HRM","MODDATE":1761830716000,"dbhLabel":"61 to 76.9 cm","wiresLabel":"No"}},{"type":"Feature","id":8181,"geometry":{"type":"Point","coordinates":[-63.5761255092593,44.6419703031132]},"properties":{"OBJECTID":8181,"ASSETID":"TRE132928","TREEID":"TRE132928","ASSETCODE":"TRE","ASSETSTAT":"INS","SP_SCIEN":"Acer saccharinum","SP_COMM":"Silver Maple","DBH":1,"WIRES":"Y","OWNER":"HRM","MAINTBY":"HRM","MODDATE":1761830716000,"dbhLabel":"0 to 7.9 cm","wiresLabel":"Yes"}},{"type":"Feature","id":8192,"geometry":{"type":"Point","coordinates":[-63.5877705616285,44.6527682872596]},"properties":{"OBJECTID":8192,"ASSETID":"TRE141783","TREEID":"TRE141783","ASSETCODE":"TRE","ASSETSTAT":"INS","SP_SCIEN":"Acer Platanoides","SP_COMM":"Norway Maple","DBH":4,"WIRES":"Y","OWNER":"HRM","MAINTBY":"HRM","MODDATE":1761830716000,"dbhLabel":"31 to 45.9 cm","wiresLabel":"Yes"}},{"type":"Feature","id":8212,"geometry":{"type":"Point","coordinates":[-63.5892001127239,44.6513158592239]},"properties":{"OBJECTID":8212,"ASSETID":"TRE141629","TREEID":"TRE141629","ASSETCODE":"TRE","ASSETSTAT":"INS","SP_SCIEN":"Tilia (genus)","SP_COMM":"Linden","DBH":7,"WIRES":"N","OWNER":"HRM","MAINTBY":"HRM","MODDATE":1761830716000,"dbhLabel":"77 to 90.9 cm","wiresLabel":"No"}},{"type":"Feature","id":8214,"geometry":{"type":"Point","coordinates":[-63.5778470343816,44.6409390187406]},"properties":{"OBJECTID":8214,"ASSETID":"TRE132881","TREEID":"TRE132881","ASSETCODE":"TRE","ASSETSTAT":"INS","SP_SCIEN":"Fagus sylvatica","SP_COMM":"European Beech","DBH":4,"WIRES":"N","OWNER":"HRM","MAINTBY":"HRM","MODDATE":1761830716000,"dbhLabel":"31 to 45.9 cm","wiresLabel":"No"}},{"type":"Feature","id":8224,"geometry":{"type":"Point","coordinates":[-63.5802689399983,44.6416773260048]},"properties":{"OBJECTID":8224,"ASSETID":"TRE133432","TREEID":"TRE133432","ASSETCODE":"TRE","ASSETSTAT":"INS","SP_SCIEN":"Tilia (genus)","SP_COMM":"Linden","DBH":5,"WIRES":"N","OWNER":"HRM","MAINTBY":"HRM","MODDATE":1761830716000,"dbhLabel":"46 to 60.9 cm","wiresLabel":"No"}},{"type":"Feature","id":8227,"geometry":{"type":"Point","coordinates":[-63.5803798675628,44.6419456027053]},"properties":{"OBJECTID":8227,"ASSETID":"TRE133429","TREEID":"TRE133429","ASSETCODE":"TRE","ASSETSTAT":"INS","SP_SCIEN":"Tilia (genus)","SP_COMM":"Linden","DBH":5,"WIRES":"Y","OWNER":"HRM","MAINTBY":"HRM","MODDATE":1761830716000,"dbhLabel":"46 to 60.9 cm","wiresLabel":"Yes"}},{"type":"Feature","id":8233,"geometry":{"type":"Point","coordinates":[-63.5761156421643,44.6416516130346]},"properties":{"OBJECTID":8233,"ASSETID":"TRE132919","TREEID":"TRE132919","ASSETCODE":"TRE","ASSETSTAT":"INS","SP_SCIEN":"Acer Platanoides","SP_COMM":"Norway Maple","DBH":6,"WIRES":"Y","OWNER":"HRM","MAINTBY":"HRM","MODDATE":1761830716000,"dbhLabel":"61 to 76.9 cm","wiresLabel":"Yes"}},{"type":"Feature","id":8236,"geometry":{"type":"Point","coordinates":[-63.5918546047441,44.6519677299436]},"properties":{"OBJECTID":8236,"ASSETID":"TRE141594","TREEID":"TRE141594","ASSETCODE":"TRE","ASSETSTAT":"INS","SP_SCIEN":"Acer Platanoides","SP_COMM":"Norway Maple","DBH":4,"WIRES":"N","OWNER":"HRM","MAINTBY":"HRM","MODDATE":1761830716000,"dbhLabel":"31 to 45.9 cm","wiresLabel":"No"}},{"type":"Feature","id":8240,"geometry":{"type":"Point","coordinates":[-63.5887845161409,44.6514151867544]},"properties":{"OBJECTID":8240,"ASSETID":"TRE141626","TREEID":"TRE141626","ASSETCODE":"TRE","ASSETSTAT":"INS","SP_SCIEN":"Quercus rubra","SP_COMM":"Northern Red Oak","DBH":2,"WIRES":"N","OWNER":"HRM","MAINTBY":"HRM","MODDATE":1761830716000,"dbhLabel":"8 to 15.9 cm","wiresLabel":"No"}},{"type":"Feature","id":8244,"geometry":{"type":"Point","coordinates":[-63.5882133358422,44.6524399302168]},"properties":{"OBJECTID":8244,"ASSETID":"TRE141774","TREEID":"TRE141774","ASSETCODE":"TRE","ASSETSTAT":"INS","SP_SCIEN":"Ulmus americana","SP_COMM":"American Elm","DBH":3,"WIRES":"Y","OWNER":"HRM","MAINTBY":"HRM","MODDATE":1761830716000,"dbhLabel":"16 to 30.9cm","wiresLabel":"Yes"}},{"type":"Feature","id":8245,"geometry":{"type":"Point","coordinates":[-63.5760268212405,44.6411775780782]},"properties":{"OBJECTID":8245,"ASSETID":"TRE132909","TREEID":"TRE132909","ASSETCODE":"TRE","ASSETSTAT":"INS","SP_SCIEN":"Ulmus americana","SP_COMM":"American Elm","DBH":7,"WIRES":"Y","OWNER":"HRM","MAINTBY":"HRM","MODDATE":1761830716000,"dbhLabel":"77 to 90.9 cm","wiresLabel":"Yes"}},{"type":"Feature","id":8250,"geometry":{"type":"Point","coordinates":[-63.5765038913351,44.6423855080776]},"properties":{"OBJECTID":8250,"ASSETID":"TRE132939","TREEID":"TRE132939","ASSETCODE":"TRE","ASSETSTAT":"INS","SP_SCIEN":"Acer Platanoides","SP_COMM":"Norway Maple","DBH":4,"WIRES":"N","OWNER":"HRM","MAINTBY":"HRM","MODDATE":1761830716000,"dbhLabel":"31 to 45.9 cm","wiresLabel":"No"}},{"type":"Feature","id":8251,"geometry":{"type":"Point","coordinates":[-63.57266892859,44.6414460756848]},"properties":{"OBJECTID":8251,"ASSETID":"TRE132949","TREEID":"TRE132949","ASSETCODE":"TRE","ASSETSTAT":"INS","SP_SCIEN":"Quercus robur","SP_COMM":"English Oak","DBH":4,"WIRES":"Y","OWNER":"HRM","MAINTBY":"HRM","MODDATE":1761830716000,"dbhLabel":"31 to 45.9 cm","wiresLabel":"Yes"}},{"type":"Feature","id":8254,"geometry":{"type":"Point","coordinates":[-63.5772293689619,44.6435148953385]},"properties":{"OBJECTID":8254,"ASSETID":"TRE133050","TREEID":"TRE133050","ASSETCODE":"TRE","ASSETSTAT":"INS","SP_SCIEN":"Tilia tomentosa","SP_COMM":"Silver Linden","DBH":1,"WIRES":"Y","OWNER":"HRM","MAINTBY":"HRM","MODDATE":1761830716000,"dbhLabel":"0 to 7.9 cm","wiresLabel":"Yes"}},{"type":"Feature","id":8257,"geometry":{"type":"Point","coordinates":[-63.5915500004043,44.655076596458]},"properties":{"OBJECTID":8257,"ASSETID":"TRE141669","TREEID":"TRE141669","ASSETCODE":"TRE","ASSETSTAT":"INS","SP_SCIEN":"Acer Platanoides","SP_COMM":"Norway Maple","DBH":5,"WIRES":"N","OWNER":"HRM","MAINTBY":"HRM","MODDATE":1761830716000,"dbhLabel":"46 to 60.9 cm","wiresLabel":"No"}},{"type":"Feature","id":8259,"geometry":{"type":"Point","coordinates":[-63.5908826617426,44.6553727412218]},"properties":{"OBJECTID":8259,"ASSETID":"TRE141660","TREEID":"TRE141660","ASSETCODE":"TRE","ASSETSTAT":"INS","SP_SCIEN":"Quercus rubra","SP_COMM":"Northern Red Oak","DBH":1,"WIRES":"Y","OWNER":"HRM","MAINTBY":"HRM","MODDATE":1761830716000,"dbhLabel":"0 to 7.9 cm","wiresLabel":"Yes"}},{"type":"Feature","id":8267,"geometry":{"type":"Point","coordinates":[-63.5800066247488,44.6409309133869]},"properties":{"OBJECTID":8267,"ASSETID":"TRE133433","TREEID":"TRE133433","ASSETCODE":"TRE","ASSETSTAT":"INS","SP_SCIEN":"Ulmus americana","SP_COMM":"American Elm","DBH":6,"WIRES":"Y","OWNER":"HRM","MAINTBY":"HRM","MODDATE":1761830716000,"dbhLabel":"61 to 76.9 cm","wiresLabel":"Yes"}},{"type":"Feature","id":8268,"geometry":{"type":"Point","coordinates":[-63.5866325875047,44.6505248749007]},"properties":{"OBJECTID":8268,"ASSETID":"TRE133361","TREEID":"TRE133361","ASSETCODE":"TRE","ASSETSTAT":"INS","SP_SCIEN":"Ulmus americana","SP_COMM":"American Elm","DBH":7,"WIRES":"N","OWNER":"HRM","MAINTBY":"HRM","MODDATE":1761830716000,"dbhLabel":"77 to 90.9 cm","wiresLabel":"No"}},{"type":"Feature","id":8270,"geometry":{"type":"Point","coordinates":[-63.5776859727394,44.6426177159416]},"properties":{"OBJECTID":8270,"ASSETID":"TRE132932","TREEID":"TRE132932","ASSETCODE":"TRE","ASSETSTAT":"INS","SP_SCIEN":"Syringa reticulata","SP_COMM":"Japanese Tree Lilac","DBH":3,"WIRES":"N","OWNER":"HRM","MAINTBY":"HRM","MODDATE":1761830716000,"dbhLabel":"16 to 30.9cm","wiresLabel":"No"}},{"type":"Feature","id":8271,"geometry":{"type":"Point","coordinates":[-63.5800285589131,44.6425340767579]},"properties":{"OBJECTID":8271,"ASSETID":"TRE133518","TREEID":"TRE133518","ASSETCODE":"TRE","ASSETSTAT":"INS","SP_SCIEN":"Pyrus calleryana","SP_COMM":"Callery Pear","DBH":3,"WIRES":"Y","OWNER":"HRM","MAINTBY":"HRM","MODDATE":1761830716000,"dbhLabel":"16 to 30.9cm","wiresLabel":"Yes"}},{"type":"Feature","id":8277,"geometry":{"type":"Point","coordinates":[-63.5917428767806,44.6508624350789]},"properties":{"OBJECTID":8277,"ASSETID":"TRE141604","TREEID":"TRE141604","ASSETCODE":"TRE","ASSETSTAT":"INS","SP_SCIEN":"Tilia (genus)","SP_COMM":"Linden","DBH":8,"WIRES":"N","OWNER":"HRM","MAINTBY":"HRM","MODDATE":1761830716000,"dbhLabel":"91 to 106.9 cm","wiresLabel":"No"}},{"type":"Feature","id":8278,"geometry":{"type":"Point","coordinates":[-63.5689458806579,44.6406694315491]},"properties":{"OBJECTID":8278,"ASSETID":"TRE132779","TREEID":"TRE132779","ASSETCODE":"TRE","ASSETSTAT":"INS","SP_SCIEN":"Acer Platanoides","SP_COMM":"Norway Maple","DBH":3,"WIRES":"Y","OWNER":"HRM","MAINTBY":"HRM","MODDATE":1761830716000,"dbhLabel":"16 to 30.9cm","wiresLabel":"Yes"}},{"type":"Feature","id":8281,"geometry":{"type":"Point","coordinates":[-63.5761777382083,44.643715152434]},"properties":{"OBJECTID":8281,"ASSETID":"TRE133039","TREEID":"TRE133039","ASSETCODE":"TRE","ASSETSTAT":"INS","SP_SCIEN":"Prunus serrulata","SP_COMM":"Kwanzan Cherry","DBH":2,"WIRES":"N","OWNER":"HRM","MAINTBY":"HRM","MODDATE":1763666890000,"dbhLabel":"8 to 15.9 cm","wiresLabel":"No"}},{"type":"Feature","id":8288,"geometry":{"type":"Point","coordinates":[-63.5911492152436,44.6523292722125]},"properties":{"OBJECTID":8288,"ASSETID":"TRE141588","TREEID":"TRE141588","ASSETCODE":"TRE","ASSETSTAT":"INS","SP_SCIEN":"Acer Platanoides","SP_COMM":"Norway Maple","DBH":4,"WIRES":"Y","OWNER":"HRM","MAINTBY":"HRM","MODDATE":1761830716000,"dbhLabel":"31 to 45.9 cm","wiresLabel":"Yes"}},{"type":"Feature","id":8298,"geometry":{"type":"Point","coordinates":[-63.5771005433637,44.6435779597069]},"properties":{"OBJECTID":8298,"ASSETID":"TRE133045","TREEID":"TRE133045","ASSETCODE":"TRE","ASSETSTAT":"INS","SP_SCIEN":"Tilia (genus)","SP_COMM":"Linden","DBH":2,"WIRES":"N","OWNER":"HRM","MAINTBY":"HRM","MODDATE":1761830716000,"dbhLabel":"8 to 15.9 cm","wiresLabel":"No"}},{"type":"Feature","id":8299,"geometry":{"type":"Point","coordinates":[-63.5912593280362,44.6509458865126]},"properties":{"OBJECTID":8299,"ASSETID":"TRE141601","TREEID":"TRE141601","ASSETCODE":"TRE","ASSETSTAT":"INS","SP_SCIEN":"Tilia (genus)","SP_COMM":"Linden","DBH":4,"WIRES":"N","OWNER":"HRM","MAINTBY":"HRM","MODDATE":1761830716000,"dbhLabel":"31 to 45.9 cm","wiresLabel":"No"}},{"type":"Feature","id":8303,"geometry":{"type":"Point","coordinates":[-63.5942097897897,44.6557733984184]},"properties":{"OBJECTID":8303,"ASSETID":"TRE141306","TREEID":"TRE141306","ASSETCODE":"TRE","ASSETSTAT":"INS","SP_SCIEN":"Tilia (genus)","SP_COMM":"Linden","DBH":4,"WIRES":"Y","OWNER":"HRM","MAINTBY":"HRM","MODDATE":1761830716000,"dbhLabel":"31 to 45.9 cm","wiresLabel":"Yes"}},{"type":"Feature","id":8307,"geometry":{"type":"Point","coordinates":[-63.5886906583634,44.6515233976388]},"properties":{"OBJECTID":8307,"ASSETID":"TRE141647","TREEID":"TRE141647","ASSETCODE":"TRE","ASSETSTAT":"INS","SP_SCIEN":"Fagus grandifolia","SP_COMM":"American Beech","DBH":2,"WIRES":"N","OWNER":"HRM","MAINTBY":"HRM","MODDATE":1761830716000,"dbhLabel":"8 to 15.9 cm","wiresLabel":"No"}},{"type":"Feature","id":8308,"geometry":{"type":"Point","coordinates":[-63.5801992145626,44.6428949019007]},"properties":{"OBJECTID":8308,"ASSETID":"TRE133523","TREEID":"TRE133523","ASSETCODE":"TRE","ASSETSTAT":"INS","SP_SCIEN":"Pyrus calleryana","SP_COMM":"Callery Pear","DBH":3,"WIRES":"Y","OWNER":"HRM","MAINTBY":"HRM","MODDATE":1761830716000,"dbhLabel":"16 to 30.9cm","wiresLabel":"Yes"}},{"type":"Feature","id":8313,"geometry":{"type":"Point","coordinates":[-63.5698052818222,44.6418554053805]},"properties":{"OBJECTID":8313,"ASSETID":"TRE133108","TREEID":"TRE133108","ASSETCODE":"TRE","ASSETSTAT":"INS","SP_SCIEN":"Tilia (genus)","SP_COMM":"Linden","DBH":2,"WIRES":"N","OWNER":"HRM","MAINTBY":"HRM","MODDATE":1761830716000,"dbhLabel":"8 to 15.9 cm","wiresLabel":"No"}},{"type":"Feature","id":8328,"geometry":{"type":"Point","coordinates":[-63.5898683146665,44.6510910085407]},"properties":{"OBJECTID":8328,"ASSETID":"TRE141618","TREEID":"TRE141618","ASSETCODE":"TRE","ASSETSTAT":"INS","SP_SCIEN":"Acer Platanoides","SP_COMM":"Norway Maple","DBH":5,"WIRES":"N","OWNER":"HRM","MAINTBY":"HRM","MODDATE":1761830716000,"dbhLabel":"46 to 60.9 cm","wiresLabel":"No"}},{"type":"Feature","id":8331,"geometry":{"type":"Point","coordinates":[-63.5775664662639,44.6420832978378]},"properties":{"OBJECTID":8331,"ASSETID":"TRE132930","TREEID":"TRE132930","ASSETCODE":"TRE","ASSETSTAT":"INS","SP_SCIEN":"Tilia (genus)","SP_COMM":"Linden","DBH":1,"WIRES":"Y","OWNER":"HRM","MAINTBY":"HRM","MODDATE":1761830716000,"dbhLabel":"0 to 7.9 cm","wiresLabel":"Yes"}},{"type":"Feature","id":8333,"geometry":{"type":"Point","coordinates":[-63.5758382630658,44.6411094987205]},"properties":{"OBJECTID":8333,"ASSETID":"TRE132913","TREEID":"TRE132913","ASSETCODE":"TRE","ASSETSTAT":"INS","SP_SCIEN":"Fraxinus americana","SP_COMM":"White Ash","DBH":3,"WIRES":"Y","OWNER":"HRM","MAINTBY":"HRM","MODDATE":1761830716000,"dbhLabel":"16 to 30.9cm","wiresLabel":"Yes"}},{"type":"Feature","id":8335,"geometry":{"type":"Point","coordinates":[-63.5916761553112,44.6519545571732]},"properties":{"OBJECTID":8335,"ASSETID":"TRE141585","TREEID":"TRE141585","ASSETCODE":"TRE","ASSETSTAT":"INS","SP_SCIEN":"Amelanchier (genus)","SP_COMM":"Serviceberry","DBH":2,"WIRES":"Y","OWNER":"HRM","MAINTBY":"HRM","MODDATE":1763667528000,"dbhLabel":"8 to 15.9 cm","wiresLabel":"Yes"}},{"type":"Feature","id":8340,"geometry":{"type":"Point","coordinates":[-63.5861348822098,44.6503855005206]},"properties":{"OBJECTID":8340,"ASSETID":"TRE133366","TREEID":"TRE133366","ASSETCODE":"TRE","ASSETSTAT":"INS","SP_SCIEN":"Ulmus americana","SP_COMM":"American Elm","DBH":3,"WIRES":"N","OWNER":"HRM","MAINTBY":"HRM","MODDATE":1761830716000,"dbhLabel":"16 to 30.9cm","wiresLabel":"No"}},{"type":"Feature","id":8342,"geometry":{"type":"Point","coordinates":[-63.5911172738471,44.652485380451]},"properties":{"OBJECTID":8342,"ASSETID":"TRE141595","TREEID":"TRE141595","ASSETCODE":"TRE","ASSETSTAT":"INS","SP_SCIEN":"Acer Platanoides","SP_COMM":"Norway Maple","DBH":4,"WIRES":"Y","OWNER":"HRM","MAINTBY":"HRM","MODDATE":1761830716000,"dbhLabel":"31 to 45.9 cm","wiresLabel":"Yes"}},{"type":"Feature","id":8345,"geometry":{"type":"Point","coordinates":[-63.5914798446755,44.6551283267992]},"properties":{"OBJECTID":8345,"ASSETID":"TRE141670","TREEID":"TRE141670","ASSETCODE":"TRE","ASSETSTAT":"INS","SP_SCIEN":"Acer Platanoides","SP_COMM":"Norway Maple","DBH":5,"WIRES":"N","OWNER":"HRM","MAINTBY":"HRM","MODDATE":1761830716000,"dbhLabel":"46 to 60.9 cm","wiresLabel":"No"}},{"type":"Feature","id":8350,"geometry":{"type":"Point","coordinates":[-63.5762010351169,44.6419533372034]},"properties":{"OBJECTID":8350,"ASSETID":"TRE132927","TREEID":"TRE132927","ASSETCODE":"TRE","ASSETSTAT":"INS","SP_SCIEN":"Acer saccharinum","SP_COMM":"Silver Maple","DBH":2,"WIRES":"Y","OWNER":"HRM","MAINTBY":"HRM","MODDATE":1761830716000,"dbhLabel":"8 to 15.9 cm","wiresLabel":"Yes"}},{"type":"Feature","id":8368,"geometry":{"type":"Point","coordinates":[-63.5808060337235,44.6419111627322]},"properties":{"OBJECTID":8368,"ASSETID":"TRE133438","TREEID":"TRE133438","ASSETCODE":"TRE","ASSETSTAT":"INS","SP_SCIEN":"Quercus palustris","SP_COMM":"Pin Oak","DBH":3,"WIRES":"Y","OWNER":"HRM","MAINTBY":"HRM","MODDATE":1761830716000,"dbhLabel":"16 to 30.9cm","wiresLabel":"Yes"}},{"type":"Feature","id":8375,"geometry":{"type":"Point","coordinates":[-63.572091128606,44.6414812062344]},"properties":{"OBJECTID":8375,"ASSETID":"TRE132954","TREEID":"TRE132954","ASSETCODE":"TRE","ASSETSTAT":"INS","SP_SCIEN":"Tilia (genus)","SP_COMM":"Linden","DBH":2,"WIRES":"Y","OWNER":"HRM","MAINTBY":"HRM","MODDATE":1761830716000,"dbhLabel":"8 to 15.9 cm","wiresLabel":"Yes"}},{"type":"Feature","id":8376,"geometry":{"type":"Point","coordinates":[-63.5919441479133,44.6517640299976]},"properties":{"OBJECTID":8376,"ASSETID":"TRE141583","TREEID":"TRE141583","ASSETCODE":"TRE","ASSETSTAT":"INS","SP_SCIEN":"Acer Platanoides","SP_COMM":"Norway Maple","DBH":4,"WIRES":"Y","OWNER":"HRM","MAINTBY":"HRM","MODDATE":1761830716000,"dbhLabel":"31 to 45.9 cm","wiresLabel":"Yes"}},{"type":"Feature","id":8378,"geometry":{"type":"Point","coordinates":[-63.5771665704354,44.6412953853728]},"properties":{"OBJECTID":8378,"ASSETID":"TRE132897","TREEID":"TRE132897","ASSETCODE":"TRE","ASSETSTAT":"INS","SP_SCIEN":"Tilia (genus)","SP_COMM":"Linden","DBH":3,"WIRES":"Y","OWNER":"HRM","MAINTBY":"HRM","MODDATE":1761830716000,"dbhLabel":"16 to 30.9cm","wiresLabel":"Yes"}},{"type":"Feature","id":8385,"geometry":{"type":"Point","coordinates":[-63.5766033932276,44.6425744080924]},"properties":{"OBJECTID":8385,"ASSETID":"TRE132937","TREEID":"TRE132937","ASSETCODE":"TRE","ASSETSTAT":"INS","SP_SCIEN":"Acer saccharum","SP_COMM":"Sugar Maple","DBH":1,"WIRES":"N","OWNER":"HRM","MAINTBY":"HRM","MODDATE":1761830716000,"dbhLabel":"0 to 7.9 cm","wiresLabel":"No"}},{"type":"Feature","id":8404,"geometry":{"type":"Point","coordinates":[-63.5912602541993,44.650830039653]},"properties":{"OBJECTID":8404,"ASSETID":"TRE141608","TREEID":"TRE141608","ASSETCODE":"TRE","ASSETSTAT":"INS","SP_SCIEN":"Ulmus americana","SP_COMM":"American Elm","DBH":8,"WIRES":"N","OWNER":"HRM","MAINTBY":"HRM","MODDATE":1761830716000,"dbhLabel":"91 to 106.9 cm","wiresLabel":"No"}},{"type":"Feature","id":8406,"geometry":{"type":"Point","coordinates":[-63.5890939426371,44.6522106418632]},"properties":{"OBJECTID":8406,"ASSETID":"TRE141768","TREEID":"TRE141768","ASSETCODE":"TRE","ASSETSTAT":"INS","SP_SCIEN":"Fraxinus pennsylvanica","SP_COMM":"Green Ash","DBH":3,"WIRES":"Y","OWNER":"HRM","MAINTBY":"HRM","MODDATE":1761830716000,"dbhLabel":"16 to 30.9cm","wiresLabel":"Yes"}},{"type":"Feature","id":8408,"geometry":{"type":"Point","coordinates":[-63.5914701563452,44.6509280163974]},"properties":{"OBJECTID":8408,"ASSETID":"TRE141602","TREEID":"TRE141602","ASSETCODE":"TRE","ASSETSTAT":"INS","SP_SCIEN":"Tilia (genus)","SP_COMM":"Linden","DBH":3,"WIRES":"N","OWNER":"HRM","MAINTBY":"HRM","MODDATE":1761830716000,"dbhLabel":"16 to 30.9cm","wiresLabel":"No"}},{"type":"Feature","id":8410,"geometry":{"type":"Point","coordinates":[-63.5864241424262,44.6505836946358]},"properties":{"OBJECTID":8410,"ASSETID":"TRE133362","TREEID":"TRE133362","ASSETCODE":"TRE","ASSETSTAT":"INS","SP_SCIEN":"Ginkgo biloba","SP_COMM":"Ginkgo","DBH":1,"WIRES":"N","OWNER":"HRM","MAINTBY":"HRM","MODDATE":1761830716000,"dbhLabel":"0 to 7.9 cm","wiresLabel":"No"}},{"type":"Feature","id":8423,"geometry":{"type":"Point","coordinates":[-63.5771265909137,44.6436286412439]},"properties":{"OBJECTID":8423,"ASSETID":"TRE133044","TREEID":"TRE133044","ASSETCODE":"TRE","ASSETSTAT":"INS","SP_SCIEN":"Acer Platanoides","SP_COMM":"Norway Maple","DBH":2,"WIRES":"N","OWNER":"HRM","MAINTBY":"HRM","MODDATE":1761830716000,"dbhLabel":"8 to 15.9 cm","wiresLabel":"No"}},{"type":"Feature","id":8433,"geometry":{"type":"Point","coordinates":[-63.576192849668,44.6417971430932]},"properties":{"OBJECTID":8433,"ASSETID":"TRE132921","TREEID":"TRE132921","ASSETCODE":"TRE","ASSETSTAT":"INS","SP_SCIEN":"Tilia (genus)","SP_COMM":"Linden","DBH":5,"WIRES":"N","OWNER":"HRM","MAINTBY":"HRM","MODDATE":1761830716000,"dbhLabel":"46 to 60.9 cm","wiresLabel":"No"}},{"type":"Feature","id":8435,"geometry":{"type":"Point","coordinates":[-63.5934205093198,44.657681094998]},"properties":{"OBJECTID":8435,"ASSETID":"TRE141338","TREEID":"TRE141338","ASSETCODE":"TRE","ASSETSTAT":"INS","SP_SCIEN":"Ginkgo biloba","SP_COMM":"Ginkgo","DBH":1,"WIRES":"Y","OWNER":"HRM","MAINTBY":"HRM","MODDATE":1761830716000,"dbhLabel":"0 to 7.9 cm","wiresLabel":"Yes"}},{"type":"Feature","id":8441,"geometry":{"type":"Point","coordinates":[-63.5706653666045,44.6407583779346]},"properties":{"OBJECTID":8441,"ASSETID":"TRE132993","TREEID":"TRE132993","ASSETCODE":"TRE","ASSETSTAT":"INS","SP_SCIEN":"Ulmus americana","SP_COMM":"American Elm","DBH":2,"WIRES":"N","OWNER":"HRM","MAINTBY":"HRM","MODDATE":1761830716000,"dbhLabel":"8 to 15.9 cm","wiresLabel":"No"}},{"type":"Feature","id":8448,"geometry":{"type":"Point","coordinates":[-63.5916924714117,44.6506911919572]},"properties":{"OBJECTID":8448,"ASSETID":"TRE141606","TREEID":"TRE141606","ASSETCODE":"TRE","ASSETSTAT":"INS","SP_SCIEN":"Acer saccharinum","SP_COMM":"Silver Maple","DBH":7,"WIRES":"N","OWNER":"HRM","MAINTBY":"HRM","MODDATE":1761830716000,"dbhLabel":"77 to 90.9 cm","wiresLabel":"No"}},{"type":"Feature","id":8452,"geometry":{"type":"Point","coordinates":[-63.5798387727414,44.6426811066145]},"properties":{"OBJECTID":8452,"ASSETID":"TRE133549","TREEID":"TRE133549","ASSETCODE":"TRE","ASSETSTAT":"INS","SP_SCIEN":"Tilia (genus)","SP_COMM":"Linden","DBH":3,"WIRES":"N","OWNER":"HRM","MAINTBY":"HRM","MODDATE":1761830716000,"dbhLabel":"16 to 30.9cm","wiresLabel":"No"}},{"type":"Feature","id":8453,"geometry":{"type":"Point","coordinates":[-63.579988085318,44.6408804730183]},"properties":{"OBJECTID":8453,"ASSETID":"TRE133436","TREEID":"TRE133436","ASSETCODE":"TRE","ASSETSTAT":"INS","SP_SCIEN":"Ulmus americana","SP_COMM":"American Elm","DBH":4,"WIRES":"N","OWNER":"HRM","MAINTBY":"HRM","MODDATE":1761830716000,"dbhLabel":"31 to 45.9 cm","wiresLabel":"No"}},{"type":"Feature","id":8455,"geometry":{"type":"Point","coordinates":[-63.5797426655824,44.6424681356912]},"properties":{"OBJECTID":8455,"ASSETID":"TRE133550","TREEID":"TRE133550","ASSETCODE":"TRE","ASSETSTAT":"INS","SP_SCIEN":"Ulmus americana","SP_COMM":"American Elm","DBH":7,"WIRES":"N","OWNER":"HRM","MAINTBY":"HRM","MODDATE":1761830716000,"dbhLabel":"77 to 90.9 cm","wiresLabel":"No"}},{"type":"Feature","id":8456,"geometry":{"type":"Point","coordinates":[-63.5896769609346,44.6512339925513]},"properties":{"OBJECTID":8456,"ASSETID":"TRE141635","TREEID":"TRE141635","ASSETCODE":"TRE","ASSETSTAT":"INS","SP_SCIEN":"Tilia (genus)","SP_COMM":"Linden","DBH":5,"WIRES":"N","OWNER":"HRM","MAINTBY":"HRM","MODDATE":1761830716000,"dbhLabel":"46 to 60.9 cm","wiresLabel":"No"}},{"type":"Feature","id":8459,"geometry":{"type":"Point","coordinates":[-63.5894300742501,44.6524280663208]},"properties":{"OBJECTID":8459,"ASSETID":"TRE141771","TREEID":"TRE141771","ASSETCODE":"TRE","ASSETSTAT":"INS","SP_SCIEN":"Fraxinus pennsylvanica","SP_COMM":"Green Ash","DBH":4,"WIRES":"Y","OWNER":"HRM","MAINTBY":"HRM","MODDATE":1761830716000,"dbhLabel":"31 to 45.9 cm","wiresLabel":"Yes"}},{"type":"Feature","id":8466,"geometry":{"type":"Point","coordinates":[-63.5931139080251,44.6574673018118]},"properties":{"OBJECTID":8466,"ASSETID":"TRE141335","TREEID":"TRE141335","ASSETCODE":"TRE","ASSETSTAT":"INS","SP_SCIEN":"Syringa reticulata","SP_COMM":"Japanese Tree Lilac","DBH":1,"WIRES":"Y","OWNER":"HRM","MAINTBY":"HRM","MODDATE":1763667528000,"dbhLabel":"0 to 7.9 cm","wiresLabel":"Yes"}},{"type":"Feature","id":8472,"geometry":{"type":"Point","coordinates":[-63.5802403349447,44.6429731084233]},"properties":{"OBJECTID":8472,"ASSETID":"TRE133524","TREEID":"TRE133524","ASSETCODE":"TRE","ASSETSTAT":"INS","SP_SCIEN":"Pyrus calleryana","SP_COMM":"Callery Pear","DBH":3,"WIRES":"Y","OWNER":"HRM","MAINTBY":"HRM","MODDATE":1761830716000,"dbhLabel":"16 to 30.9cm","wiresLabel":"Yes"}},{"type":"Feature","id":8477,"geometry":{"type":"Point","coordinates":[-63.5923273665185,44.6516306401525]},"properties":{"OBJECTID":8477,"ASSETID":"TRE141591","TREEID":"TRE141591","ASSETCODE":"TRE","ASSETSTAT":"INS","SP_SCIEN":"Acer Platanoides","SP_COMM":"Norway Maple","DBH":4,"WIRES":"N","OWNER":"HRM","MAINTBY":"HRM","MODDATE":1761830716000,"dbhLabel":"31 to 45.9 cm","wiresLabel":"No"}},{"type":"Feature","id":8482,"geometry":{"type":"Point","coordinates":[-63.5706984057423,44.6408207454036]},"properties":{"OBJECTID":8482,"ASSETID":"TRE132994","TREEID":"TRE132994","ASSETCODE":"TRE","ASSETSTAT":"INS","SP_SCIEN":"Tilia tomentosa","SP_COMM":"Silver Linden","DBH":2,"WIRES":"N","OWNER":"HRM","MAINTBY":"HRM","MODDATE":1761830716000,"dbhLabel":"8 to 15.9 cm","wiresLabel":"No"}},{"type":"Feature","id":8484,"geometry":{"type":"Point","coordinates":[-63.5787592618746,44.6405049419292]},"properties":{"OBJECTID":8484,"ASSETID":"TRE132893","TREEID":"TRE132893","ASSETCODE":"TRE","ASSETSTAT":"INS","SP_SCIEN":"Acer rubrum","SP_COMM":"Red Maple","DBH":2,"WIRES":"Y","OWNER":"HRM","MAINTBY":"HRM","MODDATE":1761830716000,"dbhLabel":"8 to 15.9 cm","wiresLabel":"Yes"}},{"type":"Feature","id":8489,"geometry":{"type":"Point","coordinates":[-63.5892798669515,44.651303148984]},"properties":{"OBJECTID":8489,"ASSETID":"TRE141630","TREEID":"TRE141630","ASSETCODE":"TRE","ASSETSTAT":"INS","SP_SCIEN":"Tilia (genus)","SP_COMM":"Linden","DBH":6,"WIRES":"N","OWNER":"HRM","MAINTBY":"HRM","MODDATE":1761830716000,"dbhLabel":"61 to 76.9 cm","wiresLabel":"No"}},{"type":"Feature","id":8491,"geometry":{"type":"Point","coordinates":[-63.5728770125458,44.6412773723063]},"properties":{"OBJECTID":8491,"ASSETID":"TRE132956","TREEID":"TRE132956","ASSETCODE":"TRE","ASSETSTAT":"INS","SP_SCIEN":"Pyrus calleryana","SP_COMM":"Callery Pear","DBH":2,"WIRES":"Y","OWNER":"HRM","MAINTBY":"HRM","MODDATE":1761830716000,"dbhLabel":"8 to 15.9 cm","wiresLabel":"Yes"}},{"type":"Feature","id":8492,"geometry":{"type":"Point","coordinates":[-63.577845254819,44.641391108537]},"properties":{"OBJECTID":8492,"ASSETID":"TRE132895","TREEID":"TRE132895","ASSETCODE":"TRE","ASSETSTAT":"INS","SP_SCIEN":"Acer Platanoides","SP_COMM":"Norway Maple","DBH":4,"WIRES":"N","OWNER":"HRM","MAINTBY":"HRM","MODDATE":1761830716000,"dbhLabel":"31 to 45.9 cm","wiresLabel":"No"}},{"type":"Feature","id":8501,"geometry":{"type":"Point","coordinates":[-63.5910459646815,44.6527080069698]},"properties":{"OBJECTID":8501,"ASSETID":"TRE141529","TREEID":"TRE141529","ASSETCODE":"TRE","ASSETSTAT":"INS","SP_SCIEN":"Syringa reticulata","SP_COMM":"Japanese Tree Lilac","DBH":2,"WIRES":"Y","OWNER":"HRM","MAINTBY":"HRM","MODDATE":1761830716000,"dbhLabel":"8 to 15.9 cm","wiresLabel":"Yes"}},{"type":"Feature","id":8514,"geometry":{"type":"Point","coordinates":[-63.5705098799069,44.6420173875775]},"properties":{"OBJECTID":8514,"ASSETID":"TRE132998","TREEID":"TRE132998","ASSETCODE":"TRE","ASSETSTAT":"INS","SP_SCIEN":"Ginkgo biloba","SP_COMM":"Ginkgo","DBH":2,"WIRES":"N","OWNER":"HRM","MAINTBY":"HRM","MODDATE":1761830716000,"dbhLabel":"8 to 15.9 cm","wiresLabel":"No"}},{"type":"Feature","id":8517,"geometry":{"type":"Point","coordinates":[-63.5696853657149,44.6402485351836]},"properties":{"OBJECTID":8517,"ASSETID":"TRE133646","TREEID":"TRE133646","ASSETCODE":"TRE","ASSETSTAT":"INS","SP_SCIEN":"Diospyros virginiana","SP_COMM":"Japanese Persimmon","DBH":1,"WIRES":"Y","OWNER":"HRM","MAINTBY":"HRM","MODDATE":1761830716000,"dbhLabel":"0 to 7.9 cm","wiresLabel":"Yes"}},{"type":"Feature","id":8520,"geometry":{"type":"Point","coordinates":[-63.5762549870345,44.6432879365464]},"properties":{"OBJECTID":8520,"ASSETID":"TRE132946","TREEID":"TRE132946","ASSETCODE":"TRE","ASSETSTAT":"INS","SP_SCIEN":"Betula (genus)","SP_COMM":"Birch","DBH":1,"WIRES":"N","OWNER":"HRM","MAINTBY":"HRM","MODDATE":1761830716000,"dbhLabel":"0 to 7.9 cm","wiresLabel":"No"}},{"type":"Feature","id":8524,"geometry":{"type":"Point","coordinates":[-63.5766846584214,44.6427519465477]},"properties":{"OBJECTID":8524,"ASSETID":"TRE132936","TREEID":"TRE132936","ASSETCODE":"TRE","ASSETSTAT":"INS","SP_SCIEN":"Ulmus americana","SP_COMM":"American Elm","DBH":1,"WIRES":"N","OWNER":"HRM","MAINTBY":"HRM","MODDATE":1761830716000,"dbhLabel":"0 to 7.9 cm","wiresLabel":"No"}},{"type":"Feature","id":8540,"geometry":{"type":"Point","coordinates":[-63.5766612806645,44.6427078571139]},"properties":{"OBJECTID":8540,"ASSETID":"TRE132935","TREEID":"TRE132935","ASSETCODE":"TRE","ASSETSTAT":"INS","SP_SCIEN":"Fagus sylvatica","SP_COMM":"European Beech","DBH":1,"WIRES":"N","OWNER":"HRM","MAINTBY":"HRM","MODDATE":1761830716000,"dbhLabel":"0 to 7.9 cm","wiresLabel":"No"}},{"type":"Feature","id":8542,"geometry":{"type":"Point","coordinates":[-63.5930227532783,44.6574020045714]},"properties":{"OBJECTID":8542,"ASSETID":"TRE141336","TREEID":"TRE141336","ASSETCODE":"TRE","ASSETSTAT":"INS","SP_SCIEN":"Tilia (genus)","SP_COMM":"Linden","DBH":2,"WIRES":"Y","OWNER":"HRM","MAINTBY":"HRM","MODDATE":1761830716000,"dbhLabel":"8 to 15.9 cm","wiresLabel":"Yes"}},{"type":"Feature","id":8549,"geometry":{"type":"Point","coordinates":[-63.5760336457417,44.641490960562]},"properties":{"OBJECTID":8549,"ASSETID":"TRE132918","TREEID":"TRE132918","ASSETCODE":"TRE","ASSETSTAT":"INS","SP_SCIEN":"Ulmus americana","SP_COMM":"American Elm","DBH":8,"WIRES":"N","OWNER":"HRM","MAINTBY":"HRM","MODDATE":1761830716000,"dbhLabel":"91 to 106.9 cm","wiresLabel":"No"}},{"type":"Feature","id":8552,"geometry":{"type":"Point","coordinates":[-63.5769694055019,44.643308221156]},"properties":{"OBJECTID":8552,"ASSETID":"TRE133046","TREEID":"TRE133046","ASSETCODE":"TRE","ASSETSTAT":"INS","SP_SCIEN":"Ulmus americana","SP_COMM":"American Elm","DBH":7,"WIRES":"Y","OWNER":"HRM","MAINTBY":"HRM","MODDATE":1761830716000,"dbhLabel":"77 to 90.9 cm","wiresLabel":"Yes"}},{"type":"Feature","id":8568,"geometry":{"type":"Point","coordinates":[-63.5911982219356,44.6524285967293]},"properties":{"OBJECTID":8568,"ASSETID":"TRE141596","TREEID":"TRE141596","ASSETCODE":"TRE","ASSETSTAT":"INS","SP_SCIEN":"Pyrus ussuriensis","SP_COMM":"Ussurian Pear","DBH":3,"WIRES":"Y","OWNER":"HRM","MAINTBY":"HRM","MODDATE":1763666224000,"dbhLabel":"16 to 30.9cm","wiresLabel":"Yes"}},{"type":"Feature","id":8569,"geometry":{"type":"Point","coordinates":[-63.5762785749972,44.6416673038984]},"properties":{"OBJECTID":8569,"ASSETID":"TRE132920","TREEID":"TRE132920","ASSETCODE":"TRE","ASSETSTAT":"INS","SP_SCIEN":"Ginkgo biloba","SP_COMM":"Ginkgo","DBH":3,"WIRES":"Y","OWNER":"HRM","MAINTBY":"HRM","MODDATE":1761830716000,"dbhLabel":"16 to 30.9cm","wiresLabel":"Yes"}},{"type":"Feature","id":8572,"geometry":{"type":"Point","coordinates":[-63.5878880594711,44.6526804616382]},"properties":{"OBJECTID":8572,"ASSETID":"TRE141784","TREEID":"TRE141784","ASSETCODE":"TRE","ASSETSTAT":"INS","SP_SCIEN":"Acer Platanoides","SP_COMM":"Norway Maple","DBH":5,"WIRES":"Y","OWNER":"HRM","MAINTBY":"HRM","MODDATE":1761830716000,"dbhLabel":"46 to 60.9 cm","wiresLabel":"Yes"}},{"type":"Feature","id":8578,"geometry":{"type":"Point","coordinates":[-63.5910697053578,44.6516079115097]},"properties":{"OBJECTID":8578,"ASSETID":"TRE141546","TREEID":"TRE141546","ASSETCODE":"TRE","ASSETSTAT":"INS","SP_SCIEN":"Tilia (genus)","SP_COMM":"Linden","DBH":6,"WIRES":"N","OWNER":"HRM","MAINTBY":"HRM","MODDATE":1761830716000,"dbhLabel":"61 to 76.9 cm","wiresLabel":"No"}},{"type":"Feature","id":8580,"geometry":{"type":"Point","coordinates":[-63.5862530349241,44.6504645641601]},"properties":{"OBJECTID":8580,"ASSETID":"TRE133364","TREEID":"TRE133364","ASSETCODE":"TRE","ASSETSTAT":"INS","SP_SCIEN":"Ulmus americana","SP_COMM":"American Elm","DBH":3,"WIRES":"N","OWNER":"HRM","MAINTBY":"HRM","MODDATE":1761830716000,"dbhLabel":"16 to 30.9cm","wiresLabel":"No"}},{"type":"Feature","id":8583,"geometry":{"type":"Point","coordinates":[-63.5764006335865,44.6421902331129]},"properties":{"OBJECTID":8583,"ASSETID":"TRE132940","TREEID":"TRE132940","ASSETCODE":"TRE","ASSETSTAT":"INS","SP_SCIEN":"Acer saccharinum","SP_COMM":"Silver Maple","DBH":2,"WIRES":"N","OWNER":"HRM","MAINTBY":"HRM","MODDATE":1761830716000,"dbhLabel":"8 to 15.9 cm","wiresLabel":"No"}},{"type":"Feature","id":8588,"geometry":{"type":"Point","coordinates":[-63.5910965092893,44.6508604514252]},"properties":{"OBJECTID":8588,"ASSETID":"TRE141609","TREEID":"TRE141609","ASSETCODE":"TRE","ASSETSTAT":"INS","SP_SCIEN":"Ulmus americana","SP_COMM":"American Elm","DBH":7,"WIRES":"N","OWNER":"HRM","MAINTBY":"HRM","MODDATE":1761830716000,"dbhLabel":"77 to 90.9 cm","wiresLabel":"No"}},{"type":"Feature","id":8592,"geometry":{"type":"Point","coordinates":[-63.5718188959558,44.6405482909522]},"properties":{"OBJECTID":8592,"ASSETID":"TRE132985","TREEID":"TRE132985","ASSETCODE":"TRE","ASSETSTAT":"INS","SP_SCIEN":"Tilia tomentosa","SP_COMM":"Silver Linden","DBH":7,"WIRES":"Y","OWNER":"HRM","MAINTBY":"HRM","MODDATE":1761830716000,"dbhLabel":"77 to 90.9 cm","wiresLabel":"Yes"}},{"type":"Feature","id":8595,"geometry":{"type":"Point","coordinates":[-63.5897717116375,44.6512297709235]},"properties":{"OBJECTID":8595,"ASSETID":"TRE141636","TREEID":"TRE141636","ASSETCODE":"TRE","ASSETSTAT":"INS","SP_SCIEN":"Tilia (genus)","SP_COMM":"Linden","DBH":3,"WIRES":"N","OWNER":"HRM","MAINTBY":"HRM","MODDATE":1761830716000,"dbhLabel":"16 to 30.9cm","wiresLabel":"No"}},{"type":"Feature","id":8604,"geometry":{"type":"Point","coordinates":[-63.5788371494029,44.6406611944874]},"properties":{"OBJECTID":8604,"ASSETID":"TRE132894","TREEID":"TRE132894","ASSETCODE":"TRE","ASSETSTAT":"INS","SP_SCIEN":"Ulmus americana","SP_COMM":"American Elm","DBH":5,"WIRES":"Y","OWNER":"HRM","MAINTBY":"HRM","MODDATE":1761830716000,"dbhLabel":"46 to 60.9 cm","wiresLabel":"Yes"}},{"type":"Feature","id":8605,"geometry":{"type":"Point","coordinates":[-63.5922605749805,44.6568738282944]},"properties":{"OBJECTID":8605,"ASSETID":"TRE141344","TREEID":"TRE141344","ASSETCODE":"TRE","ASSETSTAT":"INS","SP_SCIEN":"Acer rubrum","SP_COMM":"Red Maple","DBH":2,"WIRES":"Y","OWNER":"HRM","MAINTBY":"HRM","MODDATE":1761830716000,"dbhLabel":"8 to 15.9 cm","wiresLabel":"Yes"}},{"type":"Feature","id":8608,"geometry":{"type":"Point","coordinates":[-63.5731219175467,44.6412131127458]},"properties":{"OBJECTID":8608,"ASSETID":"TRE132958","TREEID":"TRE132958","ASSETCODE":"TRE","ASSETSTAT":"INS","SP_SCIEN":"Acer rubrum","SP_COMM":"Red Maple","DBH":2,"WIRES":"Y","OWNER":"HRM","MAINTBY":"HRM","MODDATE":1761830716000,"dbhLabel":"8 to 15.9 cm","wiresLabel":"Yes"}},{"type":"Feature","id":8611,"geometry":{"type":"Point","coordinates":[-63.5785764610024,44.6424080095987]},"properties":{"OBJECTID":8611,"ASSETID":"TRE132884","TREEID":"TRE132884","ASSETCODE":"TRE","ASSETSTAT":"INS","SP_SCIEN":"Quercus palustris","SP_COMM":"Pin Oak","DBH":2,"WIRES":"N","OWNER":"HRM","MAINTBY":"HRM","MODDATE":1761830716000,"dbhLabel":"8 to 15.9 cm","wiresLabel":"No"}},{"type":"Feature","id":8619,"geometry":{"type":"Point","coordinates":[-63.5759899750425,44.6414007356854]},"properties":{"OBJECTID":8619,"ASSETID":"TRE132916","TREEID":"TRE132916","ASSETCODE":"TRE","ASSETSTAT":"INS","SP_SCIEN":"Ulmus americana","SP_COMM":"American Elm","DBH":7,"WIRES":"Y","OWNER":"HRM","MAINTBY":"HRM","MODDATE":1761830716000,"dbhLabel":"77 to 90.9 cm","wiresLabel":"Yes"}},{"type":"Feature","id":8620,"geometry":{"type":"Point","coordinates":[-63.5772402538482,44.6435360248176]},"properties":{"OBJECTID":8620,"ASSETID":"TRE133049","TREEID":"TRE133049","ASSETCODE":"TRE","ASSETSTAT":"INS","SP_SCIEN":"Tilia tomentosa","SP_COMM":"Silver Linden","DBH":2,"WIRES":"Y","OWNER":"HRM","MAINTBY":"HRM","MODDATE":1761830716000,"dbhLabel":"8 to 15.9 cm","wiresLabel":"Yes"}},{"type":"Feature","id":8622,"geometry":{"type":"Point","coordinates":[-63.5921691624172,44.6527846640044]},"properties":{"OBJECTID":8622,"ASSETID":"TRE141510","TREEID":"TRE141510","ASSETCODE":"TRE","ASSETSTAT":"INS","SP_SCIEN":"Quercus rubra","SP_COMM":"Northern Red Oak","DBH":4,"WIRES":"Y","OWNER":"HRM","MAINTBY":"HRM","MODDATE":1761830716000,"dbhLabel":"31 to 45.9 cm","wiresLabel":"Yes"}},{"type":"Feature","id":8629,"geometry":{"type":"Point","coordinates":[-63.5810361003526,44.6418553977106]},"properties":{"OBJECTID":8629,"ASSETID":"TRE133446","TREEID":"TRE133446","ASSETCODE":"TRE","ASSETSTAT":"INS","SP_SCIEN":"Quercus palustris","SP_COMM":"Pin Oak","DBH":4,"WIRES":"Y","OWNER":"HRM","MAINTBY":"HRM","MODDATE":1761830716000,"dbhLabel":"31 to 45.9 cm","wiresLabel":"Yes"}},{"type":"Feature","id":8630,"geometry":{"type":"Point","coordinates":[-63.580460888415,44.6420092446639]},"properties":{"OBJECTID":8630,"ASSETID":"TRE133437","TREEID":"TRE133437","ASSETCODE":"TRE","ASSETSTAT":"INS","SP_SCIEN":"Tilia (genus)","SP_COMM":"Linden","DBH":5,"WIRES":"Y","OWNER":"HRM","MAINTBY":"HRM","MODDATE":1761830716000,"dbhLabel":"46 to 60.9 cm","wiresLabel":"Yes"}},{"type":"Feature","id":8636,"geometry":{"type":"Point","coordinates":[-63.586371576609,44.6503984640328]},"properties":{"OBJECTID":8636,"ASSETID":"TRE133359","TREEID":"TRE133359","ASSETCODE":"TRE","ASSETSTAT":"INS","SP_SCIEN":"Tilia (genus)","SP_COMM":"Linden","DBH":3,"WIRES":"N","OWNER":"HRM","MAINTBY":"HRM","MODDATE":1761830716000,"dbhLabel":"16 to 30.9cm","wiresLabel":"No"}},{"type":"Feature","id":8641,"geometry":{"type":"Point","coordinates":[-63.5800939400961,44.6426724620583]},"properties":{"OBJECTID":8641,"ASSETID":"TRE133520","TREEID":"TRE133520","ASSETCODE":"TRE","ASSETSTAT":"INS","SP_SCIEN":"Pyrus calleryana","SP_COMM":"Callery Pear","DBH":4,"WIRES":"Y","OWNER":"HRM","MAINTBY":"HRM","MODDATE":1761830716000,"dbhLabel":"31 to 45.9 cm","wiresLabel":"Yes"}},{"type":"Feature","id":8643,"geometry":{"type":"Point","coordinates":[-63.5919854506534,44.6525106457607]},"properties":{"OBJECTID":8643,"ASSETID":"TRE141504","TREEID":"TRE141504","ASSETCODE":"TRE","ASSETSTAT":"INS","SP_SCIEN":"Cartaegus laevigata","SP_COMM":"English Hawthorn","DBH":4,"WIRES":"Y","OWNER":"HRM","MAINTBY":"HRM","MODDATE":1761830716000,"dbhLabel":"31 to 45.9 cm","wiresLabel":"Yes"}},{"type":"Feature","id":8650,"geometry":{"type":"Point","coordinates":[-63.5706525404588,44.6419802363238]},"properties":{"OBJECTID":8650,"ASSETID":"TRE132999","TREEID":"TRE132999","ASSETCODE":"TRE","ASSETSTAT":"INS","SP_SCIEN":"Acer saccharinum","SP_COMM":"Silver Maple","DBH":2,"WIRES":"N","OWNER":"HRM","MAINTBY":"HRM","MODDATE":1761830716000,"dbhLabel":"8 to 15.9 cm","wiresLabel":"No"}},{"type":"Feature","id":8655,"geometry":{"type":"Point","coordinates":[-63.5894416149066,44.6512796443951]},"properties":{"OBJECTID":8655,"ASSETID":"TRE141632","TREEID":"TRE141632","ASSETCODE":"TRE","ASSETSTAT":"INS","SP_SCIEN":"Tilia (genus)","SP_COMM":"Linden","DBH":6,"WIRES":"N","OWNER":"HRM","MAINTBY":"HRM","MODDATE":1761830716000,"dbhLabel":"61 to 76.9 cm","wiresLabel":"No"}},{"type":"Feature","id":8658,"geometry":{"type":"Point","coordinates":[-63.5695427294175,44.6402843983197]},"properties":{"OBJECTID":8658,"ASSETID":"TRE133648","TREEID":"TRE133648","ASSETCODE":"TRE","ASSETSTAT":"INS","SP_SCIEN":"Cornus florida","SP_COMM":"Flowering Dogwood","DBH":1,"WIRES":"Y","OWNER":"HRM","MAINTBY":"HRM","MODDATE":1761830716000,"dbhLabel":"0 to 7.9 cm","wiresLabel":"Yes"}},{"type":"Feature","id":8664,"geometry":{"type":"Point","coordinates":[-63.5925317799581,44.6530348326335]},"properties":{"OBJECTID":8664,"ASSETID":"TRE141512","TREEID":"TRE141512","ASSETCODE":"TRE","ASSETSTAT":"INS","SP_SCIEN":"Acer Platanoides","SP_COMM":"Norway Maple","DBH":5,"WIRES":"Y","OWNER":"HRM","MAINTBY":"HRM","MODDATE":1761830716000,"dbhLabel":"46 to 60.9 cm","wiresLabel":"Yes"}},{"type":"Feature","id":8668,"geometry":{"type":"Point","coordinates":[-63.5892065168136,44.6511886359174]},"properties":{"OBJECTID":8668,"ASSETID":"TRE141623","TREEID":"TRE141623","ASSETCODE":"TRE","ASSETSTAT":"INS","SP_SCIEN":"Celtis occidentalis","SP_COMM":"Northern Hackberry","DBH":2,"WIRES":"N","OWNER":"HRM","MAINTBY":"HRM","MODDATE":1761830716000,"dbhLabel":"8 to 15.9 cm","wiresLabel":"No"}},{"type":"Feature","id":8674,"geometry":{"type":"Point","coordinates":[-63.5755009465749,44.6420279503537]},"properties":{"OBJECTID":8674,"ASSETID":"TRE132925","TREEID":"TRE132925","ASSETCODE":"TRE","ASSETSTAT":"INS","SP_SCIEN":"Acer Platanoides","SP_COMM":"Norway Maple","DBH":5,"WIRES":"N","OWNER":"HRM","MAINTBY":"HRM","MODDATE":1761830716000,"dbhLabel":"46 to 60.9 cm","wiresLabel":"No"}},{"type":"Feature","id":8691,"geometry":{"type":"Point","coordinates":[-63.5785397306871,44.6423313861471]},"properties":{"OBJECTID":8691,"ASSETID":"TRE132885","TREEID":"TRE132885","ASSETCODE":"TRE","ASSETSTAT":"INS","SP_SCIEN":"Quercus palustris","SP_COMM":"Pin Oak","DBH":2,"WIRES":"N","OWNER":"HRM","MAINTBY":"HRM","MODDATE":1761830716000,"dbhLabel":"8 to 15.9 cm","wiresLabel":"No"}},{"type":"Feature","id":8704,"geometry":{"type":"Point","coordinates":[-63.5801231164782,44.6427406897829]},"properties":{"OBJECTID":8704,"ASSETID":"TRE133521","TREEID":"TRE133521","ASSETCODE":"TRE","ASSETSTAT":"INS","SP_SCIEN":"Pyrus calleryana","SP_COMM":"Callery Pear","DBH":3,"WIRES":"Y","OWNER":"HRM","MAINTBY":"HRM","MODDATE":1761830716000,"dbhLabel":"16 to 30.9cm","wiresLabel":"Yes"}},{"type":"Feature","id":8705,"geometry":{"type":"Point","coordinates":[-63.5777423141757,44.6407460277935]},"properties":{"OBJECTID":8705,"ASSETID":"TRE132882","TREEID":"TRE132882","ASSETCODE":"TRE","ASSETSTAT":"INS","SP_SCIEN":"Acer Platanoides","SP_COMM":"Norway Maple","DBH":6,"WIRES":"Y","OWNER":"HRM","MAINTBY":"HRM","MODDATE":1761830716000,"dbhLabel":"61 to 76.9 cm","wiresLabel":"Yes"}},{"type":"Feature","id":8715,"geometry":{"type":"Point","coordinates":[-63.5910617381996,44.6553948574919]},"properties":{"OBJECTID":8715,"ASSETID":"TRE141667","TREEID":"TRE141667","ASSETCODE":"TRE","ASSETSTAT":"INS","SP_SCIEN":"Quercus rubra","SP_COMM":"Northern Red Oak","DBH":3,"WIRES":"N","OWNER":"HRM","MAINTBY":"HRM","MODDATE":1761830716000,"dbhLabel":"16 to 30.9cm","wiresLabel":"No"}},{"type":"Feature","id":8720,"geometry":{"type":"Point","coordinates":[-63.5765618892648,44.6425175271033]},"properties":{"OBJECTID":8720,"ASSETID":"TRE132938","TREEID":"TRE132938","ASSETCODE":"TRE","ASSETSTAT":"INS","SP_SCIEN":"Ginkgo biloba","SP_COMM":"Ginkgo","DBH":1,"WIRES":"N","OWNER":"HRM","MAINTBY":"HRM","MODDATE":1761830716000,"dbhLabel":"0 to 7.9 cm","wiresLabel":"No"}},{"type":"Feature","id":8721,"geometry":{"type":"Point","coordinates":[-63.5913189123907,44.6522086039365]},"properties":{"OBJECTID":8721,"ASSETID":"TRE141587","TREEID":"TRE141587","ASSETCODE":"TRE","ASSETSTAT":"INS","SP_SCIEN":"Acer Platanoides","SP_COMM":"Norway Maple","DBH":4,"WIRES":"Y","OWNER":"HRM","MAINTBY":"HRM","MODDATE":1761830716000,"dbhLabel":"31 to 45.9 cm","wiresLabel":"Yes"}},{"type":"Feature","id":8727,"geometry":{"type":"Point","coordinates":[-63.5783394728541,44.6419142409379]},"properties":{"OBJECTID":8727,"ASSETID":"TRE132887","TREEID":"TRE132887","ASSETCODE":"TRE","ASSETSTAT":"INS","SP_SCIEN":"Quercus palustris","SP_COMM":"Pin Oak","DBH":3,"WIRES":"N","OWNER":"HRM","MAINTBY":"HRM","MODDATE":1761830716000,"dbhLabel":"16 to 30.9cm","wiresLabel":"No"}},{"type":"Feature","id":8743,"geometry":{"type":"Point","coordinates":[-63.5727843665955,44.641414685524]},"properties":{"OBJECTID":8743,"ASSETID":"TRE132948","TREEID":"TRE132948","ASSETCODE":"TRE","ASSETSTAT":"INS","SP_SCIEN":"Tilia (genus)","SP_COMM":"Linden","DBH":7,"WIRES":"N","OWNER":"HRM","MAINTBY":"HRM","MODDATE":1761830716000,"dbhLabel":"77 to 90.9 cm","wiresLabel":"No"}},{"type":"Feature","id":8744,"geometry":{"type":"Point","coordinates":[-63.5719711675829,44.640507400207]},"properties":{"OBJECTID":8744,"ASSETID":"TRE132984","TREEID":"TRE132984","ASSETCODE":"TRE","ASSETSTAT":"INS","SP_SCIEN":"Tilia tomentosa","SP_COMM":"Silver Linden","DBH":5,"WIRES":"Y","OWNER":"HRM","MAINTBY":"HRM","MODDATE":1761830716000,"dbhLabel":"46 to 60.9 cm","wiresLabel":"Yes"}},{"type":"Feature","id":8752,"geometry":{"type":"Point","coordinates":[-63.5770674027162,44.641105273799]},"properties":{"OBJECTID":8752,"ASSETID":"TRE132898","TREEID":"TRE132898","ASSETCODE":"TRE","ASSETSTAT":"INS","SP_SCIEN":"Acer Platanoides","SP_COMM":"Norway Maple","DBH":3,"WIRES":"Y","OWNER":"HRM","MAINTBY":"HRM","MODDATE":1761830716000,"dbhLabel":"16 to 30.9cm","wiresLabel":"Yes"}},{"type":"Feature","id":8760,"geometry":{"type":"Point","coordinates":[-63.5897689017073,44.652054226141]},"properties":{"OBJECTID":8760,"ASSETID":"TRE141574","TREEID":"TRE141574","ASSETCODE":"TRE","ASSETSTAT":"INS","SP_SCIEN":"Malus (genus)","SP_COMM":"Apple","DBH":1,"WIRES":"Y","OWNER":"HRM","MAINTBY":"HRM","MODDATE":1761830716000,"dbhLabel":"0 to 7.9 cm","wiresLabel":"Yes"}},{"type":"Feature","id":8762,"geometry":{"type":"Point","coordinates":[-63.5801618033243,44.6428212709642]},"properties":{"OBJECTID":8762,"ASSETID":"TRE133522","TREEID":"TRE133522","ASSETCODE":"TRE","ASSETSTAT":"INS","SP_SCIEN":"Pyrus calleryana","SP_COMM":"Callery Pear","DBH":3,"WIRES":"Y","OWNER":"HRM","MAINTBY":"HRM","MODDATE":1761830716000,"dbhLabel":"16 to 30.9cm","wiresLabel":"Yes"}},{"type":"Feature","id":8764,"geometry":{"type":"Point","coordinates":[-63.5801383995162,44.6413268222574]},"properties":{"OBJECTID":8764,"ASSETID":"TRE133431","TREEID":"TRE133431","ASSETCODE":"TRE","ASSETSTAT":"INS","SP_SCIEN":"Tilia (genus)","SP_COMM":"Linden","DBH":6,"WIRES":"N","OWNER":"HRM","MAINTBY":"HRM","MODDATE":1761830716000,"dbhLabel":"61 to 76.9 cm","wiresLabel":"No"}},{"type":"Feature","id":8768,"geometry":{"type":"Point","coordinates":[-63.591854775424,44.6518275416819]},"properties":{"OBJECTID":8768,"ASSETID":"TRE141584","TREEID":"TRE141584","ASSETCODE":"TRE","ASSETSTAT":"INS","SP_SCIEN":"Acer Platanoides","SP_COMM":"Norway Maple","DBH":4,"WIRES":"Y","OWNER":"HRM","MAINTBY":"HRM","MODDATE":1761830716000,"dbhLabel":"31 to 45.9 cm","wiresLabel":"Yes"}},{"type":"Feature","id":8769,"geometry":{"type":"Point","coordinates":[-63.5889594387879,44.6512266868215]},"properties":{"OBJECTID":8769,"ASSETID":"TRE141625","TREEID":"TRE141625","ASSETCODE":"TRE","ASSETSTAT":"INS","SP_SCIEN":"Acer rubrum","SP_COMM":"Red Maple","DBH":3,"WIRES":"N","OWNER":"HRM","MAINTBY":"HRM","MODDATE":1761830716000,"dbhLabel":"16 to 30.9cm","wiresLabel":"No"}},{"type":"Feature","id":8775,"geometry":{"type":"Point","coordinates":[-63.5909851622115,44.6554459153074]},"properties":{"OBJECTID":8775,"ASSETID":"TRE141666","TREEID":"TRE141666","ASSETCODE":"TRE","ASSETSTAT":"INS","SP_SCIEN":"Quercus rubra","SP_COMM":"Northern Red Oak","DBH":3,"WIRES":"N","OWNER":"HRM","MAINTBY":"HRM","MODDATE":1761830716000,"dbhLabel":"16 to 30.9cm","wiresLabel":"No"}},{"type":"Feature","id":8791,"geometry":{"type":"Point","coordinates":[-63.58911735453,44.6513513244147]},"properties":{"OBJECTID":8791,"ASSETID":"TRE141628","TREEID":"TRE141628","ASSETCODE":"TRE","ASSETSTAT":"INS","SP_SCIEN":"Tilia (genus)","SP_COMM":"Linden","DBH":4,"WIRES":"N","OWNER":"HRM","MAINTBY":"HRM","MODDATE":1761830716000,"dbhLabel":"31 to 45.9 cm","wiresLabel":"No"}},{"type":"Feature","id":8795,"geometry":{"type":"Point","coordinates":[-63.5932537559519,44.6577092187947]},"properties":{"OBJECTID":8795,"ASSETID":"TRE141333","TREEID":"TRE141333","ASSETCODE":"TRE","ASSETSTAT":"INS","SP_SCIEN":"Acer Platanoides","SP_COMM":"Norway Maple","DBH":5,"WIRES":"N","OWNER":"HRM","MAINTBY":"HRM","MODDATE":1761830716000,"dbhLabel":"46 to 60.9 cm","wiresLabel":"No"}},{"type":"Feature","id":8800,"geometry":{"type":"Point","coordinates":[-63.5919697049831,44.6526470741534]},"properties":{"OBJECTID":8800,"ASSETID":"TRE141508","TREEID":"TRE141508","ASSETCODE":"TRE","ASSETSTAT":"INS","SP_SCIEN":"Acer Platanoides","SP_COMM":"Norway Maple","DBH":5,"WIRES":"Y","OWNER":"HRM","MAINTBY":"HRM","MODDATE":1761830716000,"dbhLabel":"46 to 60.9 cm","wiresLabel":"Yes"}},{"type":"Feature","id":8804,"geometry":{"type":"Point","coordinates":[-63.5907587202846,44.6577124201257]},"properties":{"OBJECTID":8804,"ASSETID":"TRE141355","TREEID":"TRE141355","ASSETCODE":"TRE","ASSETSTAT":"INS","SP_SCIEN":"Fagus sylvatica","SP_COMM":"European Beech","DBH":2,"WIRES":"N","OWNER":"HRM","MAINTBY":"HRM","MODDATE":1761830716000,"dbhLabel":"8 to 15.9 cm","wiresLabel":"No"}},{"type":"Feature","id":8809,"geometry":{"type":"Point","coordinates":[-63.5913717674654,44.6529335504947]},"properties":{"OBJECTID":8809,"ASSETID":"TRE141532","TREEID":"TRE141532","ASSETCODE":"TRE","ASSETSTAT":"INS","SP_SCIEN":"Tilia (genus)","SP_COMM":"Linden","DBH":6,"WIRES":"Y","OWNER":"HRM","MAINTBY":"HRM","MODDATE":1761830716000,"dbhLabel":"61 to 76.9 cm","wiresLabel":"Yes"}},{"type":"Feature","id":8810,"geometry":{"type":"Point","coordinates":[-63.5698689633927,44.6419486936924]},"properties":{"OBJECTID":8810,"ASSETID":"TRE133107","TREEID":"TRE133107","ASSETCODE":"TRE","ASSETSTAT":"INS","SP_SCIEN":"Tilia (genus)","SP_COMM":"Linden","DBH":2,"WIRES":"N","OWNER":"HRM","MAINTBY":"HRM","MODDATE":1761830716000,"dbhLabel":"8 to 15.9 cm","wiresLabel":"No"}},{"type":"Feature","id":8819,"geometry":{"type":"Point","coordinates":[-63.5763308030479,44.6420532317237]},"properties":{"OBJECTID":8819,"ASSETID":"TRE132942","TREEID":"TRE132942","ASSETCODE":"TRE","ASSETSTAT":"INS","SP_SCIEN":"Acer saccharinum","SP_COMM":"Silver Maple","DBH":1,"WIRES":"N","OWNER":"HRM","MAINTBY":"HRM","MODDATE":1761830716000,"dbhLabel":"0 to 7.9 cm","wiresLabel":"No"}},{"type":"Feature","id":8822,"geometry":{"type":"Point","coordinates":[-63.5915100208826,44.650789197055]},"properties":{"OBJECTID":8822,"ASSETID":"TRE141607","TREEID":"TRE141607","ASSETCODE":"TRE","ASSETSTAT":"INS","SP_SCIEN":"Acer Platanoides","SP_COMM":"Norway Maple","DBH":6,"WIRES":"N","OWNER":"HRM","MAINTBY":"HRM","MODDATE":1761830716000,"dbhLabel":"61 to 76.9 cm","wiresLabel":"No"}},{"type":"Feature","id":8827,"geometry":{"type":"Point","coordinates":[-63.5933663732475,44.6576433703792]},"properties":{"OBJECTID":8827,"ASSETID":"TRE141337","TREEID":"TRE141337","ASSETCODE":"TRE","ASSETSTAT":"INS","SP_SCIEN":"Quercus (genus)","SP_COMM":"Oak","DBH":3,"WIRES":"Y","OWNER":"HRM","MAINTBY":"HRM","MODDATE":1761830716000,"dbhLabel":"16 to 30.9cm","wiresLabel":"Yes"}},{"type":"Feature","id":8834,"geometry":{"type":"Point","coordinates":[-63.5799938731634,44.6424635446321]},"properties":{"OBJECTID":8834,"ASSETID":"TRE133516","TREEID":"TRE133516","ASSETCODE":"TRE","ASSETSTAT":"INS","SP_SCIEN":"Pyrus calleryana","SP_COMM":"Callery Pear","DBH":4,"WIRES":"Y","OWNER":"HRM","MAINTBY":"HRM","MODDATE":1761830716000,"dbhLabel":"31 to 45.9 cm","wiresLabel":"Yes"}},{"type":"Feature","id":8837,"geometry":{"type":"Point","coordinates":[-63.5813442036305,44.64176240646]},"properties":{"OBJECTID":8837,"ASSETID":"TRE133439","TREEID":"TRE133439","ASSETCODE":"TRE","ASSETSTAT":"INS","SP_SCIEN":"Tilia (genus)","SP_COMM":"Linden","DBH":3,"WIRES":"Y","OWNER":"HRM","MAINTBY":"HRM","MODDATE":1761830716000,"dbhLabel":"16 to 30.9cm","wiresLabel":"Yes"}},{"type":"Feature","id":8845,"geometry":{"type":"Point","coordinates":[-63.5929523576994,44.6573558169596]},"properties":{"OBJECTID":8845,"ASSETID":"TRE141339","TREEID":"TRE141339","ASSETCODE":"TRE","ASSETSTAT":"INS","SP_SCIEN":"Liguidambar styraciflua","SP_COMM":"Sweetgum","DBH":2,"WIRES":"Y","OWNER":"HRM","MAINTBY":"HRM","MODDATE":1761830716000,"dbhLabel":"8 to 15.9 cm","wiresLabel":"Yes"}},{"type":"Feature","id":8848,"geometry":{"type":"Point","coordinates":[-63.5922688278031,44.6528534588075]},"properties":{"OBJECTID":8848,"ASSETID":"TRE141511","TREEID":"TRE141511","ASSETCODE":"TRE","ASSETSTAT":"INS","SP_SCIEN":"Acer Platanoides","SP_COMM":"Norway Maple","DBH":5,"WIRES":"Y","OWNER":"HRM","MAINTBY":"HRM","MODDATE":1761830716000,"dbhLabel":"46 to 60.9 cm","wiresLabel":"Yes"}},{"type":"Feature","id":8850,"geometry":{"type":"Point","coordinates":[-63.5767604358072,44.6428900488234]},"properties":{"OBJECTID":8850,"ASSETID":"TRE132943","TREEID":"TRE132943","ASSETCODE":"TRE","ASSETSTAT":"INS","SP_SCIEN":"Fagus sylvatica","SP_COMM":"European Beech","DBH":1,"WIRES":"Y","OWNER":"HRM","MAINTBY":"HRM","MODDATE":1761830716000,"dbhLabel":"0 to 7.9 cm","wiresLabel":"Yes"}},{"type":"Feature","id":8858,"geometry":{"type":"Point","coordinates":[-63.5757403224453,44.6420745713798]},"properties":{"OBJECTID":8858,"ASSETID":"TRE132929","TREEID":"TRE132929","ASSETCODE":"TRE","ASSETSTAT":"INS","SP_SCIEN":"Acer Platanoides","SP_COMM":"Norway Maple","DBH":3,"WIRES":"Y","OWNER":"HRM","MAINTBY":"HRM","MODDATE":1761830716000,"dbhLabel":"16 to 30.9cm","wiresLabel":"Yes"}},{"type":"Feature","id":8859,"geometry":{"type":"Point","coordinates":[-63.5772987027322,44.6436501286018]},"properties":{"OBJECTID":8859,"ASSETID":"TRE133052","TREEID":"TRE133052","ASSETCODE":"TRE","ASSETSTAT":"INS","SP_SCIEN":"Tilia (genus)","SP_COMM":"Linden","DBH":2,"WIRES":"Y","OWNER":"HRM","MAINTBY":"HRM","MODDATE":1761830716000,"dbhLabel":"8 to 15.9 cm","wiresLabel":"Yes"}},{"type":"Feature","id":8861,"geometry":{"type":"Point","coordinates":[-63.5907489645806,44.6556176766864]},"properties":{"OBJECTID":8861,"ASSETID":"TRE141664","TREEID":"TRE141664","ASSETCODE":"TRE","ASSETSTAT":"INS","SP_SCIEN":"Liguidambar styraciflua","SP_COMM":"Sweetgum","DBH":2,"WIRES":"N","OWNER":"HRM","MAINTBY":"HRM","MODDATE":1761830716000,"dbhLabel":"8 to 15.9 cm","wiresLabel":"No"}},{"type":"Feature","id":8864,"geometry":{"type":"Point","coordinates":[-63.5715923147899,44.641726608154]},"properties":{"OBJECTID":8864,"ASSETID":"TRE132953","TREEID":"TRE132953","ASSETCODE":"TRE","ASSETSTAT":"INS","SP_SCIEN":"Quercus rubra","SP_COMM":"Northern Red Oak","DBH":4,"WIRES":"Y","OWNER":"HRM","MAINTBY":"HRM","MODDATE":1761830716000,"dbhLabel":"31 to 45.9 cm","wiresLabel":"Yes"}},{"type":"Feature","id":8866,"geometry":{"type":"Point","coordinates":[-63.576937526089,44.6432612003758]},"properties":{"OBJECTID":8866,"ASSETID":"TRE133048","TREEID":"TRE133048","ASSETCODE":"TRE","ASSETSTAT":"INS","SP_SCIEN":"Ulmus americana","SP_COMM":"American Elm","DBH":6,"WIRES":"Y","OWNER":"HRM","MAINTBY":"HRM","MODDATE":1761830716000,"dbhLabel":"61 to 76.9 cm","wiresLabel":"Yes"}},{"type":"Feature","id":8876,"geometry":{"type":"Point","coordinates":[-63.5759452075004,44.6413096823055]},"properties":{"OBJECTID":8876,"ASSETID":"TRE132915","TREEID":"TRE132915","ASSETCODE":"TRE","ASSETSTAT":"INS","SP_SCIEN":"Ulmus glabra","SP_COMM":"Wych elm","DBH":6,"WIRES":"Y","OWNER":"HRM","MAINTBY":"HRM","MODDATE":1761830716000,"dbhLabel":"61 to 76.9 cm","wiresLabel":"Yes"}},{"type":"Feature","id":8895,"geometry":{"type":"Point","coordinates":[-63.5927408062466,44.6572083131036]},"properties":{"OBJECTID":8895,"ASSETID":"TRE141341","TREEID":"TRE141341","ASSETCODE":"TRE","ASSETSTAT":"INS","SP_SCIEN":"Tilia (genus)","SP_COMM":"Linden","DBH":3,"WIRES":"Y","OWNER":"HRM","MAINTBY":"HRM","MODDATE":1761830716000,"dbhLabel":"16 to 30.9cm","wiresLabel":"Yes"}},{"type":"Feature","id":8903,"geometry":{"type":"Point","coordinates":[-63.5896324619887,44.6511287911033]},"properties":{"OBJECTID":8903,"ASSETID":"TRE141620","TREEID":"TRE141620","ASSETCODE":"TRE","ASSETSTAT":"INS","SP_SCIEN":"Ulmus americana","SP_COMM":"American Elm","DBH":5,"WIRES":"N","OWNER":"HRM","MAINTBY":"HRM","MODDATE":1761830716000,"dbhLabel":"46 to 60.9 cm","wiresLabel":"No"}},{"type":"Feature","id":8913,"geometry":{"type":"Point","coordinates":[-63.5717235784159,44.6416925937347]},"properties":{"OBJECTID":8913,"ASSETID":"TRE132952","TREEID":"TRE132952","ASSETCODE":"TRE","ASSETSTAT":"INS","SP_SCIEN":"Quercus rubra","SP_COMM":"Northern Red Oak","DBH":4,"WIRES":"Y","OWNER":"HRM","MAINTBY":"HRM","MODDATE":1761830716000,"dbhLabel":"31 to 45.9 cm","wiresLabel":"Yes"}},{"type":"Feature","id":8917,"geometry":{"type":"Point","coordinates":[-63.5812162161604,44.6418047740667]},"properties":{"OBJECTID":8917,"ASSETID":"TRE133445","TREEID":"TRE133445","ASSETCODE":"TRE","ASSETSTAT":"INS","SP_SCIEN":"Tilia (genus)","SP_COMM":"Linden","DBH":6,"WIRES":"Y","OWNER":"HRM","MAINTBY":"HRM","MODDATE":1761830716000,"dbhLabel":"61 to 76.9 cm","wiresLabel":"Yes"}},{"type":"Feature","id":8923,"geometry":{"type":"Point","coordinates":[-63.5908219302395,44.6555636827627]},"properties":{"OBJECTID":8923,"ASSETID":"TRE141665","TREEID":"TRE141665","ASSETCODE":"TRE","ASSETSTAT":"INS","SP_SCIEN":"Quercus bicolor","SP_COMM":"Swamp White Oak","DBH":1,"WIRES":"N","OWNER":"HRM","MAINTBY":"HRM","MODDATE":1761830716000,"dbhLabel":"0 to 7.9 cm","wiresLabel":"No"}},{"type":"Feature","id":8937,"geometry":{"type":"Point","coordinates":[-63.588917677907,44.6520901509963]},"properties":{"OBJECTID":8937,"ASSETID":"TRE141773","TREEID":"TRE141773","ASSETCODE":"TRE","ASSETSTAT":"INS","SP_SCIEN":"Fraxinus pennsylvanica","SP_COMM":"Green Ash","DBH":4,"WIRES":"Y","OWNER":"HRM","MAINTBY":"HRM","MODDATE":1761830716000,"dbhLabel":"31 to 45.9 cm","wiresLabel":"Yes"}},{"type":"Feature","id":8939,"geometry":{"type":"Point","coordinates":[-63.5779336301784,44.6410984468111]},"properties":{"OBJECTID":8939,"ASSETID":"TRE132879","TREEID":"TRE132879","ASSETCODE":"TRE","ASSETSTAT":"INS","SP_SCIEN":"Aesculus x carnea","SP_COMM":"Red Horsechestnut","DBH":7,"WIRES":"Y","OWNER":"HRM","MAINTBY":"HRM","MODDATE":1761830716000,"dbhLabel":"77 to 90.9 cm","wiresLabel":"Yes"}},{"type":"Feature","id":8943,"geometry":{"type":"Point","coordinates":[-63.5785131252833,44.6422760567962]},"properties":{"OBJECTID":8943,"ASSETID":"TRE132886","TREEID":"TRE132886","ASSETCODE":"TRE","ASSETSTAT":"INS","SP_SCIEN":"Quercus palustris","SP_COMM":"Pin Oak","DBH":2,"WIRES":"N","OWNER":"HRM","MAINTBY":"HRM","MODDATE":1761830716000,"dbhLabel":"8 to 15.9 cm","wiresLabel":"No"}},{"type":"Feature","id":8944,"geometry":{"type":"Point","coordinates":[-63.5895202201889,44.6518883398802]},"properties":{"OBJECTID":8944,"ASSETID":"TRE141572","TREEID":"TRE141572","ASSETCODE":"TRE","ASSETSTAT":"INS","SP_SCIEN":"Malus (genus)","SP_COMM":"Apple","DBH":1,"WIRES":"Y","OWNER":"HRM","MAINTBY":"HRM","MODDATE":1763666309000,"dbhLabel":"0 to 7.9 cm","wiresLabel":"Yes"}},{"type":"Feature","id":8947,"geometry":{"type":"Point","coordinates":[-63.5886224510805,44.6515393951357]},"properties":{"OBJECTID":8947,"ASSETID":"TRE141646","TREEID":"TRE141646","ASSETCODE":"TRE","ASSETSTAT":"INS","SP_SCIEN":"Fagus grandifolia","SP_COMM":"American Beech","DBH":1,"WIRES":"N","OWNER":"HRM","MAINTBY":"HRM","MODDATE":1761830716000,"dbhLabel":"0 to 7.9 cm","wiresLabel":"No"}},{"type":"Feature","id":8959,"geometry":{"type":"Point","coordinates":[-63.5776967507262,44.640662114901]},"properties":{"OBJECTID":8959,"ASSETID":"TRE132883","TREEID":"TRE132883","ASSETCODE":"TRE","ASSETSTAT":"INS","SP_SCIEN":"Tilia tomentosa","SP_COMM":"Silver Linden","DBH":6,"WIRES":"Y","OWNER":"HRM","MAINTBY":"HRM","MODDATE":1761830716000,"dbhLabel":"61 to 76.9 cm","wiresLabel":"Yes"}},{"type":"Feature","id":8963,"geometry":{"type":"Point","coordinates":[-63.5764953950692,44.6431037838986]},"properties":{"OBJECTID":8963,"ASSETID":"TRE132944","TREEID":"TRE132944","ASSETCODE":"TRE","ASSETSTAT":"INS","SP_SCIEN":"Betula (genus)","SP_COMM":"Birch","DBH":1,"WIRES":"N","OWNER":"HRM","MAINTBY":"HRM","MODDATE":1761830716000,"dbhLabel":"0 to 7.9 cm","wiresLabel":"No"}},{"type":"Feature","id":8991,"geometry":{"type":"Point","coordinates":[-63.5919617027906,44.6518914086097]},"properties":{"OBJECTID":8991,"ASSETID":"TRE141593","TREEID":"TRE141593","ASSETCODE":"TRE","ASSETSTAT":"INS","SP_SCIEN":"Acer Platanoides","SP_COMM":"Norway Maple","DBH":4,"WIRES":"N","OWNER":"HRM","MAINTBY":"HRM","MODDATE":1761830716000,"dbhLabel":"31 to 45.9 cm","wiresLabel":"No"}},{"type":"Feature","id":9013,"geometry":{"type":"Point","coordinates":[-63.5807896538426,44.6420903151796]},"properties":{"OBJECTID":9013,"ASSETID":"TRE133500","TREEID":"TRE133500","ASSETCODE":"TRE","ASSETSTAT":"INS","SP_SCIEN":"Tilia (genus)","SP_COMM":"Linden","DBH":5,"WIRES":"N","OWNER":"HRM","MAINTBY":"HRM","MODDATE":1761830716000,"dbhLabel":"46 to 60.9 cm","wiresLabel":"No"}},{"type":"Feature","id":9028,"geometry":{"type":"Point","coordinates":[-63.5937402933913,44.6513798692251]},"properties":{"OBJECTID":9028,"ASSETID":"TRE136684","TREEID":"TRE136684","ASSETCODE":"TRE","ASSETSTAT":"INS","SP_SCIEN":"Acer Platanoides","SP_COMM":"Norway Maple","DBH":4,"WIRES":"Y","OWNER":"HRM","MAINTBY":"HRM","MODDATE":1761830716000,"dbhLabel":"31 to 45.9 cm","wiresLabel":"Yes"}},{"type":"Feature","id":9030,"geometry":{"type":"Point","coordinates":[-63.5753001623291,44.6435363878517]},"properties":{"OBJECTID":9030,"ASSETID":"TRE133013","TREEID":"TRE133013","ASSETCODE":"TRE","ASSETSTAT":"INS","SP_SCIEN":"Quercus palustris","SP_COMM":"Pin Oak","DBH":2,"WIRES":"N","OWNER":"HRM","MAINTBY":"HRM","MODDATE":1761830716000,"dbhLabel":"8 to 15.9 cm","wiresLabel":"No"}},{"type":"Feature","id":9037,"geometry":{"type":"Point","coordinates":[-63.6113998109294,44.6543159321616]},"properties":{"OBJECTID":9037,"ASSETID":"TRE135905","TREEID":"TRE135905","ASSETCODE":"TRE","ASSETSTAT":"INS","SP_SCIEN":"Acer Platanoides","SP_COMM":"Norway Maple","DBH":6,"WIRES":"Y","OWNER":"HRM","MAINTBY":"HRM","MODDATE":1761830716000,"dbhLabel":"61 to 76.9 cm","wiresLabel":"Yes"}},{"type":"Feature","id":9049,"geometry":{"type":"Point","coordinates":[-63.6112350967372,44.6542529932139]},"properties":{"OBJECTID":9049,"ASSETID":"TRE135913","TREEID":"TRE135913","ASSETCODE":"TRE","ASSETSTAT":"INS","SP_SCIEN":"Quercus rubra","SP_COMM":"Northern Red Oak","DBH":2,"WIRES":"Y","OWNER":"HRM","MAINTBY":"HRM","MODDATE":1761830716000,"dbhLabel":"8 to 15.9 cm","wiresLabel":"Yes"}},{"type":"Feature","id":9059,"geometry":{"type":"Point","coordinates":[-63.5941011466409,44.6520380140649]},"properties":{"OBJECTID":9059,"ASSETID":"TRE136682","TREEID":"TRE136682","ASSETCODE":"TRE","ASSETSTAT":"INS","SP_SCIEN":"Acer Platanoides","SP_COMM":"Norway Maple","DBH":4,"WIRES":"Y","OWNER":"HRM","MAINTBY":"HRM","MODDATE":1761830716000,"dbhLabel":"31 to 45.9 cm","wiresLabel":"Yes"}},{"type":"Feature","id":9070,"geometry":{"type":"Point","coordinates":[-63.579884479023,44.6411939465907]},"properties":{"OBJECTID":9070,"ASSETID":"TRE134076","TREEID":"TRE134076","ASSETCODE":"TRE","ASSETSTAT":"INS","SP_SCIEN":"Ulmus americana","SP_COMM":"American Elm","DBH":5,"WIRES":"Y","OWNER":"HRM","MAINTBY":"HRM","MODDATE":1761830716000,"dbhLabel":"46 to 60.9 cm","wiresLabel":"Yes"}},{"type":"Feature","id":9074,"geometry":{"type":"Point","coordinates":[-63.5934185114666,44.6505344423782]},"properties":{"OBJECTID":9074,"ASSETID":"TRE135231","TREEID":"TRE135231","ASSETCODE":"TRE","ASSETSTAT":"INS","SP_SCIEN":"Acer rubrum","SP_COMM":"Red Maple","DBH":2,"WIRES":"Y","OWNER":"HRM","MAINTBY":"HRM","MODDATE":1763666692000,"dbhLabel":"8 to 15.9 cm","wiresLabel":"Yes"}},{"type":"Feature","id":9092,"geometry":{"type":"Point","coordinates":[-63.5704384117395,44.6429720781125]},"properties":{"OBJECTID":9092,"ASSETID":"TRE133005","TREEID":"TRE133005","ASSETCODE":"TRE","ASSETSTAT":"INS","SP_SCIEN":"Pyrus calleryana","SP_COMM":"Callery Pear","DBH":2,"WIRES":"N","OWNER":"HRM","MAINTBY":"HRM","MODDATE":1761830716000,"dbhLabel":"8 to 15.9 cm","wiresLabel":"No"}},{"type":"Feature","id":9107,"geometry":{"type":"Point","coordinates":[-63.5946890796213,44.6507634318857]},"properties":{"OBJECTID":9107,"ASSETID":"TRE136667","TREEID":"TRE136667","ASSETCODE":"TRE","ASSETSTAT":"INS","SP_SCIEN":"Quercus rubra","SP_COMM":"Northern Red Oak","DBH":2,"WIRES":"Y","OWNER":"HRM","MAINTBY":"HRM","MODDATE":1761830716000,"dbhLabel":"8 to 15.9 cm","wiresLabel":"Yes"}},{"type":"Feature","id":9115,"geometry":{"type":"Point","coordinates":[-63.5946472190274,44.6525812231847]},"properties":{"OBJECTID":9115,"ASSETID":"TRE136679","TREEID":"TRE136679","ASSETCODE":"TRE","ASSETSTAT":"INS","SP_SCIEN":"Acer Platanoides","SP_COMM":"Norway Maple","DBH":7,"WIRES":"Y","OWNER":"HRM","MAINTBY":"HRM","MODDATE":1761830716000,"dbhLabel":"77 to 90.9 cm","wiresLabel":"Yes"}},{"type":"Feature","id":9122,"geometry":{"type":"Point","coordinates":[-63.5919945667569,44.647345015145]},"properties":{"OBJECTID":9122,"ASSETID":"TRE135316","TREEID":"TRE135316","ASSETCODE":"TRE","ASSETSTAT":"INS","SP_SCIEN":"Ulmus americana","SP_COMM":"American Elm","DBH":8,"WIRES":"Y","OWNER":"HRM","MAINTBY":"HRM","MODDATE":1761830716000,"dbhLabel":"91 to 106.9 cm","wiresLabel":"Yes"}},{"type":"Feature","id":9134,"geometry":{"type":"Point","coordinates":[-63.5769904179947,44.641595148516]},"properties":{"OBJECTID":9134,"ASSETID":"TRE134082","TREEID":"TRE134082","ASSETCODE":"TRE","ASSETSTAT":"INS","SP_SCIEN":"Pinus nigra","SP_COMM":"Austrian Pine","DBH":4,"WIRES":"N","OWNER":"HRM","MAINTBY":"HRM","MODDATE":1761830716000,"dbhLabel":"31 to 45.9 cm","wiresLabel":"No"}},{"type":"Feature","id":9143,"geometry":{"type":"Point","coordinates":[-63.6107144035541,44.6551580500139]},"properties":{"OBJECTID":9143,"ASSETID":"TRE135898","TREEID":"TRE135898","ASSETCODE":"TRE","ASSETSTAT":"INS","SP_SCIEN":"Celtis occidentalis","SP_COMM":"Northern Hackberry","DBH":2,"WIRES":"Y","OWNER":"HRM","MAINTBY":"HRM","MODDATE":1761830716000,"dbhLabel":"8 to 15.9 cm","wiresLabel":"Yes"}},{"type":"Feature","id":9158,"geometry":{"type":"Point","coordinates":[-63.5932841585344,44.6505687896797]},"properties":{"OBJECTID":9158,"ASSETID":"TRE135232","TREEID":"TRE135232","ASSETCODE":"TRE","ASSETSTAT":"INS","SP_SCIEN":"Celtis occidentalis","SP_COMM":"Northern Hackberry","DBH":2,"WIRES":"Y","OWNER":"HRM","MAINTBY":"HRM","MODDATE":1761830716000,"dbhLabel":"8 to 15.9 cm","wiresLabel":"Yes"}},{"type":"Feature","id":9176,"geometry":{"type":"Point","coordinates":[-63.5702791835588,44.6424552387962]},"properties":{"OBJECTID":9176,"ASSETID":"TRE133004","TREEID":"TRE133004","ASSETCODE":"TRE","ASSETSTAT":"INS","SP_SCIEN":"Quercus rubra","SP_COMM":"Northern Red Oak","DBH":4,"WIRES":"Y","OWNER":"HRM","MAINTBY":"HRM","MODDATE":1761830716000,"dbhLabel":"31 to 45.9 cm","wiresLabel":"Yes"}},{"type":"Feature","id":9201,"geometry":{"type":"Point","coordinates":[-63.5770730818654,44.641573163765]},"properties":{"OBJECTID":9201,"ASSETID":"TRE134083","TREEID":"TRE134083","ASSETCODE":"TRE","ASSETSTAT":"INS","SP_SCIEN":"Tilia (genus)","SP_COMM":"Linden","DBH":4,"WIRES":"N","OWNER":"HRM","MAINTBY":"HRM","MODDATE":1761830716000,"dbhLabel":"31 to 45.9 cm","wiresLabel":"No"}},{"type":"Feature","id":9217,"geometry":{"type":"Point","coordinates":[-63.5810437162696,44.642022935496]},"properties":{"OBJECTID":9217,"ASSETID":"TRE133502","TREEID":"TRE133502","ASSETCODE":"TRE","ASSETSTAT":"INS","SP_SCIEN":"Tilia (genus)","SP_COMM":"Linden","DBH":5,"WIRES":"N","OWNER":"HRM","MAINTBY":"HRM","MODDATE":1761830716000,"dbhLabel":"46 to 60.9 cm","wiresLabel":"No"}},{"type":"Feature","id":9221,"geometry":{"type":"Point","coordinates":[-63.5710868157116,44.6418613911411]},"properties":{"OBJECTID":9221,"ASSETID":"TRE133002","TREEID":"TRE133002","ASSETCODE":"TRE","ASSETSTAT":"INS","SP_SCIEN":"Ginkgo biloba","SP_COMM":"Ginkgo","DBH":2,"WIRES":"N","OWNER":"HRM","MAINTBY":"HRM","MODDATE":1761830716000,"dbhLabel":"8 to 15.9 cm","wiresLabel":"No"}},{"type":"Feature","id":9222,"geometry":{"type":"Point","coordinates":[-63.6093788458819,44.6554914507304]},"properties":{"OBJECTID":9222,"ASSETID":"TRE135192","TREEID":"TRE135192","ASSETCODE":"TRE","ASSETSTAT":"INS","SP_SCIEN":"Acer Platanoides","SP_COMM":"Norway Maple","DBH":6,"WIRES":"Y","OWNER":"HRM","MAINTBY":"HRM","MODDATE":1761830716000,"dbhLabel":"61 to 76.9 cm","wiresLabel":"Yes"}},{"type":"Feature","id":9224,"geometry":{"type":"Point","coordinates":[-63.579128089469,44.6407589205942]},"properties":{"OBJECTID":9224,"ASSETID":"TRE133827","TREEID":"TRE133827","ASSETCODE":"TRE","ASSETSTAT":"INS","SP_SCIEN":"Ulmus americana","SP_COMM":"American Elm","DBH":4,"WIRES":"Y","OWNER":"HRM","MAINTBY":"HRM","MODDATE":1761830716000,"dbhLabel":"31 to 45.9 cm","wiresLabel":"Yes"}},{"type":"Feature","id":9251,"geometry":{"type":"Point","coordinates":[-63.6117691505635,44.6540970693003]},"properties":{"OBJECTID":9251,"ASSETID":"TRE135908","TREEID":"TRE135908","ASSETCODE":"TRE","ASSETSTAT":"INS","SP_SCIEN":"Pyrus ussuriensis","SP_COMM":"Ussurian Pear","DBH":4,"WIRES":"Y","OWNER":"HRM","MAINTBY":"HRM","MODDATE":1763666128000,"dbhLabel":"31 to 45.9 cm","wiresLabel":"Yes"}},{"type":"Feature","id":9289,"geometry":{"type":"Point","coordinates":[-63.6115544918382,44.6557543156722]},"properties":{"OBJECTID":9289,"ASSETID":"TRE135902","TREEID":"TRE135902","ASSETCODE":"TRE","ASSETSTAT":"INS","SP_SCIEN":"Acer saccharum","SP_COMM":"Sugar Maple","DBH":1,"WIRES":"Y","OWNER":"HRM","MAINTBY":"HRM","MODDATE":1761830716000,"dbhLabel":"0 to 7.9 cm","wiresLabel":"Yes"}},{"type":"Feature","id":9291,"geometry":{"type":"Point","coordinates":[-63.6114031293061,44.654156383215]},"properties":{"OBJECTID":9291,"ASSETID":"TRE135912","TREEID":"TRE135912","ASSETCODE":"TRE","ASSETSTAT":"INS","SP_SCIEN":"Quercus macrocarpa","SP_COMM":"Bur Oak","DBH":2,"WIRES":"Y","OWNER":"HRM","MAINTBY":"HRM","MODDATE":1761830716000,"dbhLabel":"8 to 15.9 cm","wiresLabel":"Yes"}},{"type":"Feature","id":9296,"geometry":{"type":"Point","coordinates":[-63.5710435160166,44.6417547064513]},"properties":{"OBJECTID":9296,"ASSETID":"TRE133003","TREEID":"TRE133003","ASSETCODE":"TRE","ASSETSTAT":"INS","SP_SCIEN":"Quercus rubra","SP_COMM":"Northern Red Oak","DBH":4,"WIRES":"Y","OWNER":"HRM","MAINTBY":"HRM","MODDATE":1761830716000,"dbhLabel":"31 to 45.9 cm","wiresLabel":"Yes"}},{"type":"Feature","id":9314,"geometry":{"type":"Point","coordinates":[-63.5696198740391,44.6374370994356]},"properties":{"OBJECTID":9314,"ASSETID":"TRE133763","TREEID":"TRE133763","ASSETCODE":"TRE","ASSETSTAT":"INS","SP_SCIEN":"Zelkova (genus)","SP_COMM":"Zelkova","DBH":2,"WIRES":"N","OWNER":"HRM","MAINTBY":"HRM","MODDATE":1761830716000,"dbhLabel":"8 to 15.9 cm","wiresLabel":"No"}},{"type":"Feature","id":9339,"geometry":{"type":"Point","coordinates":[-63.6127217869729,44.6544580123098]},"properties":{"OBJECTID":9339,"ASSETID":"TRE137141","TREEID":"TRE137141","ASSETCODE":"TRE","ASSETSTAT":"INS","SP_SCIEN":"Fraxinus pennsylvanica","SP_COMM":"Green Ash","DBH":4,"WIRES":"Y","OWNER":"HRM","MAINTBY":"HRM","MODDATE":1761830716000,"dbhLabel":"31 to 45.9 cm","wiresLabel":"Yes"}},{"type":"Feature","id":9343,"geometry":{"type":"Point","coordinates":[-63.5703315921707,44.6427855615146]},"properties":{"OBJECTID":9343,"ASSETID":"TRE133009","TREEID":"TRE133009","ASSETCODE":"TRE","ASSETSTAT":"INS","SP_SCIEN":"Quercus palustris","SP_COMM":"Pin Oak","DBH":2,"WIRES":"Y","OWNER":"HRM","MAINTBY":"HRM","MODDATE":1761830716000,"dbhLabel":"8 to 15.9 cm","wiresLabel":"Yes"}},{"type":"Feature","id":9352,"geometry":{"type":"Point","coordinates":[-63.5701360154587,44.6424893345804]},"properties":{"OBJECTID":9352,"ASSETID":"TRE133010","TREEID":"TRE133010","ASSETCODE":"TRE","ASSETSTAT":"INS","SP_SCIEN":"Pyrus calleryana","SP_COMM":"Callery Pear","DBH":2,"WIRES":"Y","OWNER":"HRM","MAINTBY":"HRM","MODDATE":1761830716000,"dbhLabel":"8 to 15.9 cm","wiresLabel":"Yes"}},{"type":"Feature","id":9360,"geometry":{"type":"Point","coordinates":[-63.5800806288603,44.6422783711883]},"properties":{"OBJECTID":9360,"ASSETID":"TRE133495","TREEID":"TRE133495","ASSETCODE":"TRE","ASSETSTAT":"INS","SP_SCIEN":"Tilia (genus)","SP_COMM":"Linden","DBH":5,"WIRES":"Y","OWNER":"HRM","MAINTBY":"HRM","MODDATE":1761830716000,"dbhLabel":"46 to 60.9 cm","wiresLabel":"Yes"}},{"type":"Feature","id":9368,"geometry":{"type":"Point","coordinates":[-63.5811204296999,44.6420025564803]},"properties":{"OBJECTID":9368,"ASSETID":"TRE133503","TREEID":"TRE133503","ASSETCODE":"TRE","ASSETSTAT":"INS","SP_SCIEN":"Tilia (genus)","SP_COMM":"Linden","DBH":5,"WIRES":"N","OWNER":"HRM","MAINTBY":"HRM","MODDATE":1761830716000,"dbhLabel":"46 to 60.9 cm","wiresLabel":"No"}},{"type":"Feature","id":9378,"geometry":{"type":"Point","coordinates":[-63.5937982580833,44.6504451281794]},"properties":{"OBJECTID":9378,"ASSETID":"TRE135229","TREEID":"TRE135229","ASSETCODE":"TRE","ASSETSTAT":"INS","SP_SCIEN":"Acer freemanii","SP_COMM":"Red Maple","DBH":2,"WIRES":"Y","OWNER":"HRM","MAINTBY":"HRM","MODDATE":1763666690000,"dbhLabel":"8 to 15.9 cm","wiresLabel":"Yes"}},{"type":"Feature","id":9382,"geometry":{"type":"Point","coordinates":[-63.6120758066554,44.654700619849]},"properties":{"OBJECTID":9382,"ASSETID":"TRE137122","TREEID":"TRE137122","ASSETCODE":"TRE","ASSETSTAT":"INS","SP_SCIEN":"Phellodendron amurense","SP_COMM":"Amur Corktree","DBH":4,"WIRES":"Y","OWNER":"HRM","MAINTBY":"HRM","MODDATE":1761830716000,"dbhLabel":"31 to 45.9 cm","wiresLabel":"Yes"}},{"type":"Feature","id":9417,"geometry":{"type":"Point","coordinates":[-63.5801751909169,44.6422532944472]},"properties":{"OBJECTID":9417,"ASSETID":"TRE133496","TREEID":"TRE133496","ASSETCODE":"TRE","ASSETSTAT":"INS","SP_SCIEN":"Tilia (genus)","SP_COMM":"Linden","DBH":5,"WIRES":"Y","OWNER":"HRM","MAINTBY":"HRM","MODDATE":1761830716000,"dbhLabel":"46 to 60.9 cm","wiresLabel":"Yes"}},{"type":"Feature","id":9427,"geometry":{"type":"Point","coordinates":[-63.5940570312756,44.650384308657]},"properties":{"OBJECTID":9427,"ASSETID":"TRE135228","TREEID":"TRE135228","ASSETCODE":"TRE","ASSETSTAT":"INS","SP_SCIEN":"Acer freemanii","SP_COMM":"Red Maple","DBH":1,"WIRES":"Y","OWNER":"HRM","MAINTBY":"HRM","MODDATE":1763666681000,"dbhLabel":"0 to 7.9 cm","wiresLabel":"Yes"}},{"type":"Feature","id":9467,"geometry":{"type":"Point","coordinates":[-63.6118660500366,44.6538878671139]},"properties":{"OBJECTID":9467,"ASSETID":"TRE135910","TREEID":"TRE135910","ASSETCODE":"TRE","ASSETSTAT":"INS","SP_SCIEN":"Ginkgo biloba","SP_COMM":"Ginkgo","DBH":2,"WIRES":"Y","OWNER":"HRM","MAINTBY":"HRM","MODDATE":1761830716000,"dbhLabel":"8 to 15.9 cm","wiresLabel":"Yes"}},{"type":"Feature","id":9485,"geometry":{"type":"Point","coordinates":[-63.5920777112264,44.6474168278476]},"properties":{"OBJECTID":9485,"ASSETID":"TRE135317","TREEID":"TRE135317","ASSETCODE":"TRE","ASSETSTAT":"INS","SP_SCIEN":"Fraxinus americana","SP_COMM":"White Ash","DBH":6,"WIRES":"Y","OWNER":"HRM","MAINTBY":"HRM","MODDATE":1761830716000,"dbhLabel":"61 to 76.9 cm","wiresLabel":"Yes"}},{"type":"Feature","id":9489,"geometry":{"type":"Point","coordinates":[-63.5708695734315,44.6419202733513]},"properties":{"OBJECTID":9489,"ASSETID":"TRE133001","TREEID":"TRE133001","ASSETCODE":"TRE","ASSETSTAT":"INS","SP_SCIEN":"Quercus rubra","SP_COMM":"Northern Red Oak","DBH":2,"WIRES":"N","OWNER":"HRM","MAINTBY":"HRM","MODDATE":1761830716000,"dbhLabel":"8 to 15.9 cm","wiresLabel":"No"}},{"type":"Feature","id":9495,"geometry":{"type":"Point","coordinates":[-63.5935692640426,44.651068452233]},"properties":{"OBJECTID":9495,"ASSETID":"TRE136686","TREEID":"TRE136686","ASSETCODE":"TRE","ASSETSTAT":"INS","SP_SCIEN":"Catalpa speciosa","SP_COMM":"Northern Catalpa","DBH":4,"WIRES":"N","OWNER":"HRM","MAINTBY":"HRM","MODDATE":1761830716000,"dbhLabel":"31 to 45.9 cm","wiresLabel":"No"}},{"type":"Feature","id":9501,"geometry":{"type":"Point","coordinates":[-63.6114693090914,44.6556930850826]},"properties":{"OBJECTID":9501,"ASSETID":"TRE135901","TREEID":"TRE135901","ASSETCODE":"TRE","ASSETSTAT":"INS","SP_SCIEN":"Pyrus ussuriensis","SP_COMM":"Ussurian Pear","DBH":2,"WIRES":"Y","OWNER":"HRM","MAINTBY":"HRM","MODDATE":1763666130000,"dbhLabel":"8 to 15.9 cm","wiresLabel":"Yes"}},{"type":"Feature","id":9537,"geometry":{"type":"Point","coordinates":[-63.5788887118019,44.6410694891493]},"properties":{"OBJECTID":9537,"ASSETID":"TRE134079","TREEID":"TRE134079","ASSETCODE":"TRE","ASSETSTAT":"INS","SP_SCIEN":"Betula (genus)","SP_COMM":"Birch","DBH":2,"WIRES":"N","OWNER":"HRM","MAINTBY":"HRM","MODDATE":1761830716000,"dbhLabel":"8 to 15.9 cm","wiresLabel":"No"}},{"type":"Feature","id":9557,"geometry":{"type":"Point","coordinates":[-63.5941993423829,44.6522183110879]},"properties":{"OBJECTID":9557,"ASSETID":"TRE136681","TREEID":"TRE136681","ASSETCODE":"TRE","ASSETSTAT":"INS","SP_SCIEN":"Acer Platanoides","SP_COMM":"Norway Maple","DBH":4,"WIRES":"Y","OWNER":"HRM","MAINTBY":"HRM","MODDATE":1763666524000,"dbhLabel":"31 to 45.9 cm","wiresLabel":"Yes"}},{"type":"Feature","id":9558,"geometry":{"type":"Point","coordinates":[-63.6097961016533,44.6551835557073]},"properties":{"OBJECTID":9558,"ASSETID":"TRE135196","TREEID":"TRE135196","ASSETCODE":"TRE","ASSETSTAT":"INS","SP_SCIEN":"Quercus bicolor","SP_COMM":"Swamp White Oak","DBH":1,"WIRES":"Y","OWNER":"HRM","MAINTBY":"HRM","MODDATE":1761830716000,"dbhLabel":"0 to 7.9 cm","wiresLabel":"Yes"}},{"type":"Feature","id":9563,"geometry":{"type":"Point","coordinates":[-63.5792850538952,44.6410825135474]},"properties":{"OBJECTID":9563,"ASSETID":"TRE133838","TREEID":"TRE133838","ASSETCODE":"TRE","ASSETSTAT":"INS","SP_SCIEN":"Ulmus americana","SP_COMM":"American Elm","DBH":5,"WIRES":"Y","OWNER":"HRM","MAINTBY":"HRM","MODDATE":1761830716000,"dbhLabel":"46 to 60.9 cm","wiresLabel":"Yes"}},{"type":"Feature","id":9579,"geometry":{"type":"Point","coordinates":[-63.5931841302292,44.6505921871935]},"properties":{"OBJECTID":9579,"ASSETID":"TRE135233","TREEID":"TRE135233","ASSETCODE":"TRE","ASSETSTAT":"INS","SP_SCIEN":"Acer freemanii","SP_COMM":"Red Maple","DBH":2,"WIRES":"N","OWNER":"HRM","MAINTBY":"HRM","MODDATE":1763666695000,"dbhLabel":"8 to 15.9 cm","wiresLabel":"No"}},{"type":"Feature","id":9607,"geometry":{"type":"Point","coordinates":[-63.6108224017125,44.6552361090051]},"properties":{"OBJECTID":9607,"ASSETID":"TRE135899","TREEID":"TRE135899","ASSETCODE":"TRE","ASSETSTAT":"INS","SP_SCIEN":"Pyrus ussuriensis","SP_COMM":"Ussurian Pear","DBH":2,"WIRES":"Y","OWNER":"HRM","MAINTBY":"HRM","MODDATE":1763666133000,"dbhLabel":"8 to 15.9 cm","wiresLabel":"Yes"}},{"type":"Feature","id":9643,"geometry":{"type":"Point","coordinates":[-63.591744946499,44.6471464118007]},"properties":{"OBJECTID":9643,"ASSETID":"TRE135315","TREEID":"TRE135315","ASSETCODE":"TRE","ASSETSTAT":"INS","SP_SCIEN":"Tilia (genus)","SP_COMM":"Linden","DBH":6,"WIRES":"Y","OWNER":"HRM","MAINTBY":"HRM","MODDATE":1761830716000,"dbhLabel":"61 to 76.9 cm","wiresLabel":"Yes"}},{"type":"Feature","id":9686,"geometry":{"type":"Point","coordinates":[-63.5807068651061,44.6421122562718]},"properties":{"OBJECTID":9686,"ASSETID":"TRE133499","TREEID":"TRE133499","ASSETCODE":"TRE","ASSETSTAT":"INS","SP_SCIEN":"Tilia (genus)","SP_COMM":"Linden","DBH":3,"WIRES":"Y","OWNER":"HRM","MAINTBY":"HRM","MODDATE":1761830716000,"dbhLabel":"16 to 30.9cm","wiresLabel":"Yes"}},{"type":"Feature","id":9689,"geometry":{"type":"Point","coordinates":[-63.5922112071658,44.647527560413]},"properties":{"OBJECTID":9689,"ASSETID":"TRE135318","TREEID":"TRE135318","ASSETCODE":"TRE","ASSETSTAT":"INS","SP_SCIEN":"Ulmus americana","SP_COMM":"American Elm","DBH":4,"WIRES":"Y","OWNER":"HRM","MAINTBY":"HRM","MODDATE":1761830716000,"dbhLabel":"31 to 45.9 cm","wiresLabel":"Yes"}},{"type":"Feature","id":9691,"geometry":{"type":"Point","coordinates":[-63.5917808332963,44.6477074279231]},"properties":{"OBJECTID":9691,"ASSETID":"TRE135311","TREEID":"TRE135311","ASSETCODE":"TRE","ASSETSTAT":"INS","SP_SCIEN":"Acer Platanoides","SP_COMM":"Norway Maple","DBH":4,"WIRES":"Y","OWNER":"HRM","MAINTBY":"HRM","MODDATE":1761830716000,"dbhLabel":"31 to 45.9 cm","wiresLabel":"Yes"}},{"type":"Feature","id":9697,"geometry":{"type":"Point","coordinates":[-63.5945363435651,44.6525050886205]},"properties":{"OBJECTID":9697,"ASSETID":"TRE136680","TREEID":"TRE136680","ASSETCODE":"TRE","ASSETSTAT":"INS","SP_SCIEN":"Acer rubrum","SP_COMM":"Red Maple","DBH":4,"WIRES":"Y","OWNER":"HRM","MAINTBY":"HRM","MODDATE":1761830716000,"dbhLabel":"31 to 45.9 cm","wiresLabel":"Yes"}},{"type":"Feature","id":9703,"geometry":{"type":"Point","coordinates":[-63.6096703006826,44.6552777926103]},"properties":{"OBJECTID":9703,"ASSETID":"TRE135195","TREEID":"TRE135195","ASSETCODE":"TRE","ASSETSTAT":"INS","SP_SCIEN":"Acer campestre","SP_COMM":"Hedge Maple","DBH":3,"WIRES":"Y","OWNER":"HRM","MAINTBY":"HRM","MODDATE":1761830716000,"dbhLabel":"16 to 30.9cm","wiresLabel":"Yes"}},{"type":"Feature","id":9709,"geometry":{"type":"Point","coordinates":[-63.6104960949738,44.6546830978795]},"properties":{"OBJECTID":9709,"ASSETID":"TRE135914","TREEID":"TRE135914","ASSETCODE":"TRE","ASSETSTAT":"INS","SP_SCIEN":"Ostrya virginiana","SP_COMM":"Eastern Hophornbeam","DBH":1,"WIRES":"Y","OWNER":"HRM","MAINTBY":"HRM","MODDATE":1761830716000,"dbhLabel":"0 to 7.9 cm","wiresLabel":"Yes"}},{"type":"Feature","id":9711,"geometry":{"type":"Point","coordinates":[-63.6126043726737,44.6545260561925]},"properties":{"OBJECTID":9711,"ASSETID":"TRE137140","TREEID":"TRE137140","ASSETCODE":"TRE","ASSETSTAT":"INS","SP_SCIEN":"Acer Platanoides","SP_COMM":"Norway Maple","DBH":6,"WIRES":"Y","OWNER":"HRM","MAINTBY":"HRM","MODDATE":1761830716000,"dbhLabel":"61 to 76.9 cm","wiresLabel":"Yes"}},{"type":"Feature","id":9769,"geometry":{"type":"Point","coordinates":[-63.6126441662441,44.6543721906738]},"properties":{"OBJECTID":9769,"ASSETID":"TRE137118","TREEID":"TRE137118","ASSETCODE":"TRE","ASSETSTAT":"INS","SP_SCIEN":"Syringa reticulata","SP_COMM":"Japanese Tree Lilac","DBH":3,"WIRES":"Y","OWNER":"HRM","MAINTBY":"HRM","MODDATE":1763667528000,"dbhLabel":"16 to 30.9cm","wiresLabel":"Yes"}},{"type":"Feature","id":9791,"geometry":{"type":"Point","coordinates":[-63.6116328914063,44.6541779791419]},"properties":{"OBJECTID":9791,"ASSETID":"TRE135907","TREEID":"TRE135907","ASSETCODE":"TRE","ASSETSTAT":"INS","SP_SCIEN":"Acer Platanoides","SP_COMM":"Norway Maple","DBH":5,"WIRES":"Y","OWNER":"HRM","MAINTBY":"HRM","MODDATE":1761830716000,"dbhLabel":"46 to 60.9 cm","wiresLabel":"Yes"}},{"type":"Feature","id":9795,"geometry":{"type":"Point","coordinates":[-63.6098926022744,44.6551147668634]},"properties":{"OBJECTID":9795,"ASSETID":"TRE135197","TREEID":"TRE135197","ASSETCODE":"TRE","ASSETSTAT":"INS","SP_SCIEN":"Acer Platanoides","SP_COMM":"Norway Maple","DBH":6,"WIRES":"Y","OWNER":"HRM","MAINTBY":"HRM","MODDATE":1761830716000,"dbhLabel":"61 to 76.9 cm","wiresLabel":"Yes"}},{"type":"Feature","id":9827,"geometry":{"type":"Point","coordinates":[-63.569610306083,44.6373654284291]},"properties":{"OBJECTID":9827,"ASSETID":"TRE133762","TREEID":"TRE133762","ASSETCODE":"TRE","ASSETSTAT":"INS","SP_SCIEN":"Fagus sylvatica","SP_COMM":"European Beech","DBH":2,"WIRES":"N","OWNER":"HRM","MAINTBY":"HRM","MODDATE":1761830716000,"dbhLabel":"8 to 15.9 cm","wiresLabel":"No"}},{"type":"Feature","id":9842,"geometry":{"type":"Point","coordinates":[-63.6123991669201,44.6545137517971]},"properties":{"OBJECTID":9842,"ASSETID":"TRE137120","TREEID":"TRE137120","ASSETCODE":"TRE","ASSETSTAT":"INS","SP_SCIEN":"Tilia (genus)","SP_COMM":"Linden","DBH":5,"WIRES":"Y","OWNER":"HRM","MAINTBY":"HRM","MODDATE":1761830716000,"dbhLabel":"46 to 60.9 cm","wiresLabel":"Yes"}},{"type":"Feature","id":9854,"geometry":{"type":"Point","coordinates":[-63.6091713188816,44.6556421175854]},"properties":{"OBJECTID":9854,"ASSETID":"TRE135190","TREEID":"TRE135190","ASSETCODE":"TRE","ASSETSTAT":"INS","SP_SCIEN":"Acer Platanoides","SP_COMM":"Norway Maple","DBH":6,"WIRES":"Y","OWNER":"HRM","MAINTBY":"HRM","MODDATE":1761830716000,"dbhLabel":"61 to 76.9 cm","wiresLabel":"Yes"}},{"type":"Feature","id":9858,"geometry":{"type":"Point","coordinates":[-63.6119484713622,44.6547742286777]},"properties":{"OBJECTID":9858,"ASSETID":"TRE137123","TREEID":"TRE137123","ASSETCODE":"TRE","ASSETSTAT":"INS","SP_SCIEN":"Quercus macrocarpa","SP_COMM":"Bur Oak","DBH":3,"WIRES":"Y","OWNER":"HRM","MAINTBY":"HRM","MODDATE":1761830716000,"dbhLabel":"16 to 30.9cm","wiresLabel":"Yes"}},{"type":"Feature","id":9861,"geometry":{"type":"Point","coordinates":[-63.5946789556081,44.6509846469351]},"properties":{"OBJECTID":9861,"ASSETID":"TRE136671","TREEID":"TRE136671","ASSETCODE":"TRE","ASSETSTAT":"INS","SP_SCIEN":"Quercus rubra","SP_COMM":"Northern Red Oak","DBH":2,"WIRES":"N","OWNER":"HRM","MAINTBY":"HRM","MODDATE":1761830716000,"dbhLabel":"8 to 15.9 cm","wiresLabel":"No"}},{"type":"Feature","id":9872,"geometry":{"type":"Point","coordinates":[-63.575158005732,44.6435734946471]},"properties":{"OBJECTID":9872,"ASSETID":"TRE133011","TREEID":"TRE133011","ASSETCODE":"TRE","ASSETSTAT":"INS","SP_SCIEN":"Quercus rubra","SP_COMM":"Northern Red Oak","DBH":2,"WIRES":"N","OWNER":"HRM","MAINTBY":"HRM","MODDATE":1761830716000,"dbhLabel":"8 to 15.9 cm","wiresLabel":"No"}},{"type":"Feature","id":9873,"geometry":{"type":"Point","coordinates":[-63.579265915288,44.6410380713004]},"properties":{"OBJECTID":9873,"ASSETID":"TRE133837","TREEID":"TRE133837","ASSETCODE":"TRE","ASSETSTAT":"INS","SP_SCIEN":"Acer Platanoides","SP_COMM":"Norway Maple","DBH":3,"WIRES":"Y","OWNER":"HRM","MAINTBY":"HRM","MODDATE":1761830716000,"dbhLabel":"16 to 30.9cm","wiresLabel":"Yes"}},{"type":"Feature","id":9894,"geometry":{"type":"Point","coordinates":[-63.6110583496118,44.6545154899409]},"properties":{"OBJECTID":9894,"ASSETID":"TRE135904","TREEID":"TRE135904","ASSETCODE":"TRE","ASSETSTAT":"INS","SP_SCIEN":"Acer Platanoides","SP_COMM":"Norway Maple","DBH":6,"WIRES":"Y","OWNER":"HRM","MAINTBY":"HRM","MODDATE":1761830716000,"dbhLabel":"61 to 76.9 cm","wiresLabel":"Yes"}},{"type":"Feature","id":9905,"geometry":{"type":"Point","coordinates":[-63.5808723159168,44.6420683823882]},"properties":{"OBJECTID":9905,"ASSETID":"TRE133501","TREEID":"TRE133501","ASSETCODE":"TRE","ASSETSTAT":"INS","SP_SCIEN":"Tilia (genus)","SP_COMM":"Linden","DBH":6,"WIRES":"N","OWNER":"HRM","MAINTBY":"HRM","MODDATE":1761830716000,"dbhLabel":"61 to 76.9 cm","wiresLabel":"No"}},{"type":"Feature","id":9930,"geometry":{"type":"Point","coordinates":[-63.5752290211485,44.6435549364588]},"properties":{"OBJECTID":9930,"ASSETID":"TRE133012","TREEID":"TRE133012","ASSETCODE":"TRE","ASSETSTAT":"INS","SP_SCIEN":"Quercus palustris","SP_COMM":"Pin Oak","DBH":2,"WIRES":"N","OWNER":"HRM","MAINTBY":"HRM","MODDATE":1761830716000,"dbhLabel":"8 to 15.9 cm","wiresLabel":"No"}},{"type":"Feature","id":9951,"geometry":{"type":"Point","coordinates":[-63.6115410332786,44.654231208802]},"properties":{"OBJECTID":9951,"ASSETID":"TRE135906","TREEID":"TRE135906","ASSETCODE":"TRE","ASSETSTAT":"INS","SP_SCIEN":"Acer Platanoides","SP_COMM":"Norway Maple","DBH":6,"WIRES":"Y","OWNER":"HRM","MAINTBY":"HRM","MODDATE":1761830716000,"dbhLabel":"61 to 76.9 cm","wiresLabel":"Yes"}},{"type":"Feature","id":9963,"geometry":{"type":"Point","coordinates":[-63.591959789379,44.6476105015307]},"properties":{"OBJECTID":9963,"ASSETID":"TRE135360","TREEID":"TRE135360","ASSETCODE":"TRE","ASSETSTAT":"INS","SP_SCIEN":"Ulmus americana","SP_COMM":"American Elm","DBH":5,"WIRES":"N","OWNER":"HRM","MAINTBY":"HRM","MODDATE":1761830716000,"dbhLabel":"46 to 60.9 cm","wiresLabel":"No"}},{"type":"Feature","id":9976,"geometry":{"type":"Point","coordinates":[-63.5771622387591,44.6433838922681]},"properties":{"OBJECTID":9976,"ASSETID":"TRE134085","TREEID":"TRE134085","ASSETCODE":"TRE","ASSETSTAT":"INS","SP_SCIEN":"Ulmus americana","SP_COMM":"American Elm","DBH":6,"WIRES":"Y","OWNER":"HRM","MAINTBY":"HRM","MODDATE":1761830716000,"dbhLabel":"61 to 76.9 cm","wiresLabel":"Yes"}},{"type":"Feature","id":10009,"geometry":{"type":"Point","coordinates":[-63.594578073005,44.6527459380151]},"properties":{"OBJECTID":10009,"ASSETID":"TRE136608","TREEID":"TRE136608","ASSETCODE":"TRE","ASSETSTAT":"INS","SP_SCIEN":"Acer Platanoides","SP_COMM":"Norway Maple","DBH":6,"WIRES":"Y","OWNER":"HRM","MAINTBY":"HRM","MODDATE":1761830716000,"dbhLabel":"61 to 76.9 cm","wiresLabel":"Yes"}},{"type":"Feature","id":10028,"geometry":{"type":"Point","coordinates":[-63.6117916246153,44.6548648244733]},"properties":{"OBJECTID":10028,"ASSETID":"TRE137125","TREEID":"TRE137125","ASSETCODE":"TRE","ASSETSTAT":"INS","SP_SCIEN":"Tilia (genus)","SP_COMM":"Linden","DBH":3,"WIRES":"Y","OWNER":"HRM","MAINTBY":"HRM","MODDATE":1761830716000,"dbhLabel":"16 to 30.9cm","wiresLabel":"Yes"}},{"type":"Feature","id":10036,"geometry":{"type":"Point","coordinates":[-63.612121598277,44.6561368512322]},"properties":{"OBJECTID":10036,"ASSETID":"TRE135864","TREEID":"TRE135864","ASSETCODE":"TRE","ASSETSTAT":"INS","SP_SCIEN":"Acer Platanoides","SP_COMM":"Norway Maple","DBH":6,"WIRES":"N","OWNER":"HRM","MAINTBY":"HRM","MODDATE":1761830716000,"dbhLabel":"61 to 76.9 cm","wiresLabel":"No"}},{"type":"Feature","id":10050,"geometry":{"type":"Point","coordinates":[-63.5928042165259,44.6513220747085]},"properties":{"OBJECTID":10050,"ASSETID":"TRE136883","TREEID":"TRE136883","ASSETCODE":"TRE","ASSETSTAT":"INS","SP_SCIEN":"Acer Platanoides","SP_COMM":"Norway Maple","DBH":5,"WIRES":"Y","OWNER":"HRM","MAINTBY":"HRM","MODDATE":1761830716000,"dbhLabel":"46 to 60.9 cm","wiresLabel":"Yes"}},{"type":"Feature","id":10061,"geometry":{"type":"Point","coordinates":[-63.6112728583185,44.6552972410299]},"properties":{"OBJECTID":10061,"ASSETID":"TRE137130","TREEID":"TRE137130","ASSETCODE":"TRE","ASSETSTAT":"INS","SP_SCIEN":"Acer Platanoides","SP_COMM":"Norway Maple","DBH":3,"WIRES":"N","OWNER":"HRM","MAINTBY":"HRM","MODDATE":1761830716000,"dbhLabel":"16 to 30.9cm","wiresLabel":"No"}},{"type":"Feature","id":10062,"geometry":{"type":"Point","coordinates":[-63.594405005379,44.6530162052606]},"properties":{"OBJECTID":10062,"ASSETID":"TRE136597","TREEID":"TRE136597","ASSETCODE":"TRE","ASSETSTAT":"INS","SP_SCIEN":"Acer Platanoides","SP_COMM":"Norway Maple","DBH":4,"WIRES":"N","OWNER":"HRM","MAINTBY":"HRM","MODDATE":1763666518000,"dbhLabel":"31 to 45.9 cm","wiresLabel":"No"}},{"type":"Feature","id":10081,"geometry":{"type":"Point","coordinates":[-63.5935473729975,44.6526704522965]},"properties":{"OBJECTID":10081,"ASSETID":"TRE136878","TREEID":"TRE136878","ASSETCODE":"TRE","ASSETSTAT":"INS","SP_SCIEN":"Ulmus americana","SP_COMM":"American Elm","DBH":7,"WIRES":"Y","OWNER":"HRM","MAINTBY":"HRM","MODDATE":1761830716000,"dbhLabel":"77 to 90.9 cm","wiresLabel":"Yes"}},{"type":"Feature","id":10102,"geometry":{"type":"Point","coordinates":[-63.6114388750679,44.6550686700873]},"properties":{"OBJECTID":10102,"ASSETID":"TRE137128","TREEID":"TRE137128","ASSETCODE":"TRE","ASSETSTAT":"INS","SP_SCIEN":"Tilia (genus)","SP_COMM":"Linden","DBH":3,"WIRES":"Y","OWNER":"HRM","MAINTBY":"HRM","MODDATE":1761830716000,"dbhLabel":"16 to 30.9cm","wiresLabel":"Yes"}},{"type":"Feature","id":10212,"geometry":{"type":"Point","coordinates":[-63.5921481238733,44.6567997122102]},"properties":{"OBJECTID":10212,"ASSETID":"TRE141345","TREEID":"TRE141345","ASSETCODE":"TRE","ASSETSTAT":"INS","SP_SCIEN":"Quercus macrocarpa","SP_COMM":"Bur Oak","DBH":2,"WIRES":"Y","OWNER":"HRM","MAINTBY":"HRM","MODDATE":1761830716000,"dbhLabel":"8 to 15.9 cm","wiresLabel":"Yes"}},{"type":"Feature","id":10224,"geometry":{"type":"Point","coordinates":[-63.5943799477725,44.652886157926]},"properties":{"OBJECTID":10224,"ASSETID":"TRE136606","TREEID":"TRE136606","ASSETCODE":"TRE","ASSETSTAT":"INS","SP_SCIEN":"Acer Platanoides","SP_COMM":"Norway Maple","DBH":6,"WIRES":"Y","OWNER":"HRM","MAINTBY":"HRM","MODDATE":1761830716000,"dbhLabel":"61 to 76.9 cm","wiresLabel":"Yes"}},{"type":"Feature","id":10236,"geometry":{"type":"Point","coordinates":[-63.5928867672089,44.6517810249909]},"properties":{"OBJECTID":10236,"ASSETID":"TRE137721","TREEID":"TRE137721","ASSETCODE":"TRE","ASSETSTAT":"INS","SP_SCIEN":"Pyrus ussuriensis","SP_COMM":"Ussurian Pear","DBH":3,"WIRES":"Y","OWNER":"HRM","MAINTBY":"HRM","MODDATE":1763666141000,"dbhLabel":"16 to 30.9cm","wiresLabel":"Yes"}},{"type":"Feature","id":10242,"geometry":{"type":"Point","coordinates":[-63.6117525739516,44.6550193884096]},"properties":{"OBJECTID":10242,"ASSETID":"TRE137133","TREEID":"TRE137133","ASSETCODE":"TRE","ASSETSTAT":"INS","SP_SCIEN":"Acer Platanoides","SP_COMM":"Norway Maple","DBH":7,"WIRES":"N","OWNER":"HRM","MAINTBY":"HRM","MODDATE":1761830716000,"dbhLabel":"77 to 90.9 cm","wiresLabel":"No"}},{"type":"Feature","id":10259,"geometry":{"type":"Point","coordinates":[-63.612391439612,44.6554633373603]},"properties":{"OBJECTID":10259,"ASSETID":"TRE135887","TREEID":"TRE135887","ASSETCODE":"TRE","ASSETSTAT":"INS","SP_SCIEN":"Ulmus americana","SP_COMM":"American Elm","DBH":6,"WIRES":"Y","OWNER":"HRM","MAINTBY":"HRM","MODDATE":1761830716000,"dbhLabel":"61 to 76.9 cm","wiresLabel":"Yes"}},{"type":"Feature","id":10278,"geometry":{"type":"Point","coordinates":[-63.593355365292,44.6523232114854]},"properties":{"OBJECTID":10278,"ASSETID":"TRE136876","TREEID":"TRE136876","ASSETCODE":"TRE","ASSETSTAT":"INS","SP_SCIEN":"Ulmus americana","SP_COMM":"American Elm","DBH":7,"WIRES":"Y","OWNER":"HRM","MAINTBY":"HRM","MODDATE":1761830716000,"dbhLabel":"77 to 90.9 cm","wiresLabel":"Yes"}},{"type":"Feature","id":10280,"geometry":{"type":"Point","coordinates":[-63.6119797902263,44.6561902330945]},"properties":{"OBJECTID":10280,"ASSETID":"TRE135860","TREEID":"TRE135860","ASSETCODE":"TRE","ASSETSTAT":"INS","SP_SCIEN":"Acer rubrum","SP_COMM":"Red Maple","DBH":3,"WIRES":"Y","OWNER":"HRM","MAINTBY":"HRM","MODDATE":1761830716000,"dbhLabel":"16 to 30.9cm","wiresLabel":"Yes"}},{"type":"Feature","id":10306,"geometry":{"type":"Point","coordinates":[-63.610527889945,44.6550280988618]},"properties":{"OBJECTID":10306,"ASSETID":"TRE135896","TREEID":"TRE135896","ASSETCODE":"TRE","ASSETSTAT":"INS","SP_SCIEN":"Acer freemanii","SP_COMM":"Red Maple","DBH":3,"WIRES":"Y","OWNER":"HRM","MAINTBY":"HRM","MODDATE":1761830716000,"dbhLabel":"16 to 30.9cm","wiresLabel":"Yes"}},{"type":"Feature","id":10336,"geometry":{"type":"Point","coordinates":[-63.6126826671389,44.6553250151638]},"properties":{"OBJECTID":10336,"ASSETID":"TRE135886","TREEID":"TRE135886","ASSETCODE":"TRE","ASSETSTAT":"INS","SP_SCIEN":"Ulmus americana","SP_COMM":"American Elm","DBH":6,"WIRES":"Y","OWNER":"HRM","MAINTBY":"HRM","MODDATE":1761830716000,"dbhLabel":"61 to 76.9 cm","wiresLabel":"Yes"}},{"type":"Feature","id":10352,"geometry":{"type":"Point","coordinates":[-63.5928965426758,44.6514895736511]},"properties":{"OBJECTID":10352,"ASSETID":"TRE136884","TREEID":"TRE136884","ASSETCODE":"TRE","ASSETSTAT":"INS","SP_SCIEN":"Tilia (genus)","SP_COMM":"Linden","DBH":5,"WIRES":"Y","OWNER":"HRM","MAINTBY":"HRM","MODDATE":1761830716000,"dbhLabel":"46 to 60.9 cm","wiresLabel":"Yes"}},{"type":"Feature","id":10360,"geometry":{"type":"Point","coordinates":[-63.6125431569786,44.6555139791184]},"properties":{"OBJECTID":10360,"ASSETID":"TRE135870","TREEID":"TRE135870","ASSETCODE":"TRE","ASSETSTAT":"INS","SP_SCIEN":"Acer Platanoides","SP_COMM":"Norway Maple","DBH":7,"WIRES":"N","OWNER":"HRM","MAINTBY":"HRM","MODDATE":1761830716000,"dbhLabel":"77 to 90.9 cm","wiresLabel":"No"}},{"type":"Feature","id":10373,"geometry":{"type":"Point","coordinates":[-63.5944797146679,44.6529640052577]},"properties":{"OBJECTID":10373,"ASSETID":"TRE136596","TREEID":"TRE136596","ASSETCODE":"TRE","ASSETSTAT":"INS","SP_SCIEN":"Acer Platanoides","SP_COMM":"Norway Maple","DBH":6,"WIRES":"Y","OWNER":"HRM","MAINTBY":"HRM","MODDATE":1761830716000,"dbhLabel":"61 to 76.9 cm","wiresLabel":"Yes"}},{"type":"Feature","id":10377,"geometry":{"type":"Point","coordinates":[-63.5936859318419,44.6529216732798]},"properties":{"OBJECTID":10377,"ASSETID":"TRE136879","TREEID":"TRE136879","ASSETCODE":"TRE","ASSETSTAT":"INS","SP_SCIEN":"Ulmus americana","SP_COMM":"American Elm","DBH":6,"WIRES":"Y","OWNER":"HRM","MAINTBY":"HRM","MODDATE":1761830716000,"dbhLabel":"61 to 76.9 cm","wiresLabel":"Yes"}},{"type":"Feature","id":10394,"geometry":{"type":"Point","coordinates":[-63.6116780524106,44.6556803451295]},"properties":{"OBJECTID":10394,"ASSETID":"TRE135891","TREEID":"TRE135891","ASSETCODE":"TRE","ASSETSTAT":"INS","SP_SCIEN":"Acer Platanoides","SP_COMM":"Norway Maple","DBH":6,"WIRES":"N","OWNER":"HRM","MAINTBY":"HRM","MODDATE":1761830716000,"dbhLabel":"61 to 76.9 cm","wiresLabel":"No"}},{"type":"Feature","id":10426,"geometry":{"type":"Point","coordinates":[-63.6120277180416,44.6562389348392]},"properties":{"OBJECTID":10426,"ASSETID":"TRE135859","TREEID":"TRE135859","ASSETCODE":"TRE","ASSETSTAT":"INS","SP_SCIEN":"Pyrus ussuriensis","SP_COMM":"Ussurian Pear","DBH":2,"WIRES":"Y","OWNER":"HRM","MAINTBY":"HRM","MODDATE":1763666155000,"dbhLabel":"8 to 15.9 cm","wiresLabel":"Yes"}},{"type":"Feature","id":10549,"geometry":{"type":"Point","coordinates":[-63.5946094843956,44.652874505644]},"properties":{"OBJECTID":10549,"ASSETID":"TRE136595","TREEID":"TRE136595","ASSETCODE":"TRE","ASSETSTAT":"INS","SP_SCIEN":"Acer Platanoides","SP_COMM":"Norway Maple","DBH":7,"WIRES":"N","OWNER":"HRM","MAINTBY":"HRM","MODDATE":1761830716000,"dbhLabel":"77 to 90.9 cm","wiresLabel":"No"}},{"type":"Feature","id":10561,"geometry":{"type":"Point","coordinates":[-63.6119875328057,44.6548832946927]},"properties":{"OBJECTID":10561,"ASSETID":"TRE137135","TREEID":"TRE137135","ASSETCODE":"TRE","ASSETSTAT":"INS","SP_SCIEN":"Zelkova (genus)","SP_COMM":"Zelkova","DBH":4,"WIRES":"N","OWNER":"HRM","MAINTBY":"HRM","MODDATE":1761830716000,"dbhLabel":"31 to 45.9 cm","wiresLabel":"No"}},{"type":"Feature","id":10566,"geometry":{"type":"Point","coordinates":[-63.6121216899052,44.6555912778457]},"properties":{"OBJECTID":10566,"ASSETID":"TRE135889","TREEID":"TRE135889","ASSETCODE":"TRE","ASSETSTAT":"INS","SP_SCIEN":"Ulmus americana","SP_COMM":"American Elm","DBH":3,"WIRES":"Y","OWNER":"HRM","MAINTBY":"HRM","MODDATE":1761830716000,"dbhLabel":"16 to 30.9cm","wiresLabel":"Yes"}},{"type":"Feature","id":10568,"geometry":{"type":"Point","coordinates":[-63.6120845104322,44.6563015732167]},"properties":{"OBJECTID":10568,"ASSETID":"TRE135858","TREEID":"TRE135858","ASSETCODE":"TRE","ASSETSTAT":"INS","SP_SCIEN":"Syringa reticulata","SP_COMM":"Japanese Tree Lilac","DBH":2,"WIRES":"Y","OWNER":"HRM","MAINTBY":"HRM","MODDATE":1763667528000,"dbhLabel":"8 to 15.9 cm","wiresLabel":"Yes"}},{"type":"Feature","id":10569,"geometry":{"type":"Point","coordinates":[-63.5944892161487,44.6528152875527]},"properties":{"OBJECTID":10569,"ASSETID":"TRE136607","TREEID":"TRE136607","ASSETCODE":"TRE","ASSETSTAT":"INS","SP_SCIEN":"Acer Platanoides","SP_COMM":"Norway Maple","DBH":6,"WIRES":"Y","OWNER":"HRM","MAINTBY":"HRM","MODDATE":1761830716000,"dbhLabel":"61 to 76.9 cm","wiresLabel":"Yes"}},{"type":"Feature","id":10579,"geometry":{"type":"Point","coordinates":[-63.6125429862987,44.6562526056988]},"properties":{"OBJECTID":10579,"ASSETID":"TRE135845","TREEID":"TRE135845","ASSETCODE":"TRE","ASSETSTAT":"INS","SP_SCIEN":"Acer Platanoides","SP_COMM":"Norway Maple","DBH":5,"WIRES":"Y","OWNER":"HRM","MAINTBY":"HRM","MODDATE":1761830716000,"dbhLabel":"46 to 60.9 cm","wiresLabel":"Yes"}},{"type":"Feature","id":10603,"geometry":{"type":"Point","coordinates":[-63.6121148698956,44.654809577369]},"properties":{"OBJECTID":10603,"ASSETID":"TRE137136","TREEID":"TRE137136","ASSETCODE":"TRE","ASSETSTAT":"INS","SP_SCIEN":"Acer Platanoides","SP_COMM":"Norway Maple","DBH":4,"WIRES":"N","OWNER":"HRM","MAINTBY":"HRM","MODDATE":1761830716000,"dbhLabel":"31 to 45.9 cm","wiresLabel":"No"}},{"type":"Feature","id":10610,"geometry":{"type":"Point","coordinates":[-63.6118496162568,44.6560531446363]},"properties":{"OBJECTID":10610,"ASSETID":"TRE135861","TREEID":"TRE135861","ASSETCODE":"TRE","ASSETSTAT":"INS","SP_SCIEN":"Syringa reticulata","SP_COMM":"Japanese Tree Lilac","DBH":2,"WIRES":"Y","OWNER":"HRM","MAINTBY":"HRM","MODDATE":1763667528000,"dbhLabel":"8 to 15.9 cm","wiresLabel":"Yes"}},{"type":"Feature","id":10621,"geometry":{"type":"Point","coordinates":[-63.5933349825182,44.6526021320864]},"properties":{"OBJECTID":10621,"ASSETID":"TRE137717","TREEID":"TRE137717","ASSETCODE":"TRE","ASSETSTAT":"INS","SP_SCIEN":"Acer rubrum","SP_COMM":"Red Maple","DBH":2,"WIRES":"Y","OWNER":"HRM","MAINTBY":"HRM","MODDATE":1761830716000,"dbhLabel":"8 to 15.9 cm","wiresLabel":"Yes"}},{"type":"Feature","id":10633,"geometry":{"type":"Point","coordinates":[-63.5927235424235,44.6511755115386]},"properties":{"OBJECTID":10633,"ASSETID":"TRE136882","TREEID":"TRE136882","ASSETCODE":"TRE","ASSETSTAT":"INS","SP_SCIEN":"Acer Platanoides","SP_COMM":"Norway Maple","DBH":5,"WIRES":"Y","OWNER":"HRM","MAINTBY":"HRM","MODDATE":1761830716000,"dbhLabel":"46 to 60.9 cm","wiresLabel":"Yes"}},{"type":"Feature","id":10648,"geometry":{"type":"Point","coordinates":[-63.6116351578558,44.6550874316337]},"properties":{"OBJECTID":10648,"ASSETID":"TRE137132","TREEID":"TRE137132","ASSETCODE":"TRE","ASSETSTAT":"INS","SP_SCIEN":"Acer Platanoides","SP_COMM":"Norway Maple","DBH":6,"WIRES":"Y","OWNER":"HRM","MAINTBY":"HRM","MODDATE":1761830716000,"dbhLabel":"61 to 76.9 cm","wiresLabel":"Yes"}},{"type":"Feature","id":10652,"geometry":{"type":"Point","coordinates":[-63.6126795643579,44.6554490886468]},"properties":{"OBJECTID":10652,"ASSETID":"TRE135871","TREEID":"TRE135871","ASSETCODE":"TRE","ASSETSTAT":"INS","SP_SCIEN":"Acer Platanoides","SP_COMM":"Norway Maple","DBH":5,"WIRES":"N","OWNER":"HRM","MAINTBY":"HRM","MODDATE":1761830716000,"dbhLabel":"46 to 60.9 cm","wiresLabel":"No"}},{"type":"Feature","id":10668,"geometry":{"type":"Point","coordinates":[-63.612396035393,44.656322471831]},"properties":{"OBJECTID":10668,"ASSETID":"TRE135844","TREEID":"TRE135844","ASSETCODE":"TRE","ASSETSTAT":"INS","SP_SCIEN":"Acer Platanoides","SP_COMM":"Norway Maple","DBH":5,"WIRES":"N","OWNER":"HRM","MAINTBY":"HRM","MODDATE":1761830716000,"dbhLabel":"46 to 60.9 cm","wiresLabel":"No"}},{"type":"Feature","id":10673,"geometry":{"type":"Point","coordinates":[-63.6108500536536,44.6550775684032]},"properties":{"OBJECTID":10673,"ASSETID":"TRE135895","TREEID":"TRE135895","ASSETCODE":"TRE","ASSETSTAT":"INS","SP_SCIEN":"Acer Platanoides","SP_COMM":"Norway Maple","DBH":5,"WIRES":"N","OWNER":"HRM","MAINTBY":"HRM","MODDATE":1761830716000,"dbhLabel":"46 to 60.9 cm","wiresLabel":"No"}},{"type":"Feature","id":10699,"geometry":{"type":"Point","coordinates":[-63.6109702230858,44.6551669719596]},"properties":{"OBJECTID":10699,"ASSETID":"TRE135894","TREEID":"TRE135894","ASSETCODE":"TRE","ASSETSTAT":"INS","SP_SCIEN":"Acer Platanoides","SP_COMM":"Norway Maple","DBH":5,"WIRES":"N","OWNER":"HRM","MAINTBY":"HRM","MODDATE":1761830716000,"dbhLabel":"46 to 60.9 cm","wiresLabel":"No"}},{"type":"Feature","id":10715,"geometry":{"type":"Point","coordinates":[-63.6122526031882,44.6564757117043]},"properties":{"OBJECTID":10715,"ASSETID":"TRE135856","TREEID":"TRE135856","ASSETCODE":"TRE","ASSETSTAT":"INS","SP_SCIEN":"Pyrus ussuriensis","SP_COMM":"Ussurian Pear","DBH":2,"WIRES":"Y","OWNER":"HRM","MAINTBY":"HRM","MODDATE":1763666161000,"dbhLabel":"8 to 15.9 cm","wiresLabel":"Yes"}},{"type":"Feature","id":10719,"geometry":{"type":"Point","coordinates":[-63.6112428456049,44.6551819185481]},"properties":{"OBJECTID":10719,"ASSETID":"TRE137129","TREEID":"TRE137129","ASSETCODE":"TRE","ASSETSTAT":"INS","SP_SCIEN":"Ulmus americana","SP_COMM":"American Elm","DBH":7,"WIRES":"Y","OWNER":"HRM","MAINTBY":"HRM","MODDATE":1761830716000,"dbhLabel":"77 to 90.9 cm","wiresLabel":"Yes"}},{"type":"Feature","id":10744,"geometry":{"type":"Point","coordinates":[-63.5930597198506,44.6521023491847]},"properties":{"OBJECTID":10744,"ASSETID":"TRE137720","TREEID":"TRE137720","ASSETCODE":"TRE","ASSETSTAT":"INS","SP_SCIEN":"Acer rubrum","SP_COMM":"Red Maple","DBH":2,"WIRES":"Y","OWNER":"HRM","MAINTBY":"HRM","MODDATE":1761830716000,"dbhLabel":"8 to 15.9 cm","wiresLabel":"Yes"}},{"type":"Feature","id":10813,"geometry":{"type":"Point","coordinates":[-63.6118799119397,44.6549456718979]},"properties":{"OBJECTID":10813,"ASSETID":"TRE137134","TREEID":"TRE137134","ASSETCODE":"TRE","ASSETSTAT":"INS","SP_SCIEN":"Acer Platanoides","SP_COMM":"Norway Maple","DBH":7,"WIRES":"N","OWNER":"HRM","MAINTBY":"HRM","MODDATE":1761830716000,"dbhLabel":"77 to 90.9 cm","wiresLabel":"No"}},{"type":"Feature","id":10851,"geometry":{"type":"Point","coordinates":[-63.6115564160295,44.6550007271671]},"properties":{"OBJECTID":10851,"ASSETID":"TRE137127","TREEID":"TRE137127","ASSETCODE":"TRE","ASSETSTAT":"INS","SP_SCIEN":"Acer Platanoides","SP_COMM":"Norway Maple","DBH":6,"WIRES":"Y","OWNER":"HRM","MAINTBY":"HRM","MODDATE":1761830716000,"dbhLabel":"61 to 76.9 cm","wiresLabel":"Yes"}},{"type":"Feature","id":10869,"geometry":{"type":"Point","coordinates":[-63.612406748701,44.6555788778245]},"properties":{"OBJECTID":10869,"ASSETID":"TRE135869","TREEID":"TRE135869","ASSETCODE":"TRE","ASSETSTAT":"INS","SP_SCIEN":"Acer saccharum","SP_COMM":"Sugar Maple","DBH":3,"WIRES":"N","OWNER":"HRM","MAINTBY":"HRM","MODDATE":1761830716000,"dbhLabel":"16 to 30.9cm","wiresLabel":"No"}},{"type":"Feature","id":10909,"geometry":{"type":"Point","coordinates":[-63.6112673103233,44.6553880411319]},"properties":{"OBJECTID":10909,"ASSETID":"TRE135893","TREEID":"TRE135893","ASSETCODE":"TRE","ASSETSTAT":"INS","SP_SCIEN":"Acer Platanoides","SP_COMM":"Norway Maple","DBH":5,"WIRES":"N","OWNER":"HRM","MAINTBY":"HRM","MODDATE":1761830716000,"dbhLabel":"46 to 60.9 cm","wiresLabel":"No"}},{"type":"Feature","id":10926,"geometry":{"type":"Point","coordinates":[-63.5934590551303,44.6528200739784]},"properties":{"OBJECTID":10926,"ASSETID":"TRE137716","TREEID":"TRE137716","ASSETCODE":"TRE","ASSETSTAT":"INS","SP_SCIEN":"Ulmus americana","SP_COMM":"American Elm","DBH":5,"WIRES":"Y","OWNER":"HRM","MAINTBY":"HRM","MODDATE":1761830716000,"dbhLabel":"46 to 60.9 cm","wiresLabel":"Yes"}},{"type":"Feature","id":10937,"geometry":{"type":"Point","coordinates":[-63.5925135720056,44.6512191746745]},"properties":{"OBJECTID":10937,"ASSETID":"TRE137723","TREEID":"TRE137723","ASSETCODE":"TRE","ASSETSTAT":"INS","SP_SCIEN":"Quercus rubra","SP_COMM":"Northern Red Oak","DBH":2,"WIRES":"N","OWNER":"HRM","MAINTBY":"HRM","MODDATE":1761830716000,"dbhLabel":"8 to 15.9 cm","wiresLabel":"No"}},{"type":"Feature","id":10938,"geometry":{"type":"Point","coordinates":[-63.6121832460617,44.6564084931445]},"properties":{"OBJECTID":10938,"ASSETID":"TRE135857","TREEID":"TRE135857","ASSETCODE":"TRE","ASSETSTAT":"INS","SP_SCIEN":"Acer rubrum","SP_COMM":"Red Maple","DBH":3,"WIRES":"Y","OWNER":"HRM","MAINTBY":"HRM","MODDATE":1761830716000,"dbhLabel":"16 to 30.9cm","wiresLabel":"Yes"}},{"type":"Feature","id":10995,"geometry":{"type":"Point","coordinates":[-63.6122323596533,44.6562571573263]},"properties":{"OBJECTID":10995,"ASSETID":"TRE135865","TREEID":"TRE135865","ASSETCODE":"TRE","ASSETSTAT":"INS","SP_SCIEN":"Acer Platanoides","SP_COMM":"Norway Maple","DBH":5,"WIRES":"N","OWNER":"HRM","MAINTBY":"HRM","MODDATE":1761830716000,"dbhLabel":"46 to 60.9 cm","wiresLabel":"No"}},{"type":"Feature","id":11066,"geometry":{"type":"Point","coordinates":[-63.5939231221112,44.657656221724]},"properties":{"OBJECTID":11066,"ASSETID":"TRE139729","TREEID":"TRE139729","ASSETCODE":"TRE","ASSETSTAT":"INS","SP_SCIEN":"Ostrya virginiana","SP_COMM":"Eastern Hophornbeam","DBH":2,"WIRES":"Y","OWNER":"HRM","MAINTBY":"HRM","MODDATE":1761830716000,"dbhLabel":"8 to 15.9 cm","wiresLabel":"Yes"}},{"type":"Feature","id":11077,"geometry":{"type":"Point","coordinates":[-63.5937978816892,44.6569782307996]},"properties":{"OBJECTID":11077,"ASSETID":"TRE139716","TREEID":"TRE139716","ASSETCODE":"TRE","ASSETSTAT":"INS","SP_SCIEN":"Celtis occidentalis","SP_COMM":"Northern Hackberry","DBH":4,"WIRES":"Y","OWNER":"HRM","MAINTBY":"HRM","MODDATE":1761830716000,"dbhLabel":"31 to 45.9 cm","wiresLabel":"Yes"}},{"type":"Feature","id":11116,"geometry":{"type":"Point","coordinates":[-63.5928778370567,44.6563368487697]},"properties":{"OBJECTID":11116,"ASSETID":"TRE139708","TREEID":"TRE139708","ASSETCODE":"TRE","ASSETSTAT":"INS","SP_SCIEN":"Ulmus americana","SP_COMM":"American Elm","DBH":5,"WIRES":"Y","OWNER":"HRM","MAINTBY":"HRM","MODDATE":1761830716000,"dbhLabel":"46 to 60.9 cm","wiresLabel":"Yes"}},{"type":"Feature","id":11117,"geometry":{"type":"Point","coordinates":[-63.5934575684185,44.6568888619856]},"properties":{"OBJECTID":11117,"ASSETID":"TRE139699","TREEID":"TRE139699","ASSETCODE":"TRE","ASSETSTAT":"INS","SP_SCIEN":"Quercus bicolor","SP_COMM":"Swamp White Oak","DBH":1,"WIRES":"N","OWNER":"HRM","MAINTBY":"HRM","MODDATE":1761830716000,"dbhLabel":"0 to 7.9 cm","wiresLabel":"No"}},{"type":"Feature","id":11126,"geometry":{"type":"Point","coordinates":[-63.5937019443118,44.6570580349932]},"properties":{"OBJECTID":11126,"ASSETID":"TRE139696","TREEID":"TRE139696","ASSETCODE":"TRE","ASSETSTAT":"INS","SP_SCIEN":"Quercus robur","SP_COMM":"English Oak","DBH":3,"WIRES":"Y","OWNER":"HRM","MAINTBY":"HRM","MODDATE":1761830716000,"dbhLabel":"16 to 30.9cm","wiresLabel":"Yes"}},{"type":"Feature","id":11157,"geometry":{"type":"Point","coordinates":[-63.5931935391835,44.6565569338935]},"properties":{"OBJECTID":11157,"ASSETID":"TRE139712","TREEID":"TRE139712","ASSETCODE":"TRE","ASSETSTAT":"INS","SP_SCIEN":"Acer Platanoides","SP_COMM":"Norway Maple","DBH":4,"WIRES":"Y","OWNER":"HRM","MAINTBY":"HRM","MODDATE":1761830716000,"dbhLabel":"31 to 45.9 cm","wiresLabel":"Yes"}},{"type":"Feature","id":11181,"geometry":{"type":"Point","coordinates":[-63.5940684344898,44.657166860924]},"properties":{"OBJECTID":11181,"ASSETID":"TRE139719","TREEID":"TRE139719","ASSETCODE":"TRE","ASSETSTAT":"INS","SP_SCIEN":"Ulmus americana","SP_COMM":"American Elm","DBH":8,"WIRES":"Y","OWNER":"HRM","MAINTBY":"HRM","MODDATE":1761830716000,"dbhLabel":"91 to 106.9 cm","wiresLabel":"Yes"}},{"type":"Feature","id":11220,"geometry":{"type":"Point","coordinates":[-63.59380149112,44.6571269531648]},"properties":{"OBJECTID":11220,"ASSETID":"TRE139695","TREEID":"TRE139695","ASSETCODE":"TRE","ASSETSTAT":"INS","SP_SCIEN":"Acer griseum","SP_COMM":"Paperbark Maple","DBH":2,"WIRES":"Y","OWNER":"HRM","MAINTBY":"HRM","MODDATE":1761830716000,"dbhLabel":"8 to 15.9 cm","wiresLabel":"Yes"}},{"type":"Feature","id":11242,"geometry":{"type":"Point","coordinates":[-63.5935208125095,44.6569327246599]},"properties":{"OBJECTID":11242,"ASSETID":"TRE139698","TREEID":"TRE139698","ASSETCODE":"TRE","ASSETSTAT":"INS","SP_SCIEN":"Ulmus americana","SP_COMM":"American Elm","DBH":1,"WIRES":"N","OWNER":"HRM","MAINTBY":"HRM","MODDATE":1761830716000,"dbhLabel":"0 to 7.9 cm","wiresLabel":"No"}},{"type":"Feature","id":11357,"geometry":{"type":"Point","coordinates":[-63.5941514406187,44.6574883431398]},"properties":{"OBJECTID":11357,"ASSETID":"TRE139726","TREEID":"TRE139726","ASSETCODE":"TRE","ASSETSTAT":"INS","SP_SCIEN":"Acer griseum","SP_COMM":"Paperbark Maple","DBH":1,"WIRES":"Y","OWNER":"HRM","MAINTBY":"HRM","MODDATE":1761830716000,"dbhLabel":"0 to 7.9 cm","wiresLabel":"Yes"}},{"type":"Feature","id":11413,"geometry":{"type":"Point","coordinates":[-63.5927786747274,44.6562676804473]},"properties":{"OBJECTID":11413,"ASSETID":"TRE139707","TREEID":"TRE139707","ASSETCODE":"TRE","ASSETSTAT":"INS","SP_SCIEN":"Ulmus americana","SP_COMM":"American Elm","DBH":6,"WIRES":"Y","OWNER":"HRM","MAINTBY":"HRM","MODDATE":1761830716000,"dbhLabel":"61 to 76.9 cm","wiresLabel":"Yes"}},{"type":"Feature","id":11454,"geometry":{"type":"Point","coordinates":[-63.5929778015815,44.6565567952304]},"properties":{"OBJECTID":11454,"ASSETID":"TRE139704","TREEID":"TRE139704","ASSETCODE":"TRE","ASSETSTAT":"INS","SP_SCIEN":"Ulmus americana","SP_COMM":"American Elm","DBH":8,"WIRES":"Y","OWNER":"HRM","MAINTBY":"HRM","MODDATE":1761830716000,"dbhLabel":"91 to 106.9 cm","wiresLabel":"Yes"}},{"type":"Feature","id":11474,"geometry":{"type":"Point","coordinates":[-63.5940733204267,44.6568368967857]},"properties":{"OBJECTID":11474,"ASSETID":"TRE139672","TREEID":"TRE139672","ASSETCODE":"TRE","ASSETSTAT":"INS","SP_SCIEN":"Ulmus americana","SP_COMM":"American Elm","DBH":4,"WIRES":"N","OWNER":"HRM","MAINTBY":"HRM","MODDATE":1761830716000,"dbhLabel":"31 to 45.9 cm","wiresLabel":"No"}},{"type":"Feature","id":11498,"geometry":{"type":"Point","coordinates":[-63.5939241138512,44.6570662601417]},"properties":{"OBJECTID":11498,"ASSETID":"TRE139717","TREEID":"TRE139717","ASSETCODE":"TRE","ASSETSTAT":"INS","SP_SCIEN":"Ginkgo biloba","SP_COMM":"Ginkgo","DBH":1,"WIRES":"Y","OWNER":"HRM","MAINTBY":"HRM","MODDATE":1761830716000,"dbhLabel":"0 to 7.9 cm","wiresLabel":"Yes"}},{"type":"Feature","id":11508,"geometry":{"type":"Point","coordinates":[-63.5930683661352,44.6566194511565]},"properties":{"OBJECTID":11508,"ASSETID":"TRE139703","TREEID":"TRE139703","ASSETCODE":"TRE","ASSETSTAT":"INS","SP_SCIEN":"Tilia (genus)","SP_COMM":"Linden","DBH":6,"WIRES":"N","OWNER":"HRM","MAINTBY":"HRM","MODDATE":1761830716000,"dbhLabel":"61 to 76.9 cm","wiresLabel":"No"}},{"type":"Feature","id":11525,"geometry":{"type":"Point","coordinates":[-63.5909259668275,44.6575317855441]},"properties":{"OBJECTID":11525,"ASSETID":"TRE139745","TREEID":"TRE139745","ASSETCODE":"TRE","ASSETSTAT":"INS","SP_SCIEN":"Tilia (genus)","SP_COMM":"Linden","DBH":6,"WIRES":"Y","OWNER":"HRM","MAINTBY":"HRM","MODDATE":1761830716000,"dbhLabel":"61 to 76.9 cm","wiresLabel":"Yes"}},{"type":"Feature","id":11548,"geometry":{"type":"Point","coordinates":[-63.5908633614388,44.6575761959853]},"properties":{"OBJECTID":11548,"ASSETID":"TRE139744","TREEID":"TRE139744","ASSETCODE":"TRE","ASSETSTAT":"INS","SP_SCIEN":"Ulmus americana","SP_COMM":"American Elm","DBH":2,"WIRES":"N","OWNER":"HRM","MAINTBY":"HRM","MODDATE":1761830716000,"dbhLabel":"8 to 15.9 cm","wiresLabel":"No"}},{"type":"Feature","id":11564,"geometry":{"type":"Point","coordinates":[-63.5914578709854,44.6576901392414]},"properties":{"OBJECTID":11564,"ASSETID":"TRE139847","TREEID":"TRE139847","ASSETCODE":"TRE","ASSETSTAT":"INS","SP_SCIEN":"Ulmus americana","SP_COMM":"American Elm","DBH":7,"WIRES":"Y","OWNER":"HRM","MAINTBY":"HRM","MODDATE":1761830716000,"dbhLabel":"77 to 90.9 cm","wiresLabel":"Yes"}},{"type":"Feature","id":11576,"geometry":{"type":"Point","coordinates":[-63.5936896104429,44.6569027723159]},"properties":{"OBJECTID":11576,"ASSETID":"TRE139715","TREEID":"TRE139715","ASSETCODE":"TRE","ASSETSTAT":"INS","SP_SCIEN":"Acer Platanoides","SP_COMM":"Norway Maple","DBH":4,"WIRES":"Y","OWNER":"HRM","MAINTBY":"HRM","MODDATE":1761830716000,"dbhLabel":"31 to 45.9 cm","wiresLabel":"Yes"}},{"type":"Feature","id":11582,"geometry":{"type":"Point","coordinates":[-63.5940276545692,44.6572835794918]},"properties":{"OBJECTID":11582,"ASSETID":"TRE139693","TREEID":"TRE139693","ASSETCODE":"TRE","ASSETSTAT":"INS","SP_SCIEN":"Tilia (genus)","SP_COMM":"Linden","DBH":5,"WIRES":"Y","OWNER":"HRM","MAINTBY":"HRM","MODDATE":1761830716000,"dbhLabel":"46 to 60.9 cm","wiresLabel":"Yes"}},{"type":"Feature","id":11595,"geometry":{"type":"Point","coordinates":[-63.593276564177,44.6567635615107]},"properties":{"OBJECTID":11595,"ASSETID":"TRE139701","TREEID":"TRE139701","ASSETCODE":"TRE","ASSETSTAT":"INS","SP_SCIEN":"Acer Platanoides","SP_COMM":"Norway Maple","DBH":4,"WIRES":"Y","OWNER":"HRM","MAINTBY":"HRM","MODDATE":1761830716000,"dbhLabel":"31 to 45.9 cm","wiresLabel":"Yes"}},{"type":"Feature","id":11639,"geometry":{"type":"Point","coordinates":[-63.5930402407819,44.6564500410776]},"properties":{"OBJECTID":11639,"ASSETID":"TRE139710","TREEID":"TRE139710","ASSETCODE":"TRE","ASSETSTAT":"INS","SP_SCIEN":"Acer Platanoides","SP_COMM":"Norway Maple","DBH":4,"WIRES":"Y","OWNER":"HRM","MAINTBY":"HRM","MODDATE":1761830716000,"dbhLabel":"31 to 45.9 cm","wiresLabel":"Yes"}},{"type":"Feature","id":11689,"geometry":{"type":"Point","coordinates":[-63.5931588049247,44.656682105737]},"properties":{"OBJECTID":11689,"ASSETID":"TRE139702","TREEID":"TRE139702","ASSETCODE":"TRE","ASSETSTAT":"INS","SP_SCIEN":"Acer saccharum","SP_COMM":"Sugar Maple","DBH":3,"WIRES":"Y","OWNER":"HRM","MAINTBY":"HRM","MODDATE":1761830716000,"dbhLabel":"16 to 30.9cm","wiresLabel":"Yes"}},{"type":"Feature","id":11709,"geometry":{"type":"Point","coordinates":[-63.5936084072328,44.656846176312]},"properties":{"OBJECTID":11709,"ASSETID":"TRE139714","TREEID":"TRE139714","ASSETCODE":"TRE","ASSETSTAT":"INS","SP_SCIEN":"Ulmus americana","SP_COMM":"American Elm","DBH":6,"WIRES":"Y","OWNER":"HRM","MAINTBY":"HRM","MODDATE":1761830716000,"dbhLabel":"61 to 76.9 cm","wiresLabel":"Yes"}},{"type":"Feature","id":11742,"geometry":{"type":"Point","coordinates":[-63.5929771260484,44.6564060170095]},"properties":{"OBJECTID":11742,"ASSETID":"TRE139709","TREEID":"TRE139709","ASSETCODE":"TRE","ASSETSTAT":"INS","SP_SCIEN":"Ulmus americana","SP_COMM":"American Elm","DBH":6,"WIRES":"Y","OWNER":"HRM","MAINTBY":"HRM","MODDATE":1761830716000,"dbhLabel":"61 to 76.9 cm","wiresLabel":"Yes"}},{"type":"Feature","id":11747,"geometry":{"type":"Point","coordinates":[-63.5939461953392,44.6572271979223]},"properties":{"OBJECTID":11747,"ASSETID":"TRE139694","TREEID":"TRE139694","ASSETCODE":"TRE","ASSETSTAT":"INS","SP_SCIEN":"Acer rubrum","SP_COMM":"Red Maple","DBH":3,"WIRES":"N","OWNER":"HRM","MAINTBY":"HRM","MODDATE":1761830716000,"dbhLabel":"16 to 30.9cm","wiresLabel":"No"}},{"type":"Feature","id":11769,"geometry":{"type":"Point","coordinates":[-63.5940811600241,44.6575399927337]},"properties":{"OBJECTID":11769,"ASSETID":"TRE139727","TREEID":"TRE139727","ASSETCODE":"TRE","ASSETSTAT":"INS","SP_SCIEN":"Acer Platanoides","SP_COMM":"Norway Maple","DBH":4,"WIRES":"Y","OWNER":"HRM","MAINTBY":"HRM","MODDATE":1761830716000,"dbhLabel":"31 to 45.9 cm","wiresLabel":"Yes"}},{"type":"Feature","id":11784,"geometry":{"type":"Point","coordinates":[-63.5937352044352,44.6576425991195]},"properties":{"OBJECTID":11784,"ASSETID":"TRE139740","TREEID":"TRE139740","ASSETCODE":"TRE","ASSETSTAT":"INS","SP_SCIEN":"Acer Platanoides","SP_COMM":"Norway Maple","DBH":4,"WIRES":"Y","OWNER":"HRM","MAINTBY":"HRM","MODDATE":1761830716000,"dbhLabel":"31 to 45.9 cm","wiresLabel":"Yes"}},{"type":"Feature","id":11785,"geometry":{"type":"Point","coordinates":[-63.5939782499235,44.657103984497]},"properties":{"OBJECTID":11785,"ASSETID":"TRE139718","TREEID":"TRE139718","ASSETCODE":"TRE","ASSETSTAT":"INS","SP_SCIEN":"Ulmus americana","SP_COMM":"American Elm","DBH":7,"WIRES":"Y","OWNER":"HRM","MAINTBY":"HRM","MODDATE":1761830716000,"dbhLabel":"77 to 90.9 cm","wiresLabel":"Yes"}},{"type":"Feature","id":11841,"geometry":{"type":"Point","coordinates":[-63.5932928281752,44.6566261025098]},"properties":{"OBJECTID":11841,"ASSETID":"TRE139713","TREEID":"TRE139713","ASSETCODE":"TRE","ASSETSTAT":"INS","SP_SCIEN":"Ulmus americana","SP_COMM":"American Elm","DBH":7,"WIRES":"Y","OWNER":"HRM","MAINTBY":"HRM","MODDATE":1761830716000,"dbhLabel":"77 to 90.9 cm","wiresLabel":"Yes"}},{"type":"Feature","id":11910,"geometry":{"type":"Point","coordinates":[-63.5942899949715,44.6574653496945]},"properties":{"OBJECTID":11910,"ASSETID":"TRE139692","TREEID":"TRE139692","ASSETCODE":"TRE","ASSETSTAT":"INS","SP_SCIEN":"Ulmus americana","SP_COMM":"American Elm","DBH":8,"WIRES":"Y","OWNER":"HRM","MAINTBY":"HRM","MODDATE":1761830716000,"dbhLabel":"91 to 106.9 cm","wiresLabel":"Yes"}},{"type":"Feature","id":12054,"geometry":{"type":"Point","coordinates":[-63.570995501963,44.6398297163129]},"properties":{"OBJECTID":12054,"ASSETID":"TRE245281","TREEID":"TRE245281","ASSETCODE":"TRE","ASSETSTAT":"INS","SP_SCIEN":"Gymnocladus dioicus","SP_COMM":"Kentucky Coffeetree","DBH":1,"WIRES":"Y","OWNER":"HRM","MAINTBY":"HRM","MODDATE":1763734713000,"dbhLabel":"0 to 7.9 cm","wiresLabel":"Yes"}},{"type":"Feature","id":12065,"geometry":{"type":"Point","coordinates":[-63.5789783951083,44.6425243066268]},"properties":{"OBJECTID":12065,"ASSETID":"TRE246745","TREEID":"TRE246745","ASSETCODE":"TRE","ASSETSTAT":"INS","SP_SCIEN":"Acer (genus)","SP_COMM":"Maple","DBH":2,"WIRES":"N","OWNER":"HRM","MAINTBY":"HRM","MODDATE":1763734713000,"dbhLabel":"8 to 15.9 cm","wiresLabel":"No"}},{"type":"Feature","id":12090,"geometry":{"type":"Point","coordinates":[-63.5773563539122,44.6429206974097]},"properties":{"OBJECTID":12090,"ASSETID":"TRE243868","TREEID":"TRE243868","ASSETCODE":"TRE","ASSETSTAT":"INS","SP_SCIEN":"Ulmus americana","SP_COMM":"American Elm","DBH":1,"WIRES":"N","OWNER":"HRM","MAINTBY":"HRM","MODDATE":1763734713000,"dbhLabel":"0 to 7.9 cm","wiresLabel":"No"}},{"type":"Feature","id":12091,"geometry":{"type":"Point","coordinates":[-63.5912334502678,44.6529757092839]},"properties":{"OBJECTID":12091,"ASSETID":"TRE245853","TREEID":"TRE245853","ASSETCODE":"TRE","ASSETSTAT":"INS","SP_SCIEN":"Acer rubrum","SP_COMM":"Red Maple","DBH":1,"WIRES":"N","OWNER":"HRM","MAINTBY":"HRM","MODDATE":1763734713000,"dbhLabel":"0 to 7.9 cm","wiresLabel":"No"}},{"type":"Feature","id":12107,"geometry":{"type":"Point","coordinates":[-63.5946466315292,44.6509548084673]},"properties":{"OBJECTID":12107,"ASSETID":"TRE245065","TREEID":"TRE245065","ASSETCODE":"TRE","ASSETSTAT":"INS","SP_SCIEN":"Syringa reticulata","SP_COMM":"Japanese Tree Lilac","DBH":1,"WIRES":"N","OWNER":"HRM","MAINTBY":"HRM","MODDATE":1763734713000,"dbhLabel":"0 to 7.9 cm","wiresLabel":"No"}},{"type":"Feature","id":12132,"geometry":{"type":"Point","coordinates":[-63.5926732610221,44.6571605693865]},"properties":{"OBJECTID":12132,"ASSETID":"TRE245077","TREEID":"TRE245077","ASSETCODE":"TRE","ASSETSTAT":"INS","SP_SCIEN":"Syringa reticulata","SP_COMM":"Japanese Tree Lilac","DBH":1,"WIRES":"Y","OWNER":"HRM","MAINTBY":"HRM","MODDATE":1763734713000,"dbhLabel":"0 to 7.9 cm","wiresLabel":"Yes"}},{"type":"Feature","id":12137,"geometry":{"type":"Point","coordinates":[-63.5773838145121,44.642985737399]},"properties":{"OBJECTID":12137,"ASSETID":"TRE244251","TREEID":"TRE244251","ASSETCODE":"TRE","ASSETSTAT":"INS","SP_SCIEN":"Quercus macrocarpa","SP_COMM":"Bur Oak","DBH":1,"WIRES":"N","OWNER":"HRM","MAINTBY":"HRM","MODDATE":1763734713000,"dbhLabel":"0 to 7.9 cm","wiresLabel":"No"}},{"type":"Feature","id":12139,"geometry":{"type":"Point","coordinates":[-63.5910408775221,44.6511400839449]},"properties":{"OBJECTID":12139,"ASSETID":"TRE269957","TREEID":"TRE269957","ASSETCODE":"TRE","ASSETSTAT":"INS","SP_SCIEN":"Acer rubrum","SP_COMM":"Red Maple","DBH":2,"WIRES":"Y","OWNER":null,"MAINTBY":null,"MODDATE":1761830716000,"dbhLabel":"8 to 15.9 cm","wiresLabel":"Yes"}},{"type":"Feature","id":12177,"geometry":{"type":"Point","coordinates":[-63.5781881543394,44.6427450769302]},"properties":{"OBJECTID":12177,"ASSETID":"TRE246747","TREEID":"TRE246747","ASSETCODE":"TRE","ASSETSTAT":"INS","SP_SCIEN":"Amelanchier (genus)","SP_COMM":"Serviceberry","DBH":1,"WIRES":"N","OWNER":"HRM","MAINTBY":"HRM","MODDATE":1763734713000,"dbhLabel":"0 to 7.9 cm","wiresLabel":"No"}},{"type":"Feature","id":12185,"geometry":{"type":"Point","coordinates":[-63.5947511810552,44.6508804585895]},"properties":{"OBJECTID":12185,"ASSETID":"TRE246247","TREEID":"TRE246247","ASSETCODE":"TRE","ASSETSTAT":"INS","SP_SCIEN":"Quercus rubra","SP_COMM":"Northern Red Oak","DBH":1,"WIRES":"Y","OWNER":"HRM","MAINTBY":"HRM","MODDATE":1763734713000,"dbhLabel":"0 to 7.9 cm","wiresLabel":"Yes"}},{"type":"Feature","id":12200,"geometry":{"type":"Point","coordinates":[-63.5924626501054,44.6570241458609]},"properties":{"OBJECTID":12200,"ASSETID":"TRE269188","TREEID":"TRE269188","ASSETCODE":"TRE","ASSETSTAT":"INS","SP_SCIEN":"Ginkgo biloba","SP_COMM":"Ginkgo","DBH":1,"WIRES":"Y","OWNER":null,"MAINTBY":null,"MODDATE":1761830716000,"dbhLabel":"0 to 7.9 cm","wiresLabel":"Yes"}},{"type":"Feature","id":12201,"geometry":{"type":"Point","coordinates":[-63.6116033772576,44.6556102897154]},"properties":{"OBJECTID":12201,"ASSETID":"TRE244093","TREEID":"TRE244093","ASSETCODE":"TRE","ASSETSTAT":"INS","SP_SCIEN":"Tilia americana","SP_COMM":"American Basswood","DBH":1,"WIRES":"Y","OWNER":"HRM","MAINTBY":"HRM","MODDATE":1763734713000,"dbhLabel":"0 to 7.9 cm","wiresLabel":"Yes"}},{"type":"Feature","id":12226,"geometry":{"type":"Point","coordinates":[-63.6121863290798,44.6556919949307]},"properties":{"OBJECTID":12226,"ASSETID":"TRE269225","TREEID":"TRE269225","ASSETCODE":"TRE","ASSETSTAT":"INS","SP_SCIEN":"Syringa reticulata","SP_COMM":"Japanese Tree Lilac","DBH":1,"WIRES":"N","OWNER":null,"MAINTBY":null,"MODDATE":1761830716000,"dbhLabel":"0 to 7.9 cm","wiresLabel":"No"}},{"type":"Feature","id":12276,"geometry":{"type":"Point","coordinates":[-63.5772564747273,44.6429656667922]},"properties":{"OBJECTID":12276,"ASSETID":"TRE243869","TREEID":"TRE243869","ASSETCODE":"TRE","ASSETSTAT":"INS","SP_SCIEN":"Ulmus americana","SP_COMM":"American Elm","DBH":1,"WIRES":"N","OWNER":"HRM","MAINTBY":"HRM","MODDATE":1763734713000,"dbhLabel":"0 to 7.9 cm","wiresLabel":"No"}},{"type":"Feature","id":12297,"geometry":{"type":"Point","coordinates":[-63.5713830917704,44.6375306153793]},"properties":{"OBJECTID":12297,"ASSETID":"TRE245436","TREEID":"TRE245436","ASSETCODE":"TRE","ASSETSTAT":"INS","SP_SCIEN":"Tilia cordata","SP_COMM":"Littleleaf Linden","DBH":1,"WIRES":"N","OWNER":"HRM","MAINTBY":"HRM","MODDATE":1763734713000,"dbhLabel":"0 to 7.9 cm","wiresLabel":"No"}},{"type":"Feature","id":12303,"geometry":{"type":"Point","coordinates":[-63.5946417509823,44.6508994189613]},"properties":{"OBJECTID":12303,"ASSETID":"TRE246422","TREEID":"TRE246422","ASSETCODE":"TRE","ASSETSTAT":"INS","SP_SCIEN":"Tilia (genus)","SP_COMM":"Linden","DBH":1,"WIRES":"N","OWNER":"HRM","MAINTBY":"HRM","MODDATE":1763734713000,"dbhLabel":"0 to 7.9 cm","wiresLabel":"No"}},{"type":"Feature","id":12327,"geometry":{"type":"Point","coordinates":[-63.612449937005,44.6546178492647]},"properties":{"OBJECTID":12327,"ASSETID":"TRE244094","TREEID":"TRE244094","ASSETCODE":"TRE","ASSETSTAT":"INS","SP_SCIEN":"Tilia americana","SP_COMM":"American Basswood","DBH":1,"WIRES":"Y","OWNER":"HRM","MAINTBY":"HRM","MODDATE":1763734713000,"dbhLabel":"0 to 7.9 cm","wiresLabel":"Yes"}},{"type":"Feature","id":12336,"geometry":{"type":"Point","coordinates":[-63.5791908655376,44.6425708569471]},"properties":{"OBJECTID":12336,"ASSETID":"TRE243872","TREEID":"TRE243872","ASSETCODE":"TRE","ASSETSTAT":"INS","SP_SCIEN":"Quercus macrocarpa","SP_COMM":"Bur Oak","DBH":1,"WIRES":"N","OWNER":"HRM","MAINTBY":"HRM","MODDATE":1763734713000,"dbhLabel":"0 to 7.9 cm","wiresLabel":"No"}},{"type":"Feature","id":12337,"geometry":{"type":"Point","coordinates":[-63.593263323908,44.6521562626157]},"properties":{"OBJECTID":12337,"ASSETID":"TRE269216","TREEID":"TRE269216","ASSETCODE":"TRE","ASSETSTAT":"INS","SP_SCIEN":"Carpinus betulus","SP_COMM":"European Hornbeam","DBH":1,"WIRES":"Y","OWNER":null,"MAINTBY":null,"MODDATE":1761830716000,"dbhLabel":"0 to 7.9 cm","wiresLabel":"Yes"}},{"type":"Feature","id":12343,"geometry":{"type":"Point","coordinates":[-63.5782916743961,44.6427191669348]},"properties":{"OBJECTID":12343,"ASSETID":"TRE245245","TREEID":"TRE245245","ASSETCODE":"TRE","ASSETSTAT":"INS","SP_SCIEN":"Syringa reticulata","SP_COMM":"Japanese Tree Lilac","DBH":1,"WIRES":"N","OWNER":"HRM","MAINTBY":"HRM","MODDATE":1763734713000,"dbhLabel":"0 to 7.9 cm","wiresLabel":"No"}},{"type":"Feature","id":12348,"geometry":{"type":"Point","coordinates":[-63.6126848778928,44.6562162099194]},"properties":{"OBJECTID":12348,"ASSETID":"TRE246531","TREEID":"TRE246531","ASSETCODE":"TRE","ASSETSTAT":"INS","SP_SCIEN":"Acer saccharum","SP_COMM":"Sugar Maple","DBH":1,"WIRES":"N","OWNER":"HRM","MAINTBY":"HRM","MODDATE":1763734713000,"dbhLabel":"0 to 7.9 cm","wiresLabel":"No"}},{"type":"Feature","id":12365,"geometry":{"type":"Point","coordinates":[-63.5793336150228,44.642471736697]},"properties":{"OBJECTID":12365,"ASSETID":"TRE243944","TREEID":"TRE243944","ASSETCODE":"TRE","ASSETSTAT":"INS","SP_SCIEN":"Gymnocladus dioicus","SP_COMM":"Kentucky Coffeetree","DBH":1,"WIRES":"N","OWNER":"HRM","MAINTBY":"HRM","MODDATE":1763734713000,"dbhLabel":"0 to 7.9 cm","wiresLabel":"No"}},{"type":"Feature","id":12386,"geometry":{"type":"Point","coordinates":[-63.5763935144378,44.6431929873245]},"properties":{"OBJECTID":12386,"ASSETID":"TRE246748","TREEID":"TRE246748","ASSETCODE":"TRE","ASSETSTAT":"INS","SP_SCIEN":"Acer rubrum","SP_COMM":"Red Maple","DBH":1,"WIRES":"N","OWNER":"HRM","MAINTBY":"HRM","MODDATE":1763734713000,"dbhLabel":"0 to 7.9 cm","wiresLabel":"No"}},{"type":"Feature","id":12403,"geometry":{"type":"Point","coordinates":[-63.5917411412355,44.652039173942]},"properties":{"OBJECTID":12403,"ASSETID":"TRE245768","TREEID":"TRE245768","ASSETCODE":"TRE","ASSETSTAT":"INS","SP_SCIEN":"Quercus palustris","SP_COMM":"Pin Oak","DBH":1,"WIRES":"N","OWNER":"HRM","MAINTBY":"HRM","MODDATE":1763734713000,"dbhLabel":"0 to 7.9 cm","wiresLabel":"No"}},{"type":"Feature","id":12407,"geometry":{"type":"Point","coordinates":[-63.578518814314,44.6426398773425]},"properties":{"OBJECTID":12407,"ASSETID":"TRE244156","TREEID":"TRE244156","ASSETCODE":"TRE","ASSETSTAT":"INS","SP_SCIEN":"Betula (genus)","SP_COMM":"Birch","DBH":1,"WIRES":"N","OWNER":"HRM","MAINTBY":"HRM","MODDATE":1763734713000,"dbhLabel":"0 to 7.9 cm","wiresLabel":"No"}},{"type":"Feature","id":12415,"geometry":{"type":"Point","coordinates":[-63.5914706108927,44.6523016787725]},"properties":{"OBJECTID":12415,"ASSETID":"TRE244321","TREEID":"TRE244321","ASSETCODE":"TRE","ASSETSTAT":"INS","SP_SCIEN":"Quercus robur","SP_COMM":"English Oak","DBH":1,"WIRES":"N","OWNER":"HRM","MAINTBY":"HRM","MODDATE":1763734713000,"dbhLabel":"0 to 7.9 cm","wiresLabel":"No"}},{"type":"Feature","id":12435,"geometry":{"type":"Point","coordinates":[-63.5910698257321,44.6509211030137]},"properties":{"OBJECTID":12435,"ASSETID":"TRE269744","TREEID":"TRE269744","ASSETCODE":"TRE","ASSETSTAT":"INS","SP_SCIEN":"Acer saccharum","SP_COMM":"Sugar Maple","DBH":1,"WIRES":"N","OWNER":null,"MAINTBY":null,"MODDATE":1761830716000,"dbhLabel":"0 to 7.9 cm","wiresLabel":"No"}},{"type":"Feature","id":12458,"geometry":{"type":"Point","coordinates":[-63.5778075040175,44.6405548866227]},"properties":{"OBJECTID":12458,"ASSETID":"TRE245813","TREEID":"TRE245813","ASSETCODE":"TRE","ASSETSTAT":"INS","SP_SCIEN":"Acer freemanii","SP_COMM":"Red Maple","DBH":1,"WIRES":"N","OWNER":"HRM","MAINTBY":"HRM","MODDATE":1763734713000,"dbhLabel":"0 to 7.9 cm","wiresLabel":"No"}},{"type":"Feature","id":12459,"geometry":{"type":"Point","coordinates":[-63.6122733372033,44.6547157103375]},"properties":{"OBJECTID":12459,"ASSETID":"TRE245988","TREEID":"TRE245988","ASSETCODE":"TRE","ASSETSTAT":"INS","SP_SCIEN":"Acer rubrum","SP_COMM":"Red Maple","DBH":1,"WIRES":"Y","OWNER":"HRM","MAINTBY":"HRM","MODDATE":1763734713000,"dbhLabel":"0 to 7.9 cm","wiresLabel":"Yes"}},{"type":"Feature","id":12477,"geometry":{"type":"Point","coordinates":[-63.5933419300886,44.6567914934138]},"properties":{"OBJECTID":12477,"ASSETID":"TRE269190","TREEID":"TRE269190","ASSETCODE":"TRE","ASSETSTAT":"INS","SP_SCIEN":"Acer rubrum","SP_COMM":"Red Maple","DBH":1,"WIRES":"N","OWNER":null,"MAINTBY":null,"MODDATE":1761830716000,"dbhLabel":"0 to 7.9 cm","wiresLabel":"No"}},{"type":"Feature","id":12486,"geometry":{"type":"Point","coordinates":[-63.576538853766,44.6431818373832]},"properties":{"OBJECTID":12486,"ASSETID":"TRE245619","TREEID":"TRE245619","ASSETCODE":"TRE","ASSETSTAT":"INS","SP_SCIEN":"Quercus macrocarpa","SP_COMM":"Bur Oak","DBH":1,"WIRES":"N","OWNER":"HRM","MAINTBY":"HRM","MODDATE":1763734713000,"dbhLabel":"0 to 7.9 cm","wiresLabel":"No"}},{"type":"Feature","id":12495,"geometry":{"type":"Point","coordinates":[-63.5782826750736,44.6427183469009]},"properties":{"OBJECTID":12495,"ASSETID":"TRE245247","TREEID":"TRE245247","ASSETCODE":"TRE","ASSETSTAT":"INS","SP_SCIEN":"Syringa reticulata","SP_COMM":"Japanese Tree Lilac","DBH":1,"WIRES":"N","OWNER":"HRM","MAINTBY":"HRM","MODDATE":1763734713000,"dbhLabel":"0 to 7.9 cm","wiresLabel":"No"}},{"type":"Feature","id":12512,"geometry":{"type":"Point","coordinates":[-63.5776988042749,44.6428317370821]},"properties":{"OBJECTID":12512,"ASSETID":"TRE244253","TREEID":"TRE244253","ASSETCODE":"TRE","ASSETSTAT":"INS","SP_SCIEN":"Quercus macrocarpa","SP_COMM":"Bur Oak","DBH":1,"WIRES":"N","OWNER":"HRM","MAINTBY":"HRM","MODDATE":1763734713000,"dbhLabel":"0 to 7.9 cm","wiresLabel":"No"}},{"type":"Feature","id":12526,"geometry":{"type":"Point","coordinates":[-63.5714624327729,44.637513125936]},"properties":{"OBJECTID":12526,"ASSETID":"TRE244214","TREEID":"TRE244214","ASSETCODE":"TRE","ASSETSTAT":"INS","SP_SCIEN":"Quercus macrocarpa","SP_COMM":"Bur Oak","DBH":1,"WIRES":"N","OWNER":"HRM","MAINTBY":"HRM","MODDATE":1763734713000,"dbhLabel":"0 to 7.9 cm","wiresLabel":"No"}},{"type":"Feature","id":12548,"geometry":{"type":"Point","coordinates":[-63.5789276456847,44.6425554469167]},"properties":{"OBJECTID":12548,"ASSETID":"TRE244157","TREEID":"TRE244157","ASSETCODE":"TRE","ASSETSTAT":"INS","SP_SCIEN":"Betula (genus)","SP_COMM":"Birch","DBH":1,"WIRES":"N","OWNER":"HRM","MAINTBY":"HRM","MODDATE":1763734713000,"dbhLabel":"0 to 7.9 cm","wiresLabel":"No"}},{"type":"Feature","id":12555,"geometry":{"type":"Point","coordinates":[-63.5947809512237,44.6511107683089]},"properties":{"OBJECTID":12555,"ASSETID":"TRE245495","TREEID":"TRE245495","ASSETCODE":"TRE","ASSETSTAT":"INS","SP_SCIEN":"Platanus hybrida","SP_COMM":"London Planetree","DBH":1,"WIRES":"N","OWNER":"HRM","MAINTBY":"HRM","MODDATE":1763734713000,"dbhLabel":"0 to 7.9 cm","wiresLabel":"No"}},{"type":"Feature","id":12559,"geometry":{"type":"Point","coordinates":[-63.5771047349028,44.6429728968644]},"properties":{"OBJECTID":12559,"ASSETID":"TRE245644","TREEID":"TRE245644","ASSETCODE":"TRE","ASSETSTAT":"INS","SP_SCIEN":"Quercus palustris","SP_COMM":"Pin Oak","DBH":1,"WIRES":"N","OWNER":"HRM","MAINTBY":"HRM","MODDATE":1763734713000,"dbhLabel":"0 to 7.9 cm","wiresLabel":"No"}},{"type":"Feature","id":12565,"geometry":{"type":"Point","coordinates":[-63.5931214430937,44.6565066285222]},"properties":{"OBJECTID":12565,"ASSETID":"TRE139711","TREEID":"TRE139711","ASSETCODE":"TRE","ASSETSTAT":"INS","SP_SCIEN":"Acer Platanoides","SP_COMM":"Norway Maple","DBH":4,"WIRES":"Y","OWNER":"HRM","MAINTBY":"HRM","MODDATE":1761830716000,"dbhLabel":"31 to 45.9 cm","wiresLabel":"Yes"}},{"type":"Feature","id":12568,"geometry":{"type":"Point","coordinates":[-63.6115516693316,44.6551537941648]},"properties":{"OBJECTID":12568,"ASSETID":"TRE269953","TREEID":"TRE269953","ASSETCODE":"TRE","ASSETSTAT":"INS","SP_SCIEN":"Acer rubrum","SP_COMM":"Red Maple","DBH":1,"WIRES":"N","OWNER":null,"MAINTBY":null,"MODDATE":1761830716000,"dbhLabel":"0 to 7.9 cm","wiresLabel":"No"}},{"type":"Feature","id":12597,"geometry":{"type":"Point","coordinates":[-63.6114507121683,44.6555090293278]},"properties":{"OBJECTID":12597,"ASSETID":"TRE245373","TREEID":"TRE245373","ASSETCODE":"TRE","ASSETSTAT":"INS","SP_SCIEN":"Tilia americana","SP_COMM":"American Basswood","DBH":1,"WIRES":"Y","OWNER":"HRM","MAINTBY":"HRM","MODDATE":1763734713000,"dbhLabel":"0 to 7.9 cm","wiresLabel":"Yes"}},{"type":"Feature","id":12643,"geometry":{"type":"Point","coordinates":[-63.5773552444928,44.6429193571095]},"properties":{"OBJECTID":12643,"ASSETID":"TRE245248","TREEID":"TRE245248","ASSETCODE":"TRE","ASSETSTAT":"INS","SP_SCIEN":"Syringa reticulata","SP_COMM":"Japanese Tree Lilac","DBH":1,"WIRES":"N","OWNER":"HRM","MAINTBY":"HRM","MODDATE":1763734713000,"dbhLabel":"0 to 7.9 cm","wiresLabel":"No"}},{"type":"Feature","id":12646,"geometry":{"type":"Point","coordinates":[-63.5780772941485,44.6427301769905]},"properties":{"OBJECTID":12646,"ASSETID":"TRE246746","TREEID":"TRE246746","ASSETCODE":"TRE","ASSETSTAT":"INS","SP_SCIEN":"Betula (genus)","SP_COMM":"Birch","DBH":1,"WIRES":"N","OWNER":"HRM","MAINTBY":"HRM","MODDATE":1763734713000,"dbhLabel":"0 to 7.9 cm","wiresLabel":"No"}},{"type":"Feature","id":12651,"geometry":{"type":"Point","coordinates":[-63.5862650939085,44.6506148197353]},"properties":{"OBJECTID":12651,"ASSETID":"TRE269848","TREEID":"TRE269848","ASSETCODE":"TRE","ASSETSTAT":"INS","SP_SCIEN":"Syringa reticulata","SP_COMM":"Japanese Tree Lilac","DBH":1,"WIRES":"N","OWNER":null,"MAINTBY":null,"MODDATE":1761830716000,"dbhLabel":"0 to 7.9 cm","wiresLabel":"No"}},{"type":"Feature","id":12687,"geometry":{"type":"Point","coordinates":[-63.593798889599,44.6575934710697]},"properties":{"OBJECTID":12687,"ASSETID":"TRE139741","TREEID":"TRE139741","ASSETCODE":"TRE","ASSETSTAT":"INS","SP_SCIEN":"Acer Platanoides","SP_COMM":"Norway Maple","DBH":4,"WIRES":"Y","OWNER":"HRM","MAINTBY":"HRM","MODDATE":1761830716000,"dbhLabel":"31 to 45.9 cm","wiresLabel":"Yes"}},{"type":"Feature","id":12692,"geometry":{"type":"Point","coordinates":[-63.5911774025806,44.6509388255075]},"properties":{"OBJECTID":12692,"ASSETID":"TRE269745","TREEID":"TRE269745","ASSETCODE":"TRE","ASSETSTAT":"INS","SP_SCIEN":"Quercus rubra","SP_COMM":"Northern Red Oak","DBH":1,"WIRES":"N","OWNER":null,"MAINTBY":null,"MODDATE":1761830716000,"dbhLabel":"0 to 7.9 cm","wiresLabel":"No"}},{"type":"Feature","id":12695,"geometry":{"type":"Point","coordinates":[-63.5930055262861,44.6516997034494]},"properties":{"OBJECTID":12695,"ASSETID":"TRE269213","TREEID":"TRE269213","ASSETCODE":"TRE","ASSETSTAT":"INS","SP_SCIEN":"Pyrus calleryana","SP_COMM":"Callery Pear","DBH":1,"WIRES":"Y","OWNER":null,"MAINTBY":null,"MODDATE":1761830716000,"dbhLabel":"0 to 7.9 cm","wiresLabel":"Yes"}},{"type":"Feature","id":12696,"geometry":{"type":"Point","coordinates":[-63.6119137667478,44.6559049799272]},"properties":{"OBJECTID":12696,"ASSETID":"TRE244978","TREEID":"TRE244978","ASSETCODE":"TRE","ASSETSTAT":"INS","SP_SCIEN":"Gleditisia triacanthos","SP_COMM":"Honeylocust","DBH":1,"WIRES":"N","OWNER":"HRM","MAINTBY":"HRM","MODDATE":1763734713000,"dbhLabel":"0 to 7.9 cm","wiresLabel":"No"}},{"type":"Feature","id":12734,"geometry":{"type":"Point","coordinates":[-63.5924601195512,44.6477469778787]},"properties":{"OBJECTID":12734,"ASSETID":"TRE246396","TREEID":"TRE246396","ASSETCODE":"TRE","ASSETSTAT":"INS","SP_SCIEN":"Quercus rubra","SP_COMM":"Northern Red Oak","DBH":1,"WIRES":"N","OWNER":"HRM","MAINTBY":"HRM","MODDATE":1763659008000,"dbhLabel":"0 to 7.9 cm","wiresLabel":"No"}},{"type":"Feature","id":12735,"geometry":{"type":"Point","coordinates":[-63.6114003553085,44.6552406824389]},"properties":{"OBJECTID":12735,"ASSETID":"TRE269954","TREEID":"TRE269954","ASSETCODE":"TRE","ASSETSTAT":"INS","SP_SCIEN":"Acer rubrum","SP_COMM":"Red Maple","DBH":1,"WIRES":"N","OWNER":null,"MAINTBY":null,"MODDATE":1761830716000,"dbhLabel":"0 to 7.9 cm","wiresLabel":"No"}},{"type":"Feature","id":12738,"geometry":{"type":"Point","coordinates":[-63.5767665039269,44.6430304472362]},"properties":{"OBJECTID":12738,"ASSETID":"TRE245249","TREEID":"TRE245249","ASSETCODE":"TRE","ASSETSTAT":"INS","SP_SCIEN":"Syringa reticulata","SP_COMM":"Japanese Tree Lilac","DBH":1,"WIRES":"N","OWNER":"HRM","MAINTBY":"HRM","MODDATE":1763734713000,"dbhLabel":"0 to 7.9 cm","wiresLabel":"No"}},{"type":"Feature","id":12750,"geometry":{"type":"Point","coordinates":[-63.5703627313718,44.6393829164327]},"properties":{"OBJECTID":12750,"ASSETID":"TRE244066","TREEID":"TRE244066","ASSETCODE":"TRE","ASSETSTAT":"INS","SP_SCIEN":"Tilia americana","SP_COMM":"American Basswood","DBH":1,"WIRES":"N","OWNER":"HRM","MAINTBY":"HRM","MODDATE":1763734713000,"dbhLabel":"0 to 7.9 cm","wiresLabel":"No"}},{"type":"Feature","id":12751,"geometry":{"type":"Point","coordinates":[-63.5782162752011,44.6427471471472]},"properties":{"OBJECTID":12751,"ASSETID":"TRE245685","TREEID":"TRE245685","ASSETCODE":"TRE","ASSETSTAT":"INS","SP_SCIEN":"Quercus macrocarpa","SP_COMM":"Bur Oak","DBH":1,"WIRES":"N","OWNER":"HRM","MAINTBY":"HRM","MODDATE":1763734713000,"dbhLabel":"0 to 7.9 cm","wiresLabel":"No"}},{"type":"Feature","id":12763,"geometry":{"type":"Point","coordinates":[-63.5780682346389,44.6428253570647]},"properties":{"OBJECTID":12763,"ASSETID":"TRE244155","TREEID":"TRE244155","ASSETCODE":"TRE","ASSETSTAT":"INS","SP_SCIEN":"Betula (genus)","SP_COMM":"Birch","DBH":1,"WIRES":"N","OWNER":"HRM","MAINTBY":"HRM","MODDATE":1763734713000,"dbhLabel":"0 to 7.9 cm","wiresLabel":"No"}},{"type":"Feature","id":12766,"geometry":{"type":"Point","coordinates":[-63.593583049589,44.6527522012746]},"properties":{"OBJECTID":12766,"ASSETID":"TRE269214","TREEID":"TRE269214","ASSETCODE":"TRE","ASSETSTAT":"INS","SP_SCIEN":"Ginkgo biloba","SP_COMM":"Ginkgo","DBH":1,"WIRES":"Y","OWNER":null,"MAINTBY":null,"MODDATE":1761830716000,"dbhLabel":"0 to 7.9 cm","wiresLabel":"Yes"}},{"type":"Feature","id":12772,"geometry":{"type":"Point","coordinates":[-63.5795974250689,44.642364746334]},"properties":{"OBJECTID":12772,"ASSETID":"TRE243873","TREEID":"TRE243873","ASSETCODE":"TRE","ASSETSTAT":"INS","SP_SCIEN":"Ulmus americana","SP_COMM":"American Elm","DBH":1,"WIRES":"N","OWNER":"HRM","MAINTBY":"HRM","MODDATE":1763734713000,"dbhLabel":"0 to 7.9 cm","wiresLabel":"No"}},{"type":"Feature","id":12833,"geometry":{"type":"Point","coordinates":[-63.5767548545743,44.6431573663063]},"properties":{"OBJECTID":12833,"ASSETID":"TRE245250","TREEID":"TRE245250","ASSETCODE":"TRE","ASSETSTAT":"INS","SP_SCIEN":"Syringa reticulata","SP_COMM":"Japanese Tree Lilac","DBH":1,"WIRES":"N","OWNER":"HRM","MAINTBY":"HRM","MODDATE":1763734713000,"dbhLabel":"0 to 7.9 cm","wiresLabel":"No"}},{"type":"Feature","id":12850,"geometry":{"type":"Point","coordinates":[-63.6092724952337,44.6555625874963]},"properties":{"OBJECTID":12850,"ASSETID":"TRE269763","TREEID":"TRE269763","ASSETCODE":"TRE","ASSETSTAT":"INS","SP_SCIEN":"Ostrya virginiana","SP_COMM":"Eastern Hophornbeam","DBH":1,"WIRES":"Y","OWNER":null,"MAINTBY":null,"MODDATE":1761830716000,"dbhLabel":"0 to 7.9 cm","wiresLabel":"Yes"}},{"type":"Feature","id":12851,"geometry":{"type":"Point","coordinates":[-63.5935517612676,44.6569573515916]},"properties":{"OBJECTID":12851,"ASSETID":"TRE269191","TREEID":"TRE269191","ASSETCODE":"TRE","ASSETSTAT":"INS","SP_SCIEN":"Acer rubrum","SP_COMM":"Red Maple","DBH":1,"WIRES":"N","OWNER":null,"MAINTBY":null,"MODDATE":1761830716000,"dbhLabel":"0 to 7.9 cm","wiresLabel":"No"}},{"type":"Feature","id":12867,"geometry":{"type":"Point","coordinates":[-63.5913861000857,44.6530576489046]},"properties":{"OBJECTID":12867,"ASSETID":"TRE244314","TREEID":"TRE244314","ASSETCODE":"TRE","ASSETSTAT":"INS","SP_SCIEN":"Quercus robur","SP_COMM":"English Oak","DBH":1,"WIRES":"N","OWNER":"HRM","MAINTBY":"HRM","MODDATE":1763734713000,"dbhLabel":"0 to 7.9 cm","wiresLabel":"No"}},{"type":"Feature","id":12888,"geometry":{"type":"Point","coordinates":[-63.5806960763395,44.6407765368941]},"properties":{"OBJECTID":12888,"ASSETID":"TRE244076","TREEID":"TRE244076","ASSETCODE":"TRE","ASSETSTAT":"INS","SP_SCIEN":"Tilia americana","SP_COMM":"American Basswood","DBH":1,"WIRES":"Y","OWNER":"HRM","MAINTBY":"HRM","MODDATE":1763734713000,"dbhLabel":"0 to 7.9 cm","wiresLabel":"Yes"}},{"type":"Feature","id":12898,"geometry":{"type":"Point","coordinates":[-63.5923010701352,44.6514954887604]},"properties":{"OBJECTID":12898,"ASSETID":"TRE244322","TREEID":"TRE244322","ASSETCODE":"TRE","ASSETSTAT":"INS","SP_SCIEN":"Quercus robur","SP_COMM":"English Oak","DBH":1,"WIRES":"Y","OWNER":"HRM","MAINTBY":"HRM","MODDATE":1763734713000,"dbhLabel":"0 to 7.9 cm","wiresLabel":"Yes"}},{"type":"Feature","id":12901,"geometry":{"type":"Point","coordinates":[-63.5791030058113,44.6425426964078]},"properties":{"OBJECTID":12901,"ASSETID":"TRE245643","TREEID":"TRE245643","ASSETCODE":"TRE","ASSETSTAT":"INS","SP_SCIEN":"Quercus macrocarpa","SP_COMM":"Bur Oak","DBH":1,"WIRES":"N","OWNER":"HRM","MAINTBY":"HRM","MODDATE":1763734713000,"dbhLabel":"0 to 7.9 cm","wiresLabel":"No"}},{"type":"Feature","id":12905,"geometry":{"type":"Point","coordinates":[-63.592355429888,44.6569486056454]},"properties":{"OBJECTID":12905,"ASSETID":"TRE269189","TREEID":"TRE269189","ASSETCODE":"TRE","ASSETSTAT":"INS","SP_SCIEN":"Syringa reticulata","SP_COMM":"Japanese Tree Lilac","DBH":1,"WIRES":"Y","OWNER":null,"MAINTBY":null,"MODDATE":1761830716000,"dbhLabel":"0 to 7.9 cm","wiresLabel":"Yes"}},{"type":"Feature","id":12910,"geometry":{"type":"Point","coordinates":[-63.6119477473201,44.65583886044]},"properties":{"OBJECTID":12910,"ASSETID":"TRE245987","TREEID":"TRE245987","ASSETCODE":"TRE","ASSETSTAT":"INS","SP_SCIEN":"Acer rubrum","SP_COMM":"Red Maple","DBH":1,"WIRES":"N","OWNER":"HRM","MAINTBY":"HRM","MODDATE":1763734713000,"dbhLabel":"0 to 7.9 cm","wiresLabel":"No"}},{"type":"Feature","id":12928,"geometry":{"type":"Point","coordinates":[-63.5775585745641,44.6428490970917]},"properties":{"OBJECTID":12928,"ASSETID":"TRE243870","TREEID":"TRE243870","ASSETCODE":"TRE","ASSETSTAT":"INS","SP_SCIEN":"Ulmus americana","SP_COMM":"American Elm","DBH":1,"WIRES":"N","OWNER":"HRM","MAINTBY":"HRM","MODDATE":1763734713000,"dbhLabel":"0 to 7.9 cm","wiresLabel":"No"}},{"type":"Feature","id":12933,"geometry":{"type":"Point","coordinates":[-63.5723028929595,44.6403617863766]},"properties":{"OBJECTID":12933,"ASSETID":"TRE244067","TREEID":"TRE244067","ASSETCODE":"TRE","ASSETSTAT":"INS","SP_SCIEN":"Tilia americana","SP_COMM":"American Basswood","DBH":1,"WIRES":"N","OWNER":"HRM","MAINTBY":"HRM","MODDATE":1763734713000,"dbhLabel":"0 to 7.9 cm","wiresLabel":"No"}},{"type":"Feature","id":12939,"geometry":{"type":"Point","coordinates":[-63.5930502659805,44.6517693251968]},"properties":{"OBJECTID":12939,"ASSETID":"TRE269215","TREEID":"TRE269215","ASSETCODE":"TRE","ASSETSTAT":"INS","SP_SCIEN":"Pyrus calleryana","SP_COMM":"Callery Pear","DBH":1,"WIRES":"Y","OWNER":null,"MAINTBY":null,"MODDATE":1761830716000,"dbhLabel":"0 to 7.9 cm","wiresLabel":"Yes"}},{"type":"Feature","id":12942,"geometry":{"type":"Point","coordinates":[-63.5708202819735,44.6377745261172]},"properties":{"OBJECTID":12942,"ASSETID":"TRE244283","TREEID":"TRE244283","ASSETCODE":"TRE","ASSETSTAT":"INS","SP_SCIEN":"Malus (genus)","SP_COMM":"Apple","DBH":1,"WIRES":"N","OWNER":"HRM","MAINTBY":"HRM","MODDATE":1763734713000,"dbhLabel":"0 to 7.9 cm","wiresLabel":"No"}},{"type":"Feature","id":12982,"geometry":{"type":"Point","coordinates":[-63.5783263538577,44.6426966572254]},"properties":{"OBJECTID":12982,"ASSETID":"TRE243867","TREEID":"TRE243867","ASSETCODE":"TRE","ASSETSTAT":"INS","SP_SCIEN":"Ulmus americana","SP_COMM":"American Elm","DBH":2,"WIRES":"N","OWNER":"HRM","MAINTBY":"HRM","MODDATE":1763734713000,"dbhLabel":"8 to 15.9 cm","wiresLabel":"No"}},{"type":"Feature","id":12987,"geometry":{"type":"Point","coordinates":[-63.5790460849616,44.6425653065243]},"properties":{"OBJECTID":12987,"ASSETID":"TRE243871","TREEID":"TRE243871","ASSETCODE":"TRE","ASSETSTAT":"INS","SP_SCIEN":"Ulmus americana","SP_COMM":"American Elm","DBH":1,"WIRES":"N","OWNER":"HRM","MAINTBY":"HRM","MODDATE":1763734713000,"dbhLabel":"0 to 7.9 cm","wiresLabel":"No"}},{"type":"Feature","id":12996,"geometry":{"type":"Point","coordinates":[-63.612024878467,44.6560067898083]},"properties":{"OBJECTID":12996,"ASSETID":"TRE244092","TREEID":"TRE244092","ASSETCODE":"TRE","ASSETSTAT":"INS","SP_SCIEN":"Tilia americana","SP_COMM":"American Basswood","DBH":1,"WIRES":"N","OWNER":"HRM","MAINTBY":"HRM","MODDATE":1763734713000,"dbhLabel":"0 to 7.9 cm","wiresLabel":"No"}},{"type":"Feature","id":13002,"geometry":{"type":"Point","coordinates":[-63.6125167060851,44.6544457986413]},"properties":{"OBJECTID":13002,"ASSETID":"TRE137119","TREEID":"TRE137119","ASSETCODE":"TRE","ASSETSTAT":"INS","SP_SCIEN":"Acer Platanoides","SP_COMM":"Norway Maple","DBH":6,"WIRES":"Y","OWNER":"HRM","MAINTBY":"HRM","MODDATE":1761830716000,"dbhLabel":"61 to 76.9 cm","wiresLabel":"Yes"}},{"type":"Feature","id":13019,"geometry":{"type":"Point","coordinates":[-63.5898057110744,44.6520788008252]},"properties":{"OBJECTID":13019,"ASSETID":"TRE141575","TREEID":"TRE141575","ASSETCODE":"TRE","ASSETSTAT":"INS","SP_SCIEN":"Hydrangea paniculata","SP_COMM":"Panicle Hydrangea","DBH":1,"WIRES":"Y","OWNER":"HRM","MAINTBY":"HRM","MODDATE":1763666430000,"dbhLabel":"0 to 7.9 cm","wiresLabel":"Yes"}},{"type":"Feature","id":13032,"geometry":{"type":"Point","coordinates":[-63.5896041165482,44.6512523623167]},"properties":{"OBJECTID":13032,"ASSETID":"TRE269739","TREEID":"TRE269739","ASSETCODE":"TRE","ASSETSTAT":"INS","SP_SCIEN":"Acer saccharum","SP_COMM":"Sugar Maple","DBH":1,"WIRES":"N","OWNER":null,"MAINTBY":null,"MODDATE":1761830716000,"dbhLabel":"0 to 7.9 cm","wiresLabel":"No"}},{"type":"Feature","id":13037,"geometry":{"type":"Point","coordinates":[-63.5789580069446,44.6411753365076]},"properties":{"OBJECTID":13037,"ASSETID":"TRE134081","TREEID":"TRE134081","ASSETCODE":"TRE","ASSETSTAT":"INS","SP_SCIEN":"Quercus palustris","SP_COMM":"Pin Oak","DBH":2,"WIRES":"N","OWNER":"HRM","MAINTBY":"HRM","MODDATE":1761830716000,"dbhLabel":"8 to 15.9 cm","wiresLabel":"No"}},{"type":"Feature","id":13042,"geometry":{"type":"Point","coordinates":[-63.6095986447673,44.6553297655975]},"properties":{"OBJECTID":13042,"ASSETID":"TRE135194","TREEID":"TRE135194","ASSETCODE":"TRE","ASSETSTAT":"INS","SP_SCIEN":"Quercus rubra","SP_COMM":"Northern Red Oak","DBH":2,"WIRES":"Y","OWNER":"HRM","MAINTBY":"HRM","MODDATE":1761830716000,"dbhLabel":"8 to 15.9 cm","wiresLabel":"Yes"}},{"type":"Feature","id":13083,"geometry":{"type":"Point","coordinates":[-63.5728947021703,44.6414010469601]},"properties":{"OBJECTID":13083,"ASSETID":"TRE244802","TREEID":"TRE244802","ASSETCODE":"TRE","ASSETSTAT":"INS","SP_SCIEN":"Celtis occidentalis","SP_COMM":"Northern Hackberry","DBH":2,"WIRES":"Y","OWNER":"HRM","MAINTBY":"HRM","MODDATE":1763734713000,"dbhLabel":"8 to 15.9 cm","wiresLabel":"Yes"}},{"type":"Feature","id":13087,"geometry":{"type":"Point","coordinates":[-63.5891391620319,44.6511985566856]},"properties":{"OBJECTID":13087,"ASSETID":"TRE141624","TREEID":"TRE141624","ASSETCODE":"TRE","ASSETSTAT":"INS","SP_SCIEN":"Celtis occidentalis","SP_COMM":"Northern Hackberry","DBH":2,"WIRES":"N","OWNER":"HRM","MAINTBY":"HRM","MODDATE":1761830716000,"dbhLabel":"8 to 15.9 cm","wiresLabel":"No"}},{"type":"Feature","id":13100,"geometry":{"type":"Point","coordinates":[-63.5803687823523,44.6408727217586]},"properties":{"OBJECTID":13100,"ASSETID":"TRE130757","TREEID":"TRE130757","ASSETCODE":"TRE","ASSETSTAT":"INS","SP_SCIEN":"Acer Platanoides","SP_COMM":"Norway Maple","DBH":4,"WIRES":"Y","OWNER":"HRM","MAINTBY":"HRM","MODDATE":1761830716000,"dbhLabel":"31 to 45.9 cm","wiresLabel":"Yes"}},{"type":"Feature","id":13107,"geometry":{"type":"Point","coordinates":[-63.5881883689655,44.652456218866]},"properties":{"OBJECTID":13107,"ASSETID":"TRE141775","TREEID":"TRE141775","ASSETCODE":"TRE","ASSETSTAT":"INS","SP_SCIEN":"Malus (genus)","SP_COMM":"Apple","DBH":2,"WIRES":"Y","OWNER":"HRM","MAINTBY":"HRM","MODDATE":1761830716000,"dbhLabel":"8 to 15.9 cm","wiresLabel":"Yes"}},{"type":"Feature","id":13125,"geometry":{"type":"Point","coordinates":[-63.5798738025459,44.6427617748034]},"properties":{"OBJECTID":13125,"ASSETID":"TRE133548","TREEID":"TRE133548","ASSETCODE":"TRE","ASSETSTAT":"INS","SP_SCIEN":"Tilia (genus)","SP_COMM":"Linden","DBH":3,"WIRES":"N","OWNER":"HRM","MAINTBY":"HRM","MODDATE":1761830716000,"dbhLabel":"16 to 30.9cm","wiresLabel":"No"}},{"type":"Feature","id":13131,"geometry":{"type":"Point","coordinates":[-63.5891977223069,44.6514685665726]},"properties":{"OBJECTID":13131,"ASSETID":"TRE141648","TREEID":"TRE141648","ASSETCODE":"TRE","ASSETSTAT":"INS","SP_SCIEN":"Syringa reticulata","SP_COMM":"Japanese Tree Lilac","DBH":3,"WIRES":"Y","OWNER":"HRM","MAINTBY":"HRM","MODDATE":1763666968000,"dbhLabel":"16 to 30.9cm","wiresLabel":"Yes"}},{"type":"Feature","id":13153,"geometry":{"type":"Point","coordinates":[-63.5801879272311,44.6429151687515]},"properties":{"OBJECTID":13153,"ASSETID":"TRE133538","TREEID":"TRE133538","ASSETCODE":"TRE","ASSETSTAT":"INS","SP_SCIEN":"Ulmus americana","SP_COMM":"American Elm","DBH":4,"WIRES":"Y","OWNER":"HRM","MAINTBY":"HRM","MODDATE":1761830716000,"dbhLabel":"31 to 45.9 cm","wiresLabel":"Yes"}},{"type":"Feature","id":13162,"geometry":{"type":"Point","coordinates":[-63.5882439639018,44.6525692851884]},"properties":{"OBJECTID":13162,"ASSETID":"TRE141782","TREEID":"TRE141782","ASSETCODE":"TRE","ASSETSTAT":"INS","SP_SCIEN":"Ulmus americana","SP_COMM":"American Elm","DBH":7,"WIRES":"Y","OWNER":"HRM","MAINTBY":"HRM","MODDATE":1761830716000,"dbhLabel":"77 to 90.9 cm","wiresLabel":"Yes"}},{"type":"Feature","id":13167,"geometry":{"type":"Point","coordinates":[-63.5760765079572,44.6418751746867]},"properties":{"OBJECTID":13167,"ASSETID":"TRE132926","TREEID":"TRE132926","ASSETCODE":"TRE","ASSETSTAT":"INS","SP_SCIEN":"Fagus sylvatica","SP_COMM":"European Beech","DBH":4,"WIRES":"N","OWNER":"HRM","MAINTBY":"HRM","MODDATE":1761830716000,"dbhLabel":"31 to 45.9 cm","wiresLabel":"No"}},{"type":"Feature","id":13183,"geometry":{"type":"Point","coordinates":[-63.5912994225423,44.6528834311363]},"properties":{"OBJECTID":13183,"ASSETID":"TRE141531","TREEID":"TRE141531","ASSETCODE":"TRE","ASSETSTAT":"INS","SP_SCIEN":"Tilia (genus)","SP_COMM":"Linden","DBH":6,"WIRES":"Y","OWNER":"HRM","MAINTBY":"HRM","MODDATE":1761830716000,"dbhLabel":"61 to 76.9 cm","wiresLabel":"Yes"}},{"type":"Feature","id":13190,"geometry":{"type":"Point","coordinates":[-63.6116838788835,44.6549271109577]},"properties":{"OBJECTID":13190,"ASSETID":"TRE137126","TREEID":"TRE137126","ASSETCODE":"TRE","ASSETSTAT":"INS","SP_SCIEN":"Ulmus americana","SP_COMM":"American Elm","DBH":6,"WIRES":"Y","OWNER":"HRM","MAINTBY":"HRM","MODDATE":1761830716000,"dbhLabel":"61 to 76.9 cm","wiresLabel":"Yes"}},{"type":"Feature","id":13206,"geometry":{"type":"Point","coordinates":[-63.6126869080853,44.6543624436243]},"properties":{"OBJECTID":13206,"ASSETID":"TRE269223","TREEID":"TRE269223","ASSETCODE":"TRE","ASSETSTAT":"INS","SP_SCIEN":"Syringa reticulata","SP_COMM":"Japanese Tree Lilac","DBH":1,"WIRES":"Y","OWNER":null,"MAINTBY":null,"MODDATE":1761830716000,"dbhLabel":"0 to 7.9 cm","wiresLabel":"Yes"}},{"type":"Feature","id":13221,"geometry":{"type":"Point","coordinates":[-63.6122322850931,44.654741534458]},"properties":{"OBJECTID":13221,"ASSETID":"TRE137137","TREEID":"TRE137137","ASSETCODE":"TRE","ASSETSTAT":"INS","SP_SCIEN":"Acer Platanoides","SP_COMM":"Norway Maple","DBH":6,"WIRES":"N","OWNER":"HRM","MAINTBY":"HRM","MODDATE":1761830716000,"dbhLabel":"61 to 76.9 cm","wiresLabel":"No"}},{"type":"Feature","id":13245,"geometry":{"type":"Point","coordinates":[-63.5898384043608,44.6512057691162]},"properties":{"OBJECTID":13245,"ASSETID":"TRE141637","TREEID":"TRE141637","ASSETCODE":"TRE","ASSETSTAT":"INS","SP_SCIEN":"Tilia (genus)","SP_COMM":"Linden","DBH":5,"WIRES":"N","OWNER":"HRM","MAINTBY":"HRM","MODDATE":1761830716000,"dbhLabel":"46 to 60.9 cm","wiresLabel":"No"}},{"type":"Feature","id":13246,"geometry":{"type":"Point","coordinates":[-63.6106179361707,44.6550927706216]},"properties":{"OBJECTID":13246,"ASSETID":"TRE135897","TREEID":"TRE135897","ASSETCODE":"TRE","ASSETSTAT":"INS","SP_SCIEN":"Syringa reticulata","SP_COMM":"Japanese Tree Lilac","DBH":1,"WIRES":"Y","OWNER":"HRM","MAINTBY":"HRM","MODDATE":1763667052000,"dbhLabel":"0 to 7.9 cm","wiresLabel":"Yes"}},{"type":"Feature","id":13281,"geometry":{"type":"Point","coordinates":[-63.5931681159626,44.6522985953665]},"properties":{"OBJECTID":13281,"ASSETID":"TRE137719","TREEID":"TRE137719","ASSETCODE":"TRE","ASSETSTAT":"INS","SP_SCIEN":"Tilia (genus)","SP_COMM":"Linden","DBH":3,"WIRES":"Y","OWNER":"HRM","MAINTBY":"HRM","MODDATE":1761830716000,"dbhLabel":"16 to 30.9cm","wiresLabel":"Yes"}},{"type":"Feature","id":13287,"geometry":{"type":"Point","coordinates":[-63.5789935038731,44.6409714088249]},"properties":{"OBJECTID":13287,"ASSETID":"TRE134078","TREEID":"TRE134078","ASSETCODE":"TRE","ASSETSTAT":"INS","SP_SCIEN":"Ulmus americana","SP_COMM":"American Elm","DBH":6,"WIRES":"Y","OWNER":"HRM","MAINTBY":"HRM","MODDATE":1761830716000,"dbhLabel":"61 to 76.9 cm","wiresLabel":"Yes"}},{"type":"Feature","id":13312,"geometry":{"type":"Point","coordinates":[-63.5779564123523,44.6411404077508]},"properties":{"OBJECTID":13312,"ASSETID":"TRE132878","TREEID":"TRE132878","ASSETCODE":"TRE","ASSETSTAT":"INS","SP_SCIEN":"Aesculus x carnea","SP_COMM":"Red Horsechestnut","DBH":6,"WIRES":"Y","OWNER":"HRM","MAINTBY":"HRM","MODDATE":1761830716000,"dbhLabel":"61 to 76.9 cm","wiresLabel":"Yes"}},{"type":"Feature","id":13329,"geometry":{"type":"Point","coordinates":[-63.5802697529736,44.6422282266435]},"properties":{"OBJECTID":13329,"ASSETID":"TRE133497","TREEID":"TRE133497","ASSETCODE":"TRE","ASSETSTAT":"INS","SP_SCIEN":"Tilia (genus)","SP_COMM":"Linden","DBH":6,"WIRES":"Y","OWNER":"HRM","MAINTBY":"HRM","MODDATE":1761830716000,"dbhLabel":"61 to 76.9 cm","wiresLabel":"Yes"}},{"type":"Feature","id":13336,"geometry":{"type":"Point","coordinates":[-63.5707409912766,44.6419520850853]},"properties":{"OBJECTID":13336,"ASSETID":"TRE133000","TREEID":"TRE133000","ASSETCODE":"TRE","ASSETSTAT":"INS","SP_SCIEN":"Ginkgo biloba","SP_COMM":"Ginkgo","DBH":2,"WIRES":"N","OWNER":"HRM","MAINTBY":"HRM","MODDATE":1761830716000,"dbhLabel":"8 to 15.9 cm","wiresLabel":"No"}},{"type":"Feature","id":13350,"geometry":{"type":"Point","coordinates":[-63.5861881316449,44.6504228074368]},"properties":{"OBJECTID":13350,"ASSETID":"TRE133365","TREEID":"TRE133365","ASSETCODE":"TRE","ASSETSTAT":"INS","SP_SCIEN":"Acer saccharinum","SP_COMM":"Silver Maple","DBH":3,"WIRES":"N","OWNER":"HRM","MAINTBY":"HRM","MODDATE":1761830716000,"dbhLabel":"16 to 30.9cm","wiresLabel":"No"}},{"type":"Feature","id":13360,"geometry":{"type":"Point","coordinates":[-63.5787230534804,44.6404312299796]},"properties":{"OBJECTID":13360,"ASSETID":"TRE132892","TREEID":"TRE132892","ASSETCODE":"TRE","ASSETSTAT":"INS","SP_SCIEN":"Tilia (genus)","SP_COMM":"Linden","DBH":5,"WIRES":"Y","OWNER":"HRM","MAINTBY":"HRM","MODDATE":1761830716000,"dbhLabel":"46 to 60.9 cm","wiresLabel":"Yes"}},{"type":"Feature","id":13413,"geometry":{"type":"Point","coordinates":[-63.5929518375748,44.65159008122]},"properties":{"OBJECTID":13413,"ASSETID":"TRE136885","TREEID":"TRE136885","ASSETCODE":"TRE","ASSETSTAT":"INS","SP_SCIEN":"Tilia (genus)","SP_COMM":"Linden","DBH":3,"WIRES":"Y","OWNER":"HRM","MAINTBY":"HRM","MODDATE":1761830716000,"dbhLabel":"16 to 30.9cm","wiresLabel":"Yes"}},{"type":"Feature","id":13424,"geometry":{"type":"Point","coordinates":[-63.5807183770164,44.6419428741229]},"properties":{"OBJECTID":13424,"ASSETID":"TRE133447","TREEID":"TRE133447","ASSETCODE":"TRE","ASSETSTAT":"INS","SP_SCIEN":"Tilia (genus)","SP_COMM":"Linden","DBH":4,"WIRES":"Y","OWNER":"HRM","MAINTBY":"HRM","MODDATE":1761830716000,"dbhLabel":"31 to 45.9 cm","wiresLabel":"Yes"}},{"type":"Feature","id":13428,"geometry":{"type":"Point","coordinates":[-63.5914886095377,44.6520879354094]},"properties":{"OBJECTID":13428,"ASSETID":"TRE141586","TREEID":"TRE141586","ASSETCODE":"TRE","ASSETSTAT":"INS","SP_SCIEN":"Acer Platanoides","SP_COMM":"Norway Maple","DBH":4,"WIRES":"Y","OWNER":"HRM","MAINTBY":"HRM","MODDATE":1761830716000,"dbhLabel":"31 to 45.9 cm","wiresLabel":"Yes"}},{"type":"Feature","id":13433,"geometry":{"type":"Point","coordinates":[-63.5920954484616,44.6517960031266]},"properties":{"OBJECTID":13433,"ASSETID":"TRE141592","TREEID":"TRE141592","ASSETCODE":"TRE","ASSETSTAT":"INS","SP_SCIEN":"Acer Platanoides","SP_COMM":"Norway Maple","DBH":4,"WIRES":"N","OWNER":"HRM","MAINTBY":"HRM","MODDATE":1761830716000,"dbhLabel":"31 to 45.9 cm","wiresLabel":"No"}},{"type":"Feature","id":13475,"geometry":{"type":"Point","coordinates":[-63.5795486429557,44.6420906059976]},"properties":{"OBJECTID":13475,"ASSETID":"TRE128851","TREEID":"TRE128851","ASSETCODE":"TRE","ASSETSTAT":"INS","SP_SCIEN":"Ulmus americana","SP_COMM":"American Elm","DBH":8,"WIRES":"Y","OWNER":"HRM","MAINTBY":"HRM","MODDATE":1761830716000,"dbhLabel":"91 to 106.9 cm","wiresLabel":"Yes"}},{"type":"Feature","id":13531,"geometry":{"type":"Point","coordinates":[-63.610887792777,44.655280500756]},"properties":{"OBJECTID":13531,"ASSETID":"TRE135900","TREEID":"TRE135900","ASSETCODE":"TRE","ASSETSTAT":"INS","SP_SCIEN":"Acer freemanii","SP_COMM":"Red Maple","DBH":2,"WIRES":"Y","OWNER":"HRM","MAINTBY":"HRM","MODDATE":1761830716000,"dbhLabel":"8 to 15.9 cm","wiresLabel":"Yes"}},{"type":"Feature","id":13557,"geometry":{"type":"Point","coordinates":[-63.5939934027057,44.6576045722336]},"properties":{"OBJECTID":13557,"ASSETID":"TRE139728","TREEID":"TRE139728","ASSETCODE":"TRE","ASSETSTAT":"INS","SP_SCIEN":"Acer Platanoides","SP_COMM":"Norway Maple","DBH":6,"WIRES":"Y","OWNER":"HRM","MAINTBY":"HRM","MODDATE":1761830716000,"dbhLabel":"61 to 76.9 cm","wiresLabel":"Yes"}},{"type":"Feature","id":13571,"geometry":{"type":"Point","coordinates":[-63.5932811725344,44.6562575145297]},"properties":{"OBJECTID":13571,"ASSETID":"TRE139671","TREEID":"TRE139671","ASSETCODE":"TRE","ASSETSTAT":"INS","SP_SCIEN":"Tilia (genus)","SP_COMM":"Linden","DBH":7,"WIRES":"Y","OWNER":"HRM","MAINTBY":"HRM","MODDATE":1761830716000,"dbhLabel":"77 to 90.9 cm","wiresLabel":"Yes"}},{"type":"Feature","id":13596,"geometry":{"type":"Point","coordinates":[-63.5906879779559,44.6576804298109]},"properties":{"OBJECTID":13596,"ASSETID":"TRE139746","TREEID":"TRE139746","ASSETCODE":"TRE","ASSETSTAT":"INS","SP_SCIEN":"Fraxinus americana","SP_COMM":"White Ash","DBH":6,"WIRES":"N","OWNER":"HRM","MAINTBY":"HRM","MODDATE":1761830716000,"dbhLabel":"61 to 76.9 cm","wiresLabel":"No"}},{"type":"Feature","id":13605,"geometry":{"type":"Point","coordinates":[-63.5941480485802,44.6530479252786]},"properties":{"OBJECTID":13605,"ASSETID":"TRE136604","TREEID":"TRE136604","ASSETCODE":"TRE","ASSETSTAT":"INS","SP_SCIEN":"Acer Platanoides","SP_COMM":"Norway Maple","DBH":5,"WIRES":"Y","OWNER":"HRM","MAINTBY":"HRM","MODDATE":1761830716000,"dbhLabel":"46 to 60.9 cm","wiresLabel":"Yes"}},{"type":"Feature","id":13607,"geometry":{"type":"Point","coordinates":[-63.5717584069978,44.6391274085474]},"properties":{"OBJECTID":13607,"ASSETID":"TRE129864","TREEID":"TRE129864","ASSETCODE":"TRE","ASSETSTAT":"INS","SP_SCIEN":"Pyrus calleryana","SP_COMM":"Callery Pear","DBH":3,"WIRES":"Y","OWNER":"HRM","MAINTBY":"HRM","MODDATE":1761830716000,"dbhLabel":"16 to 30.9cm","wiresLabel":"Yes"}},{"type":"Feature","id":13719,"geometry":{"type":"Point","coordinates":[-63.5912160445109,44.657584006995]},"properties":{"OBJECTID":13719,"ASSETID":"TRE141352","TREEID":"TRE141352","ASSETCODE":"TRE","ASSETSTAT":"INS","SP_SCIEN":"Juglans nigra","SP_COMM":"Black Walnut","DBH":3,"WIRES":"N","OWNER":"HRM","MAINTBY":"HRM","MODDATE":1761830716000,"dbhLabel":"16 to 30.9cm","wiresLabel":"No"}},{"type":"Feature","id":13738,"geometry":{"type":"Point","coordinates":[-63.5759639292892,44.6410554554962]},"properties":{"OBJECTID":13738,"ASSETID":"TRE132910","TREEID":"TRE132910","ASSETCODE":"TRE","ASSETSTAT":"INS","SP_SCIEN":"Tilia (genus)","SP_COMM":"Linden","DBH":5,"WIRES":"Y","OWNER":"HRM","MAINTBY":"HRM","MODDATE":1761830716000,"dbhLabel":"46 to 60.9 cm","wiresLabel":"Yes"}},{"type":"Feature","id":13758,"geometry":{"type":"Point","coordinates":[-63.5918160625268,44.6470236173007]},"properties":{"OBJECTID":13758,"ASSETID":"TRE130561","TREEID":"TRE130561","ASSETCODE":"TRE","ASSETSTAT":"INS","SP_SCIEN":"Tilia (genus)","SP_COMM":"Linden","DBH":7,"WIRES":"N","OWNER":"HRM","MAINTBY":"HRM","MODDATE":1761830716000,"dbhLabel":"77 to 90.9 cm","wiresLabel":"No"}},{"type":"Feature","id":13782,"geometry":{"type":"Point","coordinates":[-63.5932786231156,44.6524969810484]},"properties":{"OBJECTID":13782,"ASSETID":"TRE137718","TREEID":"TRE137718","ASSETCODE":"TRE","ASSETSTAT":"INS","SP_SCIEN":"Acer rubrum","SP_COMM":"Red Maple","DBH":2,"WIRES":"Y","OWNER":"HRM","MAINTBY":"HRM","MODDATE":1761830716000,"dbhLabel":"8 to 15.9 cm","wiresLabel":"Yes"}},{"type":"Feature","id":13785,"geometry":{"type":"Point","coordinates":[-63.5945405234261,44.6505405723115]},"properties":{"OBJECTID":13785,"ASSETID":"TRE136668","TREEID":"TRE136668","ASSETCODE":"TRE","ASSETSTAT":"INS","SP_SCIEN":"Quercus (genus)","SP_COMM":"Oak","DBH":3,"WIRES":"Y","OWNER":"HRM","MAINTBY":"HRM","MODDATE":1761830716000,"dbhLabel":"16 to 30.9cm","wiresLabel":"Yes"}},{"type":"Feature","id":13802,"geometry":{"type":"Point","coordinates":[-63.5760171023675,44.6414483837184]},"properties":{"OBJECTID":13802,"ASSETID":"TRE132917","TREEID":"TRE132917","ASSETCODE":"TRE","ASSETSTAT":"INS","SP_SCIEN":"Ulmus glabra","SP_COMM":"Wych elm","DBH":6,"WIRES":"Y","OWNER":"HRM","MAINTBY":"HRM","MODDATE":1761830716000,"dbhLabel":"61 to 76.9 cm","wiresLabel":"Yes"}},{"type":"Feature","id":13818,"geometry":{"type":"Point","coordinates":[-63.5783003539184,44.6427186370765]},"properties":{"OBJECTID":13818,"ASSETID":"TRE245246","TREEID":"TRE245246","ASSETCODE":"TRE","ASSETSTAT":"INS","SP_SCIEN":"Syringa reticulata","SP_COMM":"Japanese Tree Lilac","DBH":1,"WIRES":"N","OWNER":"HRM","MAINTBY":"HRM","MODDATE":1763734713000,"dbhLabel":"0 to 7.9 cm","wiresLabel":"No"}},{"type":"Feature","id":13827,"geometry":{"type":"Point","coordinates":[-63.5893541639137,44.6526623185467]},"properties":{"OBJECTID":13827,"ASSETID":"TRE140702","TREEID":"TRE140702","ASSETCODE":"TRE","ASSETSTAT":"INS","SP_SCIEN":"Acer Platanoides","SP_COMM":"Norway Maple","DBH":4,"WIRES":"Y","OWNER":"HRM","MAINTBY":"HRM","MODDATE":1761830716000,"dbhLabel":"31 to 45.9 cm","wiresLabel":"Yes"}},{"type":"Feature","id":13858,"geometry":{"type":"Point","coordinates":[-63.5761681747438,44.6417466433963]},"properties":{"OBJECTID":13858,"ASSETID":"TRE132922","TREEID":"TRE132922","ASSETCODE":"TRE","ASSETSTAT":"INS","SP_SCIEN":"Tilia (genus)","SP_COMM":"Linden","DBH":6,"WIRES":"Y","OWNER":"HRM","MAINTBY":"HRM","MODDATE":1761830716000,"dbhLabel":"61 to 76.9 cm","wiresLabel":"Yes"}},{"type":"Feature","id":13879,"geometry":{"type":"Point","coordinates":[-63.6106891689795,44.6549703214001]},"properties":{"OBJECTID":13879,"ASSETID":"TRE269224","TREEID":"TRE269224","ASSETCODE":"TRE","ASSETSTAT":"INS","SP_SCIEN":"Acer rubrum","SP_COMM":"Red Maple","DBH":1,"WIRES":"N","OWNER":null,"MAINTBY":null,"MODDATE":1763659035000,"dbhLabel":"0 to 7.9 cm","wiresLabel":"No"}},{"type":"Feature","id":13885,"geometry":{"type":"Point","coordinates":[-63.5946854270714,44.6528223508855]},"properties":{"OBJECTID":13885,"ASSETID":"TRE136594","TREEID":"TRE136594","ASSETCODE":"TRE","ASSETSTAT":"INS","SP_SCIEN":"Acer Platanoides","SP_COMM":"Norway Maple","DBH":6,"WIRES":"N","OWNER":"HRM","MAINTBY":"HRM","MODDATE":1761830716000,"dbhLabel":"61 to 76.9 cm","wiresLabel":"No"}},{"type":"Feature","id":13889,"geometry":{"type":"Point","coordinates":[-63.5796197652717,44.6403565259299]},"properties":{"OBJECTID":13889,"ASSETID":"TRE128798","TREEID":"TRE128798","ASSETCODE":"TRE","ASSETSTAT":"INS","SP_SCIEN":"Aesculus x carnea","SP_COMM":"Red Horsechestnut","DBH":2,"WIRES":"Y","OWNER":"HRM","MAINTBY":"HRM","MODDATE":1761830716000,"dbhLabel":"8 to 15.9 cm","wiresLabel":"Yes"}},{"type":"Feature","id":13907,"geometry":{"type":"Point","coordinates":[-63.5892230170687,44.6529134999447]},"properties":{"OBJECTID":13907,"ASSETID":"TRE140699","TREEID":"TRE140699","ASSETCODE":"TRE","ASSETSTAT":"INS","SP_SCIEN":"Quercus robur","SP_COMM":"English Oak","DBH":3,"WIRES":"Y","OWNER":"HRM","MAINTBY":"HRM","MODDATE":1761830716000,"dbhLabel":"16 to 30.9cm","wiresLabel":"Yes"}},{"type":"Feature","id":13917,"geometry":{"type":"Point","coordinates":[-63.5933850905448,44.6568387428505]},"properties":{"OBJECTID":13917,"ASSETID":"TRE139700","TREEID":"TRE139700","ASSETCODE":"TRE","ASSETSTAT":"INS","SP_SCIEN":"Ulmus americana","SP_COMM":"American Elm","DBH":7,"WIRES":"Y","OWNER":"HRM","MAINTBY":"HRM","MODDATE":1761830716000,"dbhLabel":"77 to 90.9 cm","wiresLabel":"Yes"}},{"type":"Feature","id":13922,"geometry":{"type":"Point","coordinates":[-63.6120004766307,44.6556502918139]},"properties":{"OBJECTID":13922,"ASSETID":"TRE135890","TREEID":"TRE135890","ASSETCODE":"TRE","ASSETSTAT":"INS","SP_SCIEN":"Fraxinus pennsylvanica","SP_COMM":"Green Ash","DBH":4,"WIRES":"Y","OWNER":"HRM","MAINTBY":"HRM","MODDATE":1761830716000,"dbhLabel":"31 to 45.9 cm","wiresLabel":"Yes"}},{"type":"Feature","id":13925,"geometry":{"type":"Point","coordinates":[-63.5701615572571,44.6384368248091]},"properties":{"OBJECTID":13925,"ASSETID":"TRE129813","TREEID":"TRE129813","ASSETCODE":"TRE","ASSETSTAT":"INS","SP_SCIEN":"Acer Platanoides","SP_COMM":"Norway Maple","DBH":4,"WIRES":"N","OWNER":"HRM","MAINTBY":"HRM","MODDATE":1761830716000,"dbhLabel":"31 to 45.9 cm","wiresLabel":"No"}},{"type":"Feature","id":13928,"geometry":{"type":"Point","coordinates":[-63.5893677293728,44.6513040922349]},"properties":{"OBJECTID":13928,"ASSETID":"TRE141631","TREEID":"TRE141631","ASSETCODE":"TRE","ASSETSTAT":"INS","SP_SCIEN":"Tilia (genus)","SP_COMM":"Linden","DBH":3,"WIRES":"N","OWNER":"HRM","MAINTBY":"HRM","MODDATE":1761830716000,"dbhLabel":"16 to 30.9cm","wiresLabel":"No"}},{"type":"Feature","id":13942,"geometry":{"type":"Point","coordinates":[-63.5893911996562,44.6518023265598]},"properties":{"OBJECTID":13942,"ASSETID":"TRE141570","TREEID":"TRE141570","ASSETCODE":"TRE","ASSETSTAT":"INS","SP_SCIEN":"Acer Platanoides","SP_COMM":"Norway Maple","DBH":7,"WIRES":"Y","OWNER":"HRM","MAINTBY":"HRM","MODDATE":1761830716000,"dbhLabel":"77 to 90.9 cm","wiresLabel":"Yes"}},{"type":"Feature","id":13950,"geometry":{"type":"Point","coordinates":[-63.5705426387703,44.6399175831251]},"properties":{"OBJECTID":13950,"ASSETID":"TRE128540","TREEID":"TRE128540","ASSETCODE":"TRE","ASSETSTAT":"INS","SP_SCIEN":"Acer Platanoides","SP_COMM":"Norway Maple","DBH":4,"WIRES":"Y","OWNER":"HRM","MAINTBY":"HRM","MODDATE":1761830716000,"dbhLabel":"31 to 45.9 cm","wiresLabel":"Yes"}},{"type":"Feature","id":14001,"geometry":{"type":"Point","coordinates":[-63.5769348383297,44.6411412808581]},"properties":{"OBJECTID":14001,"ASSETID":"TRE132907","TREEID":"TRE132907","ASSETCODE":"TRE","ASSETSTAT":"INS","SP_SCIEN":"Acer Platanoides","SP_COMM":"Norway Maple","DBH":4,"WIRES":"Y","OWNER":"HRM","MAINTBY":"HRM","MODDATE":1761830716000,"dbhLabel":"31 to 45.9 cm","wiresLabel":"Yes"}},{"type":"Feature","id":14020,"geometry":{"type":"Point","coordinates":[-63.5756919248111,44.6419779634653]},"properties":{"OBJECTID":14020,"ASSETID":"TRE132924","TREEID":"TRE132924","ASSETCODE":"TRE","ASSETSTAT":"INS","SP_SCIEN":"Acer saccharinum","SP_COMM":"Silver Maple","DBH":4,"WIRES":"N","OWNER":"HRM","MAINTBY":"HRM","MODDATE":1761830716000,"dbhLabel":"31 to 45.9 cm","wiresLabel":"No"}},{"type":"Feature","id":14026,"geometry":{"type":"Point","coordinates":[-63.5917525866705,44.6525109084084]},"properties":{"OBJECTID":14026,"ASSETID":"TRE629900","TREEID":"TRE629900","ASSETCODE":"TRE","ASSETSTAT":"INS","SP_SCIEN":"Syringa vulgaris","SP_COMM":"Common Lilac","DBH":1,"WIRES":"N","OWNER":"HRM","MAINTBY":"HRM","MODDATE":1761830716000,"dbhLabel":"0 to 7.9 cm","wiresLabel":"No"}},{"type":"Feature","id":14028,"geometry":{"type":"Point","coordinates":[-63.5870776892533,44.6510750562934]},"properties":{"OBJECTID":14028,"ASSETID":"TRE629822","TREEID":"TRE629822","ASSETCODE":"TRE","ASSETSTAT":"INS","SP_SCIEN":"Celtis occidentalis","SP_COMM":"Northern Hackberry","DBH":2,"WIRES":"N","OWNER":"HRM","MAINTBY":"HRM","MODDATE":1761830716000,"dbhLabel":"8 to 15.9 cm","wiresLabel":"No"}},{"type":"Feature","id":14031,"geometry":{"type":"Point","coordinates":[-63.591714072301,44.6524813442375]},"properties":{"OBJECTID":14031,"ASSETID":"TRE629901","TREEID":"TRE629901","ASSETCODE":"TRE","ASSETSTAT":"INS","SP_SCIEN":"Syringa vulgaris","SP_COMM":"Common Lilac","DBH":1,"WIRES":"N","OWNER":"HRM","MAINTBY":"HRM","MODDATE":1761830716000,"dbhLabel":"0 to 7.9 cm","wiresLabel":"No"}},{"type":"Feature","id":14041,"geometry":{"type":"Point","coordinates":[-63.591288039091,44.6522490033134]},"properties":{"OBJECTID":14041,"ASSETID":"TRE629905","TREEID":"TRE629905","ASSETCODE":"TRE","ASSETSTAT":"INS","SP_SCIEN":"Malus (genus)","SP_COMM":"Apple","DBH":1,"WIRES":"Y","OWNER":"HRM","MAINTBY":"HRM","MODDATE":1761830716000,"dbhLabel":"0 to 7.9 cm","wiresLabel":"Yes"}},{"type":"Feature","id":14043,"geometry":{"type":"Point","coordinates":[-63.5930578711177,44.6566227803478]},"properties":{"OBJECTID":14043,"ASSETID":"TRE630056","TREEID":"TRE630056","ASSETCODE":"TRE","ASSETSTAT":"INS","SP_SCIEN":"Acer spicatum","SP_COMM":"Mountain Maple","DBH":1,"WIRES":"N","OWNER":"HRM","MAINTBY":"HRM","MODDATE":1761830716000,"dbhLabel":"0 to 7.9 cm","wiresLabel":"No"}},{"type":"Feature","id":14054,"geometry":{"type":"Point","coordinates":[-63.5888772519226,44.6512410081472]},"properties":{"OBJECTID":14054,"ASSETID":"TRE629837","TREEID":"TRE629837","ASSETCODE":"TRE","ASSETSTAT":"INS","SP_SCIEN":"Nyssa sylvatica","SP_COMM":"Black Tupelo","DBH":2,"WIRES":"N","OWNER":"HRM","MAINTBY":"HRM","MODDATE":1761830716000,"dbhLabel":"8 to 15.9 cm","wiresLabel":"No"}},{"type":"Feature","id":14063,"geometry":{"type":"Point","coordinates":[-63.5869716296592,44.6509264232134]},"properties":{"OBJECTID":14063,"ASSETID":"TRE629823","TREEID":"TRE629823","ASSETCODE":"TRE","ASSETSTAT":"INS","SP_SCIEN":"Elm (genus)","SP_COMM":"Elm","DBH":2,"WIRES":"N","OWNER":"HRM","MAINTBY":"HRM","MODDATE":1761830716000,"dbhLabel":"8 to 15.9 cm","wiresLabel":"No"}},{"type":"Feature","id":14065,"geometry":{"type":"Point","coordinates":[-63.612081603484,44.6557336213364]},"properties":{"OBJECTID":14065,"ASSETID":"TRE135867","TREEID":"TRE135867","ASSETCODE":"TRE","ASSETSTAT":"INS","SP_SCIEN":"Acer griseum","SP_COMM":"Paperbark Maple","DBH":1,"WIRES":"N","OWNER":"HRM","MAINTBY":"HRM","MODDATE":1761830716000,"dbhLabel":"0 to 7.9 cm","wiresLabel":"No"}},{"type":"Feature","id":14075,"geometry":{"type":"Point","coordinates":[-63.5881865417922,44.6515122441861]},"properties":{"OBJECTID":14075,"ASSETID":"TRE629847","TREEID":"TRE629847","ASSETCODE":"TRE","ASSETSTAT":"INS","SP_SCIEN":"Juniperus virginiana","SP_COMM":"Eastern Red Cedar","DBH":2,"WIRES":"N","OWNER":"HRM","MAINTBY":"HRM","MODDATE":1761830716000,"dbhLabel":"8 to 15.9 cm","wiresLabel":"No"}},{"type":"Feature","id":14081,"geometry":{"type":"Point","coordinates":[-63.5890439828326,44.6513348277611]},"properties":{"OBJECTID":14081,"ASSETID":"TRE141627","TREEID":"TRE141627","ASSETCODE":"TRE","ASSETSTAT":"INS","SP_SCIEN":"Acer rubrum","SP_COMM":"Red Maple","DBH":3,"WIRES":"N","OWNER":"HRM","MAINTBY":"HRM","MODDATE":1761830716000,"dbhLabel":"16 to 30.9cm","wiresLabel":"No"}},{"type":"Feature","id":14098,"geometry":{"type":"Point","coordinates":[-63.5868667684178,44.6506983558819]},"properties":{"OBJECTID":14098,"ASSETID":"TRE629809","TREEID":"TRE629809","ASSETCODE":"TRE","ASSETSTAT":"INS","SP_SCIEN":"Acer Platanoides","SP_COMM":"Norway Maple","DBH":6,"WIRES":"N","OWNER":"HRM","MAINTBY":"HRM","MODDATE":1761830716000,"dbhLabel":"61 to 76.9 cm","wiresLabel":"No"}},{"type":"Feature","id":14102,"geometry":{"type":"Point","coordinates":[-63.5884815736843,44.651321622255]},"properties":{"OBJECTID":14102,"ASSETID":"TRE629831","TREEID":"TRE629831","ASSETCODE":"TRE","ASSETSTAT":"INS","SP_SCIEN":"Acer freemanii","SP_COMM":null,"DBH":2,"WIRES":"N","OWNER":"HRM","MAINTBY":"HRM","MODDATE":1761830716000,"dbhLabel":"8 to 15.9 cm","wiresLabel":"No"}},{"type":"Feature","id":14108,"geometry":{"type":"Point","coordinates":[-63.5861380245166,44.6505290537624]},"properties":{"OBJECTID":14108,"ASSETID":"TRE133379","TREEID":"TRE133379","ASSETCODE":"TRE","ASSETSTAT":"INS","SP_SCIEN":"Tilia (genus)","SP_COMM":"Linden","DBH":5,"WIRES":"N","OWNER":"HRM","MAINTBY":"HRM","MODDATE":1761830716000,"dbhLabel":"46 to 60.9 cm","wiresLabel":"No"}},{"type":"Feature","id":14113,"geometry":{"type":"Point","coordinates":[-63.5867991818708,44.650839226198]},"properties":{"OBJECTID":14113,"ASSETID":"TRE629815","TREEID":"TRE629815","ASSETCODE":"TRE","ASSETSTAT":"INS","SP_SCIEN":"Quercus (genus)","SP_COMM":"Oak","DBH":2,"WIRES":"N","OWNER":"HRM","MAINTBY":"HRM","MODDATE":1761830716000,"dbhLabel":"8 to 15.9 cm","wiresLabel":"No"}},{"type":"Feature","id":14115,"geometry":{"type":"Point","coordinates":[-63.5887843436643,44.6512600891834]},"properties":{"OBJECTID":14115,"ASSETID":"TRE629836","TREEID":"TRE629836","ASSETCODE":"TRE","ASSETSTAT":"INS","SP_SCIEN":"Acer Platanoides","SP_COMM":"Norway Maple","DBH":6,"WIRES":"N","OWNER":"HRM","MAINTBY":"HRM","MODDATE":1763657080000,"dbhLabel":"61 to 76.9 cm","wiresLabel":"No"}},{"type":"Feature","id":14126,"geometry":{"type":"Point","coordinates":[-63.5890072282627,44.6512289548443]},"properties":{"OBJECTID":14126,"ASSETID":"TRE629838","TREEID":"TRE629838","ASSETCODE":"TRE","ASSETSTAT":"INS","SP_SCIEN":"Nyssa sylvatica","SP_COMM":"Black Tupelo","DBH":3,"WIRES":"N","OWNER":"HRM","MAINTBY":"HRM","MODDATE":1763657082000,"dbhLabel":"16 to 30.9cm","wiresLabel":"No"}},{"type":"Feature","id":14145,"geometry":{"type":"Point","coordinates":[-63.588732729163,44.651311453553]},"properties":{"OBJECTID":14145,"ASSETID":"TRE629834","TREEID":"TRE629834","ASSETCODE":"TRE","ASSETSTAT":"INS","SP_SCIEN":"Elm (genus)","SP_COMM":"Elm","DBH":2,"WIRES":"N","OWNER":"HRM","MAINTBY":"HRM","MODDATE":1761830716000,"dbhLabel":"8 to 15.9 cm","wiresLabel":"No"}},{"type":"Feature","id":14157,"geometry":{"type":"Point","coordinates":[-63.5724918751391,44.6413776521305]},"properties":{"OBJECTID":14157,"ASSETID":"TRE132955","TREEID":"TRE132955","ASSETCODE":"TRE","ASSETSTAT":"INS","SP_SCIEN":"Acer Platanoides","SP_COMM":"Norway Maple","DBH":3,"WIRES":"Y","OWNER":"HRM","MAINTBY":"HRM","MODDATE":1761830716000,"dbhLabel":"16 to 30.9cm","wiresLabel":"Yes"}},{"type":"Feature","id":14171,"geometry":{"type":"Point","coordinates":[-63.575915215448,44.641917356854]},"properties":{"OBJECTID":14171,"ASSETID":"TRE132923","TREEID":"TRE132923","ASSETCODE":"TRE","ASSETSTAT":"INS","SP_SCIEN":"Acer Platanoides","SP_COMM":"Norway Maple","DBH":4,"WIRES":"Y","OWNER":"HRM","MAINTBY":"HRM","MODDATE":1761830716000,"dbhLabel":"31 to 45.9 cm","wiresLabel":"Yes"}},{"type":"Feature","id":14178,"geometry":{"type":"Point","coordinates":[-63.5939885032942,44.6574812497038]},"properties":{"OBJECTID":14178,"ASSETID":"TRE630075","TREEID":"TRE630075","ASSETCODE":"TRE","ASSETSTAT":"INS","SP_SCIEN":"Phellodendron amurense","SP_COMM":"Amur Corktree","DBH":2,"WIRES":"N","OWNER":"HRM","MAINTBY":"HRM","MODDATE":1761830716000,"dbhLabel":"8 to 15.9 cm","wiresLabel":"No"}},{"type":"Feature","id":14180,"geometry":{"type":"Point","coordinates":[-63.5944570968857,44.6528517474537]},"properties":{"OBJECTID":14180,"ASSETID":"TRE629893","TREEID":"TRE629893","ASSETCODE":"TRE","ASSETSTAT":"INS","SP_SCIEN":"Elm (genus)","SP_COMM":"Elm","DBH":1,"WIRES":"Y","OWNER":"HRM","MAINTBY":"HRM","MODDATE":1761830716000,"dbhLabel":"0 to 7.9 cm","wiresLabel":"Yes"}},{"type":"Feature","id":14191,"geometry":{"type":"Point","coordinates":[-63.5919063953152,44.6475258751051]},"properties":{"OBJECTID":14191,"ASSETID":"TRE135359","TREEID":"TRE135359","ASSETCODE":"TRE","ASSETSTAT":"INS","SP_SCIEN":"Acer saccharum","SP_COMM":"Sugar Maple","DBH":4,"WIRES":"N","OWNER":"HRM","MAINTBY":"HRM","MODDATE":1761830716000,"dbhLabel":"31 to 45.9 cm","wiresLabel":"No"}},{"type":"Feature","id":14204,"geometry":{"type":"Point","coordinates":[-63.5926059637326,44.6509619397673]},"properties":{"OBJECTID":14204,"ASSETID":"TRE136881","TREEID":"TRE136881","ASSETCODE":"TRE","ASSETSTAT":"INS","SP_SCIEN":"Ulmus americana","SP_COMM":"American Elm","DBH":7,"WIRES":"Y","OWNER":"HRM","MAINTBY":"HRM","MODDATE":1761830716000,"dbhLabel":"77 to 90.9 cm","wiresLabel":"Yes"}},{"type":"Feature","id":14237,"geometry":{"type":"Point","coordinates":[-63.5868746780839,44.6509857870223]},"properties":{"OBJECTID":14237,"ASSETID":"TRE629819","TREEID":"TRE629819","ASSETCODE":"TRE","ASSETSTAT":"INS","SP_SCIEN":"Celtis occidentalis","SP_COMM":"Northern Hackberry","DBH":2,"WIRES":"N","OWNER":"HRM","MAINTBY":"HRM","MODDATE":1761830716000,"dbhLabel":"8 to 15.9 cm","wiresLabel":"No"}},{"type":"Feature","id":14238,"geometry":{"type":"Point","coordinates":[-63.5763349281116,44.6431485019538]},"properties":{"OBJECTID":14238,"ASSETID":"TRE132945","TREEID":"TRE132945","ASSETCODE":"TRE","ASSETSTAT":"INS","SP_SCIEN":"Acer rubrum","SP_COMM":"Red Maple","DBH":1,"WIRES":"N","OWNER":"HRM","MAINTBY":"HRM","MODDATE":1761830716000,"dbhLabel":"0 to 7.9 cm","wiresLabel":"No"}},{"type":"Feature","id":14239,"geometry":{"type":"Point","coordinates":[-63.5916597377011,44.65229059896]},"properties":{"OBJECTID":14239,"ASSETID":"TRE629903","TREEID":"TRE629903","ASSETCODE":"TRE","ASSETSTAT":"INS","SP_SCIEN":"Syringa reticulata","SP_COMM":"Japanese Tree Lilac","DBH":2,"WIRES":"N","OWNER":"HRM","MAINTBY":"HRM","MODDATE":1761830716000,"dbhLabel":"8 to 15.9 cm","wiresLabel":"No"}},{"type":"Feature","id":14258,"geometry":{"type":"Point","coordinates":[-63.5785672550674,44.6426368573384]},"properties":{"OBJECTID":14258,"ASSETID":"TRE246131","TREEID":"TRE246131","ASSETCODE":"TRE","ASSETSTAT":"INS","SP_SCIEN":"Acer rubrum","SP_COMM":"Red Maple","DBH":1,"WIRES":"N","OWNER":"HRM","MAINTBY":"HRM","MODDATE":1763734713000,"dbhLabel":"0 to 7.9 cm","wiresLabel":"No"}},{"type":"Feature","id":14261,"geometry":{"type":"Point","coordinates":[-63.5940595690163,44.6573961315989]},"properties":{"OBJECTID":14261,"ASSETID":"TRE139743","TREEID":"TRE139743","ASSETCODE":"TRE","ASSETSTAT":"INS","SP_SCIEN":"Tilia (genus)","SP_COMM":"Linden","DBH":8,"WIRES":"Y","OWNER":"HRM","MAINTBY":"HRM","MODDATE":1761830716000,"dbhLabel":"91 to 106.9 cm","wiresLabel":"Yes"}},{"type":"Feature","id":14265,"geometry":{"type":"Point","coordinates":[-63.5706773106045,44.6398830844216]},"properties":{"OBJECTID":14265,"ASSETID":"TRE128541","TREEID":"TRE128541","ASSETCODE":"TRE","ASSETSTAT":"INS","SP_SCIEN":"Acer Platanoides","SP_COMM":"Norway Maple","DBH":4,"WIRES":"Y","OWNER":"HRM","MAINTBY":"HRM","MODDATE":1761830716000,"dbhLabel":"31 to 45.9 cm","wiresLabel":"Yes"}},{"type":"Feature","id":14272,"geometry":{"type":"Point","coordinates":[-63.5772164691544,44.6413951998516]},"properties":{"OBJECTID":14272,"ASSETID":"TRE132896","TREEID":"TRE132896","ASSETCODE":"TRE","ASSETSTAT":"INS","SP_SCIEN":"Acer Platanoides","SP_COMM":"Norway Maple","DBH":4,"WIRES":"Y","OWNER":"HRM","MAINTBY":"HRM","MODDATE":1761830716000,"dbhLabel":"31 to 45.9 cm","wiresLabel":"Yes"}},{"type":"Feature","id":14278,"geometry":{"type":"Point","coordinates":[-63.5946359864931,44.6527155738817]},"properties":{"OBJECTID":14278,"ASSETID":"TRE629892","TREEID":"TRE629892","ASSETCODE":"TRE","ASSETSTAT":"INS","SP_SCIEN":"Elm (genus)","SP_COMM":"Elm","DBH":1,"WIRES":"Y","OWNER":"HRM","MAINTBY":"HRM","MODDATE":1761830716000,"dbhLabel":"0 to 7.9 cm","wiresLabel":"Yes"}},{"type":"Feature","id":14280,"geometry":{"type":"Point","coordinates":[-63.5886939192478,44.6512768632099]},"properties":{"OBJECTID":14280,"ASSETID":"TRE629833","TREEID":"TRE629833","ASSETCODE":"TRE","ASSETSTAT":"INS","SP_SCIEN":"Platanus occidentalis","SP_COMM":"American Sycamore","DBH":2,"WIRES":"N","OWNER":"HRM","MAINTBY":"HRM","MODDATE":1763657078000,"dbhLabel":"8 to 15.9 cm","wiresLabel":"No"}},{"type":"Feature","id":14289,"geometry":{"type":"Point","coordinates":[-63.5869475332501,44.6510209980683]},"properties":{"OBJECTID":14289,"ASSETID":"TRE629820","TREEID":"TRE629820","ASSETCODE":"TRE","ASSETSTAT":"INS","SP_SCIEN":"Celtis occidentalis","SP_COMM":"Northern Hackberry","DBH":2,"WIRES":"N","OWNER":"HRM","MAINTBY":"HRM","MODDATE":1761830716000,"dbhLabel":"8 to 15.9 cm","wiresLabel":"No"}},{"type":"Feature","id":14296,"geometry":{"type":"Point","coordinates":[-63.5867370534874,44.6508040827825]},"properties":{"OBJECTID":14296,"ASSETID":"TRE629814","TREEID":"TRE629814","ASSETCODE":"TRE","ASSETSTAT":"INS","SP_SCIEN":"Quercus (genus)","SP_COMM":"Oak","DBH":1,"WIRES":"N","OWNER":"HRM","MAINTBY":"HRM","MODDATE":1761830716000,"dbhLabel":"0 to 7.9 cm","wiresLabel":"No"}},{"type":"Feature","id":14304,"geometry":{"type":"Point","coordinates":[-63.5907664880168,44.6576330564572]},"properties":{"OBJECTID":14304,"ASSETID":"TRE630055","TREEID":"TRE630055","ASSETCODE":"TRE","ASSETSTAT":"INS","SP_SCIEN":"Juglans nigra","SP_COMM":"Black Walnut","DBH":1,"WIRES":"N","OWNER":"HRM","MAINTBY":"HRM","MODDATE":1761830716000,"dbhLabel":"0 to 7.9 cm","wiresLabel":"No"}},{"type":"Feature","id":14305,"geometry":{"type":"Point","coordinates":[-63.5886256463879,44.6513296584168]},"properties":{"OBJECTID":14305,"ASSETID":"TRE629832","TREEID":"TRE629832","ASSETCODE":"TRE","ASSETSTAT":"INS","SP_SCIEN":"Acer saccharum","SP_COMM":"Sugar Maple","DBH":2,"WIRES":"N","OWNER":"HRM","MAINTBY":"HRM","MODDATE":1761830716000,"dbhLabel":"8 to 15.9 cm","wiresLabel":"No"}},{"type":"Feature","id":14311,"geometry":{"type":"Point","coordinates":[-63.5872073341151,44.6508933970676]},"properties":{"OBJECTID":14311,"ASSETID":"TRE629813","TREEID":"TRE629813","ASSETCODE":"TRE","ASSETSTAT":"INS","SP_SCIEN":"Acer Platanoides","SP_COMM":"Norway Maple","DBH":6,"WIRES":"N","OWNER":"HRM","MAINTBY":"HRM","MODDATE":1761830716000,"dbhLabel":"61 to 76.9 cm","wiresLabel":"No"}},{"type":"Feature","id":14325,"geometry":{"type":"Point","coordinates":[-63.5919588209951,44.6557528421156]},"properties":{"OBJECTID":14325,"ASSETID":"TRE630051","TREEID":"TRE630051","ASSETCODE":"TRE","ASSETSTAT":"INS","SP_SCIEN":"Acer rubrum","SP_COMM":"Red Maple","DBH":1,"WIRES":"Y","OWNER":"HRM","MAINTBY":"HRM","MODDATE":1761830716000,"dbhLabel":"0 to 7.9 cm","wiresLabel":"Yes"}},{"type":"Feature","id":14329,"geometry":{"type":"Point","coordinates":[-63.5881740534131,44.6514992892306]},"properties":{"OBJECTID":14329,"ASSETID":"TRE629848","TREEID":"TRE629848","ASSETCODE":"TRE","ASSETSTAT":"INS","SP_SCIEN":"Juniperus virginiana","SP_COMM":"Eastern Red Cedar","DBH":2,"WIRES":"N","OWNER":"HRM","MAINTBY":"HRM","MODDATE":1761830716000,"dbhLabel":"8 to 15.9 cm","wiresLabel":"No"}},{"type":"Feature","id":14371,"geometry":{"type":"Point","coordinates":[-63.5909935884089,44.6553006175841]},"properties":{"OBJECTID":14371,"ASSETID":"TRE630048","TREEID":"TRE630048","ASSETCODE":"TRE","ASSETSTAT":"INS","SP_SCIEN":"Acer rubrum","SP_COMM":"Red Maple","DBH":1,"WIRES":"Y","OWNER":"HRM","MAINTBY":"HRM","MODDATE":1761830716000,"dbhLabel":"0 to 7.9 cm","wiresLabel":"Yes"}},{"type":"Feature","id":14395,"geometry":{"type":"Point","coordinates":[-63.5872923075544,44.6526472083526]},"properties":{"OBJECTID":14395,"ASSETID":"TRE629853","TREEID":"TRE629853","ASSETCODE":"TRE","ASSETSTAT":"INS","SP_SCIEN":"Malus (genus)","SP_COMM":"Apple","DBH":1,"WIRES":"N","OWNER":"HRM","MAINTBY":"HRM","MODDATE":1761830716000,"dbhLabel":"0 to 7.9 cm","wiresLabel":"No"}},{"type":"Feature","id":14434,"geometry":{"type":"Point","coordinates":[-63.592847624917,44.6517062684556]},"properties":{"OBJECTID":14434,"ASSETID":"TRE137722","TREEID":"TRE137722","ASSETCODE":"TRE","ASSETSTAT":"INS","SP_SCIEN":"Pyrus ussuriensis","SP_COMM":"Ussurian Pear","DBH":3,"WIRES":"Y","OWNER":"HRM","MAINTBY":"HRM","MODDATE":1763666271000,"dbhLabel":"16 to 30.9cm","wiresLabel":"Yes"}},{"type":"Feature","id":14447,"geometry":{"type":"Point","coordinates":[-63.5868945048005,44.6507217124432]},"properties":{"OBJECTID":14447,"ASSETID":"TRE629810","TREEID":"TRE629810","ASSETCODE":"TRE","ASSETSTAT":"INS","SP_SCIEN":"Ulmus americana","SP_COMM":"American Elm","DBH":3,"WIRES":"N","OWNER":"HRM","MAINTBY":"HRM","MODDATE":1761830716000,"dbhLabel":"16 to 30.9cm","wiresLabel":"No"}},{"type":"Feature","id":14449,"geometry":{"type":"Point","coordinates":[-63.5881561481929,44.651536387098]},"properties":{"OBJECTID":14449,"ASSETID":"TRE629849","TREEID":"TRE629849","ASSETCODE":"TRE","ASSETSTAT":"INS","SP_SCIEN":"Pinus mugo","SP_COMM":"Dwarf Mountain Pine","DBH":2,"WIRES":"N","OWNER":"HRM","MAINTBY":"HRM","MODDATE":1761830716000,"dbhLabel":"8 to 15.9 cm","wiresLabel":"No"}},{"type":"Feature","id":14462,"geometry":{"type":"Point","coordinates":[-63.5918347313151,44.6556438288569]},"properties":{"OBJECTID":14462,"ASSETID":"TRE630052","TREEID":"TRE630052","ASSETCODE":"TRE","ASSETSTAT":"INS","SP_SCIEN":"Acer rubrum","SP_COMM":"Red Maple","DBH":1,"WIRES":"Y","OWNER":"HRM","MAINTBY":"HRM","MODDATE":1761830716000,"dbhLabel":"0 to 7.9 cm","wiresLabel":"Yes"}},{"type":"Feature","id":14469,"geometry":{"type":"Point","coordinates":[-63.5918221692741,44.6525518801592]},"properties":{"OBJECTID":14469,"ASSETID":"TRE629898","TREEID":"TRE629898","ASSETCODE":"TRE","ASSETSTAT":"INS","SP_SCIEN":"Syringa vulgaris","SP_COMM":"Common Lilac","DBH":1,"WIRES":"N","OWNER":"HRM","MAINTBY":"HRM","MODDATE":1761830716000,"dbhLabel":"0 to 7.9 cm","wiresLabel":"No"}},{"type":"Feature","id":14473,"geometry":{"type":"Point","coordinates":[-63.5804476876719,44.6421817450776]},"properties":{"OBJECTID":14473,"ASSETID":"TRE133498","TREEID":"TRE133498","ASSETCODE":"TRE","ASSETSTAT":"INS","SP_SCIEN":"Tilia (genus)","SP_COMM":"Linden","DBH":5,"WIRES":"N","OWNER":"HRM","MAINTBY":"HRM","MODDATE":1761830716000,"dbhLabel":"46 to 60.9 cm","wiresLabel":"No"}},{"type":"Feature","id":14476,"geometry":{"type":"Point","coordinates":[-63.6122582140655,44.6555270545894]},"properties":{"OBJECTID":14476,"ASSETID":"TRE135888","TREEID":"TRE135888","ASSETCODE":"TRE","ASSETSTAT":"INS","SP_SCIEN":"Ulmus americana","SP_COMM":"American Elm","DBH":7,"WIRES":"Y","OWNER":"HRM","MAINTBY":"HRM","MODDATE":1761830716000,"dbhLabel":"77 to 90.9 cm","wiresLabel":"Yes"}},{"type":"Feature","id":14479,"geometry":{"type":"Point","coordinates":[-63.5913653768505,44.6523252436567]},"properties":{"OBJECTID":14479,"ASSETID":"TRE629904","TREEID":"TRE629904","ASSETCODE":"TRE","ASSETSTAT":"INS","SP_SCIEN":"Cornus (genus)","SP_COMM":"Dogwood","DBH":1,"WIRES":"N","OWNER":"HRM","MAINTBY":"HRM","MODDATE":1761830716000,"dbhLabel":"0 to 7.9 cm","wiresLabel":"No"}},{"type":"Feature","id":14483,"geometry":{"type":"Point","coordinates":[-63.5894792471305,44.651154901842]},"properties":{"OBJECTID":14483,"ASSETID":"TRE141621","TREEID":"TRE141621","ASSETCODE":"TRE","ASSETSTAT":"INS","SP_SCIEN":"Acer Platanoides","SP_COMM":"Norway Maple","DBH":5,"WIRES":"N","OWNER":"HRM","MAINTBY":"HRM","MODDATE":1761830716000,"dbhLabel":"46 to 60.9 cm","wiresLabel":"No"}},{"type":"Feature","id":14490,"geometry":{"type":"Point","coordinates":[-63.6125077974924,44.6554058696149]},"properties":{"OBJECTID":14490,"ASSETID":"TRE243804","TREEID":"TRE243804","ASSETCODE":"TRE","ASSETSTAT":"INS","SP_SCIEN":"Ulmus americana","SP_COMM":"American Elm","DBH":1,"WIRES":"Y","OWNER":"HRM","MAINTBY":"HRM","MODDATE":1763734713000,"dbhLabel":"0 to 7.9 cm","wiresLabel":"Yes"}},{"type":"Feature","id":14500,"geometry":{"type":"Point","coordinates":[-63.5782660122234,44.641761002856]},"properties":{"OBJECTID":14500,"ASSETID":"TRE132888","TREEID":"TRE132888","ASSETCODE":"TRE","ASSETSTAT":"INS","SP_SCIEN":"Quercus palustris","SP_COMM":"Pin Oak","DBH":3,"WIRES":"N","OWNER":"HRM","MAINTBY":"HRM","MODDATE":1761830716000,"dbhLabel":"16 to 30.9cm","wiresLabel":"No"}},{"type":"Feature","id":14514,"geometry":{"type":"Point","coordinates":[-63.5881438897825,44.6514917125741]},"properties":{"OBJECTID":14514,"ASSETID":"TRE629846","TREEID":"TRE629846","ASSETCODE":"TRE","ASSETSTAT":"INS","SP_SCIEN":"Elm (genus)","SP_COMM":"Elm","DBH":3,"WIRES":"N","OWNER":"HRM","MAINTBY":"HRM","MODDATE":1761830716000,"dbhLabel":"16 to 30.9cm","wiresLabel":"No"}},{"type":"Feature","id":14524,"geometry":{"type":"Point","coordinates":[-63.6090141963519,44.6557552332902]},"properties":{"OBJECTID":14524,"ASSETID":"TRE135189","TREEID":"TRE135189","ASSETCODE":"TRE","ASSETSTAT":"INS","SP_SCIEN":"Acer Platanoides","SP_COMM":"Norway Maple","DBH":6,"WIRES":"Y","OWNER":"HRM","MAINTBY":"HRM","MODDATE":1761830716000,"dbhLabel":"61 to 76.9 cm","wiresLabel":"Yes"}},{"type":"Feature","id":14552,"geometry":{"type":"Point","coordinates":[-63.591998513056,44.6505901038361]},"properties":{"OBJECTID":14552,"ASSETID":"TRE629787","TREEID":"TRE629787","ASSETCODE":"TRE","ASSETSTAT":"INS","SP_SCIEN":"Quercus (genus)","SP_COMM":"Oak","DBH":1,"WIRES":"N","OWNER":"HRM","MAINTBY":"HRM","MODDATE":1763657073000,"dbhLabel":"0 to 7.9 cm","wiresLabel":"No"}},{"type":"Feature","id":14565,"geometry":{"type":"Point","coordinates":[-63.586960294717,44.6507424980367]},"properties":{"OBJECTID":14565,"ASSETID":"TRE629811","TREEID":"TRE629811","ASSETCODE":"TRE","ASSETSTAT":"INS","SP_SCIEN":"Acer Platanoides","SP_COMM":"Norway Maple","DBH":6,"WIRES":"N","OWNER":"HRM","MAINTBY":"HRM","MODDATE":1761830716000,"dbhLabel":"61 to 76.9 cm","wiresLabel":"No"}},{"type":"Feature","id":14574,"geometry":{"type":"Point","coordinates":[-63.5763535995948,44.6421005660323]},"properties":{"OBJECTID":14574,"ASSETID":"TRE132941","TREEID":"TRE132941","ASSETCODE":"TRE","ASSETSTAT":"INS","SP_SCIEN":"Acer saccharinum","SP_COMM":"Silver Maple","DBH":1,"WIRES":"N","OWNER":"HRM","MAINTBY":"HRM","MODDATE":1761830716000,"dbhLabel":"0 to 7.9 cm","wiresLabel":"No"}},{"type":"Feature","id":14578,"geometry":{"type":"Point","coordinates":[-63.5791363656477,44.6412716868951]},"properties":{"OBJECTID":14578,"ASSETID":"TRE128859","TREEID":"TRE128859","ASSETCODE":"TRE","ASSETSTAT":"INS","SP_SCIEN":"Quercus palustris","SP_COMM":"Pin Oak","DBH":1,"WIRES":"N","OWNER":"HRM","MAINTBY":"HRM","MODDATE":1761830716000,"dbhLabel":"0 to 7.9 cm","wiresLabel":"No"}},{"type":"Feature","id":14589,"geometry":{"type":"Point","coordinates":[-63.5895364536444,44.6518938114465]},"properties":{"OBJECTID":14589,"ASSETID":"TRE629845","TREEID":"TRE629845","ASSETCODE":"TRE","ASSETSTAT":"INS","SP_SCIEN":"Hydrangea paniculata","SP_COMM":"Panicle Hydrangea","DBH":1,"WIRES":"Y","OWNER":"HRM","MAINTBY":"HRM","MODDATE":1761830716000,"dbhLabel":"0 to 7.9 cm","wiresLabel":"Yes"}},{"type":"Feature","id":14602,"geometry":{"type":"Point","coordinates":[-63.588376142911,44.6512922178815]},"properties":{"OBJECTID":14602,"ASSETID":"TRE629829","TREEID":"TRE629829","ASSETCODE":"TRE","ASSETSTAT":"INS","SP_SCIEN":"Celtis occidentalis","SP_COMM":"Northern Hackberry","DBH":1,"WIRES":"N","OWNER":"HRM","MAINTBY":"HRM","MODDATE":1761830716000,"dbhLabel":"0 to 7.9 cm","wiresLabel":"No"}},{"type":"Feature","id":14603,"geometry":{"type":"Point","coordinates":[-63.5944166646131,44.6506056887535]},"properties":{"OBJECTID":14603,"ASSETID":"TRE629910","TREEID":"TRE629910","ASSETCODE":"TRE","ASSETSTAT":"INS","SP_SCIEN":"Ginkgo biloba","SP_COMM":"Ginkgo","DBH":1,"WIRES":"N","OWNER":"HRM","MAINTBY":"HRM","MODDATE":1761830716000,"dbhLabel":"0 to 7.9 cm","wiresLabel":"No"}},{"type":"Feature","id":14612,"geometry":{"type":"Point","coordinates":[-63.5872854543071,44.6510526488808]},"properties":{"OBJECTID":14612,"ASSETID":"TRE629827","TREEID":"TRE629827","ASSETCODE":"TRE","ASSETSTAT":"INS","SP_SCIEN":"Quercus (genus)","SP_COMM":"Oak","DBH":2,"WIRES":"N","OWNER":"HRM","MAINTBY":"HRM","MODDATE":1761830716000,"dbhLabel":"8 to 15.9 cm","wiresLabel":"No"}},{"type":"Feature","id":14618,"geometry":{"type":"Point","coordinates":[-63.5931503454897,44.6519502800002]},"properties":{"OBJECTID":14618,"ASSETID":"TRE136874","TREEID":"TRE136874","ASSETCODE":"TRE","ASSETSTAT":"INS","SP_SCIEN":"Acer Platanoides","SP_COMM":"Norway Maple","DBH":7,"WIRES":"Y","OWNER":"HRM","MAINTBY":"HRM","MODDATE":1761830716000,"dbhLabel":"77 to 90.9 cm","wiresLabel":"Yes"}},{"type":"Feature","id":14628,"geometry":{"type":"Point","coordinates":[-63.5898777586551,44.6510802831759]},"properties":{"OBJECTID":14628,"ASSETID":"TRE629841","TREEID":"TRE629841","ASSETCODE":"TRE","ASSETSTAT":"INS","SP_SCIEN":"Taxus (genus)","SP_COMM":"Yew","DBH":2,"WIRES":"N","OWNER":"HRM","MAINTBY":"HRM","MODDATE":1761830716000,"dbhLabel":"8 to 15.9 cm","wiresLabel":"No"}},{"type":"Feature","id":14629,"geometry":{"type":"Point","coordinates":[-63.5799976164432,44.6415360039177]},"properties":{"OBJECTID":14629,"ASSETID":"TRE128881","TREEID":"TRE128881","ASSETCODE":"TRE","ASSETSTAT":"INS","SP_SCIEN":"Tilia (genus)","SP_COMM":"Linden","DBH":4,"WIRES":"Y","OWNER":"HRM","MAINTBY":"HRM","MODDATE":1761830716000,"dbhLabel":"31 to 45.9 cm","wiresLabel":"Yes"}},{"type":"Feature","id":14659,"geometry":{"type":"Point","coordinates":[-63.571315521393,44.638137503657]},"properties":{"OBJECTID":14659,"ASSETID":"TRE129821","TREEID":"TRE129821","ASSETCODE":"TRE","ASSETSTAT":"INS","SP_SCIEN":"Quercus rubra","SP_COMM":"Northern Red Oak","DBH":3,"WIRES":"N","OWNER":"HRM","MAINTBY":"HRM","MODDATE":1761830716000,"dbhLabel":"16 to 30.9cm","wiresLabel":"No"}},{"type":"Feature","id":14672,"geometry":{"type":"Point","coordinates":[-63.5917667162716,44.6525199131983]},"properties":{"OBJECTID":14672,"ASSETID":"TRE629897","TREEID":"TRE629897","ASSETCODE":"TRE","ASSETSTAT":"INS","SP_SCIEN":"Syringa vulgaris","SP_COMM":"Common Lilac","DBH":1,"WIRES":"N","OWNER":"HRM","MAINTBY":"HRM","MODDATE":1761830716000,"dbhLabel":"0 to 7.9 cm","wiresLabel":"No"}},{"type":"Feature","id":14697,"geometry":{"type":"Point","coordinates":[-63.587089678169,44.6508291666915]},"properties":{"OBJECTID":14697,"ASSETID":"TRE629812","TREEID":"TRE629812","ASSETCODE":"TRE","ASSETSTAT":"INS","SP_SCIEN":"Acer Platanoides","SP_COMM":"Norway Maple","DBH":6,"WIRES":"N","OWNER":"HRM","MAINTBY":"HRM","MODDATE":1761830716000,"dbhLabel":"61 to 76.9 cm","wiresLabel":"No"}},{"type":"Feature","id":14698,"geometry":{"type":"Point","coordinates":[-63.5884395603768,44.6513104029404]},"properties":{"OBJECTID":14698,"ASSETID":"TRE629830","TREEID":"TRE629830","ASSETCODE":"TRE","ASSETSTAT":"INS","SP_SCIEN":"Celtis occidentalis","SP_COMM":"Northern Hackberry","DBH":1,"WIRES":"N","OWNER":"HRM","MAINTBY":"HRM","MODDATE":1761830716000,"dbhLabel":"0 to 7.9 cm","wiresLabel":"No"}},{"type":"Feature","id":14712,"geometry":{"type":"Point","coordinates":[-63.5793479566263,44.6411621734303]},"properties":{"OBJECTID":14712,"ASSETID":"TRE133839","TREEID":"TRE133839","ASSETCODE":"TRE","ASSETSTAT":"INS","SP_SCIEN":"Celtis occidentalis","SP_COMM":"Northern Hackberry","DBH":3,"WIRES":"Y","OWNER":"HRM","MAINTBY":"HRM","MODDATE":1761830716000,"dbhLabel":"16 to 30.9cm","wiresLabel":"Yes"}},{"type":"Feature","id":14719,"geometry":{"type":"Point","coordinates":[-63.5887902384092,44.6512944322208]},"properties":{"OBJECTID":14719,"ASSETID":"TRE629835","TREEID":"TRE629835","ASSETCODE":"TRE","ASSETSTAT":"INS","SP_SCIEN":"Elm (genus)","SP_COMM":"Elm","DBH":1,"WIRES":"N","OWNER":"HRM","MAINTBY":"HRM","MODDATE":1761830716000,"dbhLabel":"0 to 7.9 cm","wiresLabel":"No"}},{"type":"Feature","id":14726,"geometry":{"type":"Point","coordinates":[-63.5915454513357,44.6530420346112]},"properties":{"OBJECTID":14726,"ASSETID":"TRE629858","TREEID":"TRE629858","ASSETCODE":"TRE","ASSETSTAT":"INS","SP_SCIEN":"Unknown Species","SP_COMM":"Unknown Species","DBH":3,"WIRES":"Y","OWNER":"HRM","MAINTBY":"HRM","MODDATE":1761830716000,"dbhLabel":"16 to 30.9cm","wiresLabel":"Yes"}},{"type":"Feature","id":14729,"geometry":{"type":"Point","coordinates":[-63.6119189599085,44.6547912157596]},"properties":{"OBJECTID":14729,"ASSETID":"TRE137124","TREEID":"TRE137124","ASSETCODE":"TRE","ASSETSTAT":"INS","SP_SCIEN":"Ulmus americana","SP_COMM":"American Elm","DBH":6,"WIRES":"Y","OWNER":"HRM","MAINTBY":"HRM","MODDATE":1761830716000,"dbhLabel":"61 to 76.9 cm","wiresLabel":"Yes"}},{"type":"Feature","id":14734,"geometry":{"type":"Point","coordinates":[-63.5916424325554,44.6524184288605]},"properties":{"OBJECTID":14734,"ASSETID":"TRE629899","TREEID":"TRE629899","ASSETCODE":"TRE","ASSETSTAT":"INS","SP_SCIEN":"Cornus (genus)","SP_COMM":"Dogwood","DBH":1,"WIRES":"N","OWNER":"HRM","MAINTBY":"HRM","MODDATE":1761830716000,"dbhLabel":"0 to 7.9 cm","wiresLabel":"No"}},{"type":"Feature","id":14750,"geometry":{"type":"Point","coordinates":[-63.5945628402728,44.6527848921426]},"properties":{"OBJECTID":14750,"ASSETID":"TRE629891","TREEID":"TRE629891","ASSETCODE":"TRE","ASSETSTAT":"INS","SP_SCIEN":"Elm (genus)","SP_COMM":"Elm","DBH":1,"WIRES":"Y","OWNER":"HRM","MAINTBY":"HRM","MODDATE":1761830716000,"dbhLabel":"0 to 7.9 cm","wiresLabel":"Yes"}},{"type":"Feature","id":14751,"geometry":{"type":"Point","coordinates":[-63.5696141104483,44.6402664673936]},"properties":{"OBJECTID":14751,"ASSETID":"TRE133647","TREEID":"TRE133647","ASSETCODE":"TRE","ASSETSTAT":"INS","SP_SCIEN":"Diospyros virginiana","SP_COMM":"Japanese Persimmon","DBH":1,"WIRES":"Y","OWNER":"HRM","MAINTBY":"HRM","MODDATE":1761830716000,"dbhLabel":"0 to 7.9 cm","wiresLabel":"Yes"}},{"type":"Feature","id":14758,"geometry":{"type":"Point","coordinates":[-63.5884744913666,44.6524281212788]},"properties":{"OBJECTID":14758,"ASSETID":"TRE629851","TREEID":"TRE629851","ASSETCODE":"TRE","ASSETSTAT":"INS","SP_SCIEN":"Syringa reticulata","SP_COMM":"Japanese Tree Lilac","DBH":1,"WIRES":"N","OWNER":"HRM","MAINTBY":"HRM","MODDATE":1761830716000,"dbhLabel":"0 to 7.9 cm","wiresLabel":"No"}},{"type":"Feature","id":14759,"geometry":{"type":"Point","coordinates":[-63.579018343189,44.6424306440557]},"properties":{"OBJECTID":14759,"ASSETID":"TRE133106","TREEID":"TRE133106","ASSETCODE":"TRE","ASSETSTAT":"INS","SP_SCIEN":"Ulmus americana","SP_COMM":"American Elm","DBH":1,"WIRES":"Y","OWNER":"HRM","MAINTBY":"HRM","MODDATE":1761830716000,"dbhLabel":"0 to 7.9 cm","wiresLabel":"Yes"}},{"type":"Feature","id":14768,"geometry":{"type":"Point","coordinates":[-63.5714316088806,44.6397973326224]},"properties":{"OBJECTID":14768,"ASSETID":"TRE128560","TREEID":"TRE128560","ASSETCODE":"TRE","ASSETSTAT":"INS","SP_SCIEN":"Quercus rubra","SP_COMM":"Northern Red Oak","DBH":5,"WIRES":"Y","OWNER":"HRM","MAINTBY":"HRM","MODDATE":1761830716000,"dbhLabel":"46 to 60.9 cm","wiresLabel":"Yes"}},{"type":"Feature","id":14785,"geometry":{"type":"Point","coordinates":[-63.5862307594,44.650588685108]},"properties":{"OBJECTID":14785,"ASSETID":"TRE629987","TREEID":"TRE629987","ASSETCODE":"TRE","ASSETSTAT":"INS","SP_SCIEN":"Ginkgo biloba","SP_COMM":"Ginkgo","DBH":1,"WIRES":"N","OWNER":"HRM","MAINTBY":"HRM","MODDATE":1761830716000,"dbhLabel":"0 to 7.9 cm","wiresLabel":"No"}},{"type":"Feature","id":14793,"geometry":{"type":"Point","coordinates":[-63.5898655640251,44.6510974489989]},"properties":{"OBJECTID":14793,"ASSETID":"TRE629840","TREEID":"TRE629840","ASSETCODE":"TRE","ASSETSTAT":"INS","SP_SCIEN":"Taxus (genus)","SP_COMM":"Yew","DBH":2,"WIRES":"N","OWNER":"HRM","MAINTBY":"HRM","MODDATE":1761830716000,"dbhLabel":"8 to 15.9 cm","wiresLabel":"No"}},{"type":"Feature","id":14806,"geometry":{"type":"Point","coordinates":[-63.5871235212991,44.6509831368308]},"properties":{"OBJECTID":14806,"ASSETID":"TRE629825","TREEID":"TRE629825","ASSETCODE":"TRE","ASSETSTAT":"INS","SP_SCIEN":"Elm (genus)","SP_COMM":"Elm","DBH":2,"WIRES":"N","OWNER":"HRM","MAINTBY":"HRM","MODDATE":1761830716000,"dbhLabel":"8 to 15.9 cm","wiresLabel":"No"}},{"type":"Feature","id":14808,"geometry":{"type":"Point","coordinates":[-63.594615451904,44.6508175785417]},"properties":{"OBJECTID":14808,"ASSETID":"TRE246421","TREEID":"TRE246421","ASSETCODE":"TRE","ASSETSTAT":"INS","SP_SCIEN":"Tilia (genus)","SP_COMM":"Linden","DBH":1,"WIRES":"N","OWNER":"HRM","MAINTBY":"HRM","MODDATE":1763734713000,"dbhLabel":"0 to 7.9 cm","wiresLabel":"No"}},{"type":"Feature","id":14818,"geometry":{"type":"Point","coordinates":[-63.5871887794129,44.6510134973977]},"properties":{"OBJECTID":14818,"ASSETID":"TRE629826","TREEID":"TRE629826","ASSETCODE":"TRE","ASSETSTAT":"INS","SP_SCIEN":"Quercus (genus)","SP_COMM":"Oak","DBH":1,"WIRES":"N","OWNER":"HRM","MAINTBY":"HRM","MODDATE":1761830716000,"dbhLabel":"0 to 7.9 cm","wiresLabel":"No"}},{"type":"Feature","id":14823,"geometry":{"type":"Point","coordinates":[-63.5870066594638,44.6510427677095]},"properties":{"OBJECTID":14823,"ASSETID":"TRE629821","TREEID":"TRE629821","ASSETCODE":"TRE","ASSETSTAT":"INS","SP_SCIEN":"Celtis occidentalis","SP_COMM":"Northern Hackberry","DBH":2,"WIRES":"N","OWNER":"HRM","MAINTBY":"HRM","MODDATE":1761830716000,"dbhLabel":"8 to 15.9 cm","wiresLabel":"No"}},{"type":"Feature","id":14845,"geometry":{"type":"Point","coordinates":[-63.5703811378519,44.6428721282898]},"properties":{"OBJECTID":14845,"ASSETID":"TRE133008","TREEID":"TRE133008","ASSETCODE":"TRE","ASSETSTAT":"INS","SP_SCIEN":"Diospyros virginiana","SP_COMM":"Japanese Persimmon","DBH":2,"WIRES":"N","OWNER":"HRM","MAINTBY":"HRM","MODDATE":1761830716000,"dbhLabel":"8 to 15.9 cm","wiresLabel":"No"}},{"type":"Feature","id":14849,"geometry":{"type":"Point","coordinates":[-63.5868767936164,44.6508841236186]},"properties":{"OBJECTID":14849,"ASSETID":"TRE629816","TREEID":"TRE629816","ASSETCODE":"TRE","ASSETSTAT":"INS","SP_SCIEN":"Quercus (genus)","SP_COMM":"Oak","DBH":1,"WIRES":"N","OWNER":"HRM","MAINTBY":"HRM","MODDATE":1761830716000,"dbhLabel":"0 to 7.9 cm","wiresLabel":"No"}},{"type":"Feature","id":14851,"geometry":{"type":"Point","coordinates":[-63.5892741078522,44.6511797255017]},"properties":{"OBJECTID":14851,"ASSETID":"TRE141622","TREEID":"TRE141622","ASSETCODE":"TRE","ASSETSTAT":"INS","SP_SCIEN":"Quercus rubra","SP_COMM":"Northern Red Oak","DBH":2,"WIRES":"N","OWNER":"HRM","MAINTBY":"HRM","MODDATE":1761830716000,"dbhLabel":"8 to 15.9 cm","wiresLabel":"No"}},{"type":"Feature","id":14852,"geometry":{"type":"Point","coordinates":[-63.5805783943423,44.6419792763031]},"properties":{"OBJECTID":14852,"ASSETID":"TRE133448","TREEID":"TRE133448","ASSETCODE":"TRE","ASSETSTAT":"INS","SP_SCIEN":"Tilia (genus)","SP_COMM":"Linden","DBH":5,"WIRES":"Y","OWNER":"HRM","MAINTBY":"HRM","MODDATE":1761830716000,"dbhLabel":"46 to 60.9 cm","wiresLabel":"Yes"}},{"type":"Feature","id":14854,"geometry":{"type":"Point","coordinates":[-63.5868029664731,44.6509393156687]},"properties":{"OBJECTID":14854,"ASSETID":"TRE629818","TREEID":"TRE629818","ASSETCODE":"TRE","ASSETSTAT":"INS","SP_SCIEN":"Quercus (genus)","SP_COMM":"Oak","DBH":2,"WIRES":"N","OWNER":"HRM","MAINTBY":"HRM","MODDATE":1761830716000,"dbhLabel":"8 to 15.9 cm","wiresLabel":"No"}},{"type":"Feature","id":14857,"geometry":{"type":"Point","coordinates":[-63.5913137991801,44.6530483898604]},"properties":{"OBJECTID":14857,"ASSETID":"TRE629857","TREEID":"TRE629857","ASSETCODE":"TRE","ASSETSTAT":"INS","SP_SCIEN":"Acer rubrum","SP_COMM":"Red Maple","DBH":1,"WIRES":"N","OWNER":"HRM","MAINTBY":"HRM","MODDATE":1761830716000,"dbhLabel":"0 to 7.9 cm","wiresLabel":"No"}},{"type":"Feature","id":14875,"geometry":{"type":"Point","coordinates":[-63.5881277632265,44.6515314184353]},"properties":{"OBJECTID":14875,"ASSETID":"TRE629850","TREEID":"TRE629850","ASSETCODE":"TRE","ASSETSTAT":"INS","SP_SCIEN":"Pinus mugo","SP_COMM":"Dwarf Mountain Pine","DBH":2,"WIRES":"N","OWNER":"HRM","MAINTBY":"HRM","MODDATE":1761830716000,"dbhLabel":"8 to 15.9 cm","wiresLabel":"No"}},{"type":"Feature","id":14891,"geometry":{"type":"Point","coordinates":[-63.5866725005511,44.6508666701539]},"properties":{"OBJECTID":14891,"ASSETID":"TRE629817","TREEID":"TRE629817","ASSETCODE":"TRE","ASSETSTAT":"INS","SP_SCIEN":"Quercus (genus)","SP_COMM":"Oak","DBH":3,"WIRES":"N","OWNER":"HRM","MAINTBY":"HRM","MODDATE":1761830716000,"dbhLabel":"16 to 30.9cm","wiresLabel":"No"}},{"type":"Feature","id":14896,"geometry":{"type":"Point","coordinates":[-63.5916416492245,44.6520162096495]},"properties":{"OBJECTID":14896,"ASSETID":"TRE629908","TREEID":"TRE629908","ASSETCODE":"TRE","ASSETSTAT":"INS","SP_SCIEN":"Cotinus coggygria","SP_COMM":"Smoketree","DBH":1,"WIRES":"Y","OWNER":"HRM","MAINTBY":"HRM","MODDATE":1761830716000,"dbhLabel":"0 to 7.9 cm","wiresLabel":"Yes"}},{"type":"Feature","id":14902,"geometry":{"type":"Point","coordinates":[-63.5899015694,44.6510869505021]},"properties":{"OBJECTID":14902,"ASSETID":"TRE629842","TREEID":"TRE629842","ASSETCODE":"TRE","ASSETSTAT":"INS","SP_SCIEN":"Taxus (genus)","SP_COMM":"Yew","DBH":2,"WIRES":"N","OWNER":"HRM","MAINTBY":"HRM","MODDATE":1761830716000,"dbhLabel":"8 to 15.9 cm","wiresLabel":"No"}},{"type":"Feature","id":14909,"geometry":{"type":"Point","coordinates":[-63.5890400697712,44.6512287305344]},"properties":{"OBJECTID":14909,"ASSETID":"TRE629839","TREEID":"TRE629839","ASSETCODE":"TRE","ASSETSTAT":"INS","SP_SCIEN":"Acer rubrum","SP_COMM":"Red Maple","DBH":3,"WIRES":"N","OWNER":"HRM","MAINTBY":"HRM","MODDATE":1761830716000,"dbhLabel":"16 to 30.9cm","wiresLabel":"No"}},{"type":"Feature","id":14931,"geometry":{"type":"Point","coordinates":[-63.5796745014186,44.6418178206704]},"properties":{"OBJECTID":14931,"ASSETID":"TRE128860","TREEID":"TRE128860","ASSETCODE":"TRE","ASSETSTAT":"INS","SP_SCIEN":"Celtis occidentalis","SP_COMM":"Northern Hackberry","DBH":3,"WIRES":"Y","OWNER":"HRM","MAINTBY":"HRM","MODDATE":1761830716000,"dbhLabel":"16 to 30.9cm","wiresLabel":"Yes"}},{"type":"Feature","id":14933,"geometry":{"type":"Point","coordinates":[-63.5910618424042,44.650959446145]},"properties":{"OBJECTID":14933,"ASSETID":"TRE629785","TREEID":"TRE629785","ASSETCODE":"TRE","ASSETSTAT":"INS","SP_SCIEN":"Quercus rubra","SP_COMM":"Northern Red Oak","DBH":1,"WIRES":"N","OWNER":"HRM","MAINTBY":"HRM","MODDATE":1761830716000,"dbhLabel":"0 to 7.9 cm","wiresLabel":"No"}},{"type":"Feature","id":14943,"geometry":{"type":"Point","coordinates":[-63.587327913179,44.6510711324565]},"properties":{"OBJECTID":14943,"ASSETID":"TRE629828","TREEID":"TRE629828","ASSETCODE":"TRE","ASSETSTAT":"INS","SP_SCIEN":"Quercus (genus)","SP_COMM":"Oak","DBH":2,"WIRES":"N","OWNER":"HRM","MAINTBY":"HRM","MODDATE":1761830716000,"dbhLabel":"8 to 15.9 cm","wiresLabel":"No"}},{"type":"Feature","id":14946,"geometry":{"type":"Point","coordinates":[-63.5938176751682,44.6515234986097]},"properties":{"OBJECTID":14946,"ASSETID":"TRE136683","TREEID":"TRE136683","ASSETCODE":"TRE","ASSETSTAT":"INS","SP_SCIEN":"Acer Platanoides","SP_COMM":"Norway Maple","DBH":4,"WIRES":"N","OWNER":"HRM","MAINTBY":"HRM","MODDATE":1761830716000,"dbhLabel":"31 to 45.9 cm","wiresLabel":"No"}},{"type":"Feature","id":14971,"geometry":{"type":"Point","coordinates":[-63.5920628324303,44.6558161832892]},"properties":{"OBJECTID":14971,"ASSETID":"TRE630050","TREEID":"TRE630050","ASSETCODE":"TRE","ASSETSTAT":"INS","SP_SCIEN":"Acer rubrum","SP_COMM":"Red Maple","DBH":1,"WIRES":"Y","OWNER":"HRM","MAINTBY":"HRM","MODDATE":1761830716000,"dbhLabel":"0 to 7.9 cm","wiresLabel":"Yes"}},{"type":"Feature","id":14984,"geometry":{"type":"Point","coordinates":[-63.5870509491022,44.6509503951003]},"properties":{"OBJECTID":14984,"ASSETID":"TRE629824","TREEID":"TRE629824","ASSETCODE":"TRE","ASSETSTAT":"INS","SP_SCIEN":"Elm (genus)","SP_COMM":"Elm","DBH":2,"WIRES":"N","OWNER":"HRM","MAINTBY":"HRM","MODDATE":1761830716000,"dbhLabel":"8 to 15.9 cm","wiresLabel":"No"}},{"type":"Feature","id":15019,"geometry":{"type":"Point","coordinates":[-63.5799009451422,44.6410322714539]},"properties":{"OBJECTID":15019,"ASSETID":"TRE630248","TREEID":"TRE630248","ASSETCODE":"TRE","ASSETSTAT":"INS","SP_SCIEN":"Syringa reticulata","SP_COMM":"Japanese Tree Lilac","DBH":1,"WIRES":"Y","OWNER":"HRM","MAINTBY":"HRM","MODDATE":1761830716000,"dbhLabel":"0 to 7.9 cm","wiresLabel":"Yes"}},{"type":"Feature","id":15090,"geometry":{"type":"Point","coordinates":[-63.5778575572469,44.6427076986039]},"properties":{"OBJECTID":15090,"ASSETID":"TRE630266","TREEID":"TRE630266","ASSETCODE":"TRE","ASSETSTAT":"INS","SP_SCIEN":"Syringa reticulata","SP_COMM":"Japanese Tree Lilac","DBH":1,"WIRES":"N","OWNER":"HRM","MAINTBY":"HRM","MODDATE":1761830716000,"dbhLabel":"0 to 7.9 cm","wiresLabel":"No"}},{"type":"Feature","id":15092,"geometry":{"type":"Point","coordinates":[-63.5773204239958,44.6418198404265]},"properties":{"OBJECTID":15092,"ASSETID":"TRE630270","TREEID":"TRE630270","ASSETCODE":"TRE","ASSETSTAT":"INS","SP_SCIEN":"Ginkgo biloba","SP_COMM":"Ginkgo","DBH":1,"WIRES":"N","OWNER":"HRM","MAINTBY":"HRM","MODDATE":1761830716000,"dbhLabel":"0 to 7.9 cm","wiresLabel":"No"}},{"type":"Feature","id":15180,"geometry":{"type":"Point","coordinates":[-63.5765023983351,44.6421083145713]},"properties":{"OBJECTID":15180,"ASSETID":"TRE630261","TREEID":"TRE630261","ASSETCODE":"TRE","ASSETSTAT":"INS","SP_SCIEN":"Quercus rubra","SP_COMM":"Northern Red Oak","DBH":1,"WIRES":"Y","OWNER":"HRM","MAINTBY":"HRM","MODDATE":1761830716000,"dbhLabel":"0 to 7.9 cm","wiresLabel":"Yes"}},{"type":"Feature","id":15231,"geometry":{"type":"Point","coordinates":[-63.5764675203459,44.6420411803464]},"properties":{"OBJECTID":15231,"ASSETID":"TRE630260","TREEID":"TRE630260","ASSETCODE":"TRE","ASSETSTAT":"INS","SP_SCIEN":"Quercus rubra","SP_COMM":"Northern Red Oak","DBH":1,"WIRES":"Y","OWNER":"HRM","MAINTBY":"HRM","MODDATE":1761830716000,"dbhLabel":"0 to 7.9 cm","wiresLabel":"Yes"}},{"type":"Feature","id":15239,"geometry":{"type":"Point","coordinates":[-63.5766453571277,44.6423960842091]},"properties":{"OBJECTID":15239,"ASSETID":"TRE630263","TREEID":"TRE630263","ASSETCODE":"TRE","ASSETSTAT":"INS","SP_SCIEN":"Quercus rubra","SP_COMM":"Northern Red Oak","DBH":1,"WIRES":"Y","OWNER":"HRM","MAINTBY":"HRM","MODDATE":1761830716000,"dbhLabel":"0 to 7.9 cm","wiresLabel":"Yes"}},{"type":"Feature","id":15257,"geometry":{"type":"Point","coordinates":[-63.5757750055001,44.6431650610156]},"properties":{"OBJECTID":15257,"ASSETID":"TRE630275","TREEID":"TRE630275","ASSETCODE":"TRE","ASSETSTAT":"INS","SP_SCIEN":"Ulmus americana","SP_COMM":"American Elm","DBH":6,"WIRES":"N","OWNER":"HRM","MAINTBY":"HRM","MODDATE":1761830716000,"dbhLabel":"61 to 76.9 cm","wiresLabel":"No"}},{"type":"Feature","id":15290,"geometry":{"type":"Point","coordinates":[-63.5766004359736,44.6423174090451]},"properties":{"OBJECTID":15290,"ASSETID":"TRE630262","TREEID":"TRE630262","ASSETCODE":"TRE","ASSETSTAT":"INS","SP_SCIEN":"Quercus rubra","SP_COMM":"Northern Red Oak","DBH":1,"WIRES":"Y","OWNER":"HRM","MAINTBY":"HRM","MODDATE":1761830716000,"dbhLabel":"0 to 7.9 cm","wiresLabel":"Yes"}},{"type":"Feature","id":15318,"geometry":{"type":"Point","coordinates":[-63.5778634681614,44.6426876138394]},"properties":{"OBJECTID":15318,"ASSETID":"TRE630265","TREEID":"TRE630265","ASSETCODE":"TRE","ASSETSTAT":"INS","SP_SCIEN":"Syringa reticulata","SP_COMM":"Japanese Tree Lilac","DBH":1,"WIRES":"N","OWNER":"HRM","MAINTBY":"HRM","MODDATE":1761830716000,"dbhLabel":"0 to 7.9 cm","wiresLabel":"No"}},{"type":"Feature","id":15340,"geometry":{"type":"Point","coordinates":[-63.5799246112583,44.6410918083778]},"properties":{"OBJECTID":15340,"ASSETID":"TRE630249","TREEID":"TRE630249","ASSETCODE":"TRE","ASSETSTAT":"INS","SP_SCIEN":"Syringa reticulata","SP_COMM":"Japanese Tree Lilac","DBH":1,"WIRES":"Y","OWNER":"HRM","MAINTBY":"HRM","MODDATE":1761830716000,"dbhLabel":"0 to 7.9 cm","wiresLabel":"Yes"}},{"type":"Feature","id":15388,"geometry":{"type":"Point","coordinates":[-63.5767041859991,44.6427966169376]},"properties":{"OBJECTID":15388,"ASSETID":"TRE630264","TREEID":"TRE630264","ASSETCODE":"TRE","ASSETSTAT":"INS","SP_SCIEN":"Ginkgo biloba","SP_COMM":"Ginkgo","DBH":1,"WIRES":"N","OWNER":"HRM","MAINTBY":"HRM","MODDATE":1761830716000,"dbhLabel":"0 to 7.9 cm","wiresLabel":"No"}},{"type":"Feature","id":15392,"geometry":{"type":"Point","coordinates":[-63.5801510909145,44.6410548955817]},"properties":{"OBJECTID":15392,"ASSETID":"TRE630236","TREEID":"TRE630236","ASSETCODE":"TRE","ASSETSTAT":"INS","SP_SCIEN":"Carpinus betulus","SP_COMM":"European Hornbeam","DBH":1,"WIRES":"N","OWNER":"HRM","MAINTBY":"HRM","MODDATE":1761830716000,"dbhLabel":"0 to 7.9 cm","wiresLabel":"No"}},{"type":"Feature","id":15476,"geometry":{"type":"Point","coordinates":[-63.5803271139978,44.6417971961439]},"properties":{"OBJECTID":15476,"ASSETID":"TRE630241","TREEID":"TRE630241","ASSETCODE":"TRE","ASSETSTAT":"INS","SP_SCIEN":"Ulmus americana","SP_COMM":"American Elm","DBH":1,"WIRES":"N","OWNER":"HRM","MAINTBY":"HRM","MODDATE":1761830716000,"dbhLabel":"0 to 7.9 cm","wiresLabel":"No"}},{"type":"Feature","id":15488,"geometry":{"type":"Point","coordinates":[-63.5801534903146,44.6419540786312]},"properties":{"OBJECTID":15488,"ASSETID":"TRE630251","TREEID":"TRE630251","ASSETCODE":"TRE","ASSETSTAT":"INS","SP_SCIEN":"Pyrus calleryana","SP_COMM":"Callery Pear","DBH":1,"WIRES":"Y","OWNER":"HRM","MAINTBY":"HRM","MODDATE":1761830716000,"dbhLabel":"0 to 7.9 cm","wiresLabel":"Yes"}},{"type":"Feature","id":15505,"geometry":{"type":"Point","coordinates":[-63.5801883440493,44.6419703996266]},"properties":{"OBJECTID":15505,"ASSETID":"TRE630253","TREEID":"TRE630253","ASSETCODE":"TRE","ASSETSTAT":"INS","SP_SCIEN":"Pyrus calleryana","SP_COMM":"Callery Pear","DBH":1,"WIRES":"Y","OWNER":"HRM","MAINTBY":"HRM","MODDATE":1761830716000,"dbhLabel":"0 to 7.9 cm","wiresLabel":"Yes"}},{"type":"Feature","id":15510,"geometry":{"type":"Point","coordinates":[-63.5781475477936,44.6427076187097]},"properties":{"OBJECTID":15510,"ASSETID":"TRE630257","TREEID":"TRE630257","ASSETCODE":"TRE","ASSETSTAT":"INS","SP_SCIEN":"Pyrus calleryana","SP_COMM":"Callery Pear","DBH":1,"WIRES":"N","OWNER":"HRM","MAINTBY":"HRM","MODDATE":1761830716000,"dbhLabel":"0 to 7.9 cm","wiresLabel":"No"}},{"type":"Feature","id":15531,"geometry":{"type":"Point","coordinates":[-63.5769474902022,44.6417414898157]},"properties":{"OBJECTID":15531,"ASSETID":"TRE630273","TREEID":"TRE630273","ASSETCODE":"TRE","ASSETSTAT":"INS","SP_SCIEN":"Quercus rubra","SP_COMM":"Northern Red Oak","DBH":1,"WIRES":"Y","OWNER":"HRM","MAINTBY":"HRM","MODDATE":1761830716000,"dbhLabel":"0 to 7.9 cm","wiresLabel":"Yes"}},{"type":"Feature","id":15547,"geometry":{"type":"Point","coordinates":[-63.5773465029868,44.6418832249406]},"properties":{"OBJECTID":15547,"ASSETID":"TRE630269","TREEID":"TRE630269","ASSETCODE":"TRE","ASSETSTAT":"INS","SP_SCIEN":"Ginkgo biloba","SP_COMM":"Ginkgo","DBH":1,"WIRES":"N","OWNER":"HRM","MAINTBY":"HRM","MODDATE":1761830716000,"dbhLabel":"0 to 7.9 cm","wiresLabel":"No"}},{"type":"Feature","id":15578,"geometry":{"type":"Point","coordinates":[-63.5794069525843,44.6418070424579]},"properties":{"OBJECTID":15578,"ASSETID":"TRE630256","TREEID":"TRE630256","ASSETCODE":"TRE","ASSETSTAT":"INS","SP_SCIEN":"Quercus palustris","SP_COMM":"Pin Oak","DBH":1,"WIRES":"N","OWNER":"HRM","MAINTBY":"HRM","MODDATE":1761830716000,"dbhLabel":"0 to 7.9 cm","wiresLabel":"No"}},{"type":"Feature","id":15611,"geometry":{"type":"Point","coordinates":[-63.58018134258,44.6419456902705]},"properties":{"OBJECTID":15611,"ASSETID":"TRE630252","TREEID":"TRE630252","ASSETCODE":"TRE","ASSETSTAT":"INS","SP_SCIEN":"Pyrus calleryana","SP_COMM":"Callery Pear","DBH":1,"WIRES":"Y","OWNER":"HRM","MAINTBY":"HRM","MODDATE":1761830716000,"dbhLabel":"0 to 7.9 cm","wiresLabel":"Yes"}},{"type":"Feature","id":15620,"geometry":{"type":"Point","coordinates":[-63.5765659343785,44.6418397305466]},"properties":{"OBJECTID":15620,"ASSETID":"TRE630271","TREEID":"TRE630271","ASSETCODE":"TRE","ASSETSTAT":"INS","SP_SCIEN":"Quercus rubra","SP_COMM":"Northern Red Oak","DBH":1,"WIRES":"Y","OWNER":"HRM","MAINTBY":"HRM","MODDATE":1761830716000,"dbhLabel":"0 to 7.9 cm","wiresLabel":"Yes"}},{"type":"Feature","id":15688,"geometry":{"type":"Point","coordinates":[-63.5766850240357,44.6418107547192]},"properties":{"OBJECTID":15688,"ASSETID":"TRE630272","TREEID":"TRE630272","ASSETCODE":"TRE","ASSETSTAT":"INS","SP_SCIEN":"Quercus rubra","SP_COMM":"Northern Red Oak","DBH":1,"WIRES":"Y","OWNER":"HRM","MAINTBY":"HRM","MODDATE":1761830716000,"dbhLabel":"0 to 7.9 cm","wiresLabel":"Yes"}},{"type":"Feature","id":15700,"geometry":{"type":"Point","coordinates":[-63.576076450465,44.6415637354259]},"properties":{"OBJECTID":15700,"ASSETID":"TRE630259","TREEID":"TRE630259","ASSETCODE":"TRE","ASSETSTAT":"INS","SP_SCIEN":"Gymnocladus dioicus","SP_COMM":"Kentucky Coffeetree","DBH":1,"WIRES":"Y","OWNER":"HRM","MAINTBY":"HRM","MODDATE":1761830716000,"dbhLabel":"0 to 7.9 cm","wiresLabel":"Yes"}},{"type":"Feature","id":15705,"geometry":{"type":"Point","coordinates":[-63.5764234669643,44.64317315647]},"properties":{"OBJECTID":15705,"ASSETID":"TRE630276","TREEID":"TRE630276","ASSETCODE":"TRE","ASSETSTAT":"INS","SP_SCIEN":"Gymnocladus dioicus","SP_COMM":"Kentucky Coffeetree","DBH":1,"WIRES":"N","OWNER":"HRM","MAINTBY":"HRM","MODDATE":1761830716000,"dbhLabel":"0 to 7.9 cm","wiresLabel":"No"}},{"type":"Feature","id":15719,"geometry":{"type":"Point","coordinates":[-63.5798352297859,44.64082644556]},"properties":{"OBJECTID":15719,"ASSETID":"TRE630247","TREEID":"TRE630247","ASSETCODE":"TRE","ASSETSTAT":"INS","SP_SCIEN":"Syringa reticulata","SP_COMM":"Japanese Tree Lilac","DBH":1,"WIRES":"Y","OWNER":"HRM","MAINTBY":"HRM","MODDATE":1761830716000,"dbhLabel":"0 to 7.9 cm","wiresLabel":"Yes"}},{"type":"Feature","id":15780,"geometry":{"type":"Point","coordinates":[-63.5770476963738,44.6417099272404]},"properties":{"OBJECTID":15780,"ASSETID":"TRE630274","TREEID":"TRE630274","ASSETCODE":"TRE","ASSETSTAT":"INS","SP_SCIEN":"Quercus rubra","SP_COMM":"Northern Red Oak","DBH":1,"WIRES":"Y","OWNER":"HRM","MAINTBY":"HRM","MODDATE":1761830716000,"dbhLabel":"0 to 7.9 cm","wiresLabel":"Yes"}},{"type":"Feature","id":15871,"geometry":{"type":"Point","coordinates":[-63.5798706925783,44.6409358714526]},"properties":{"OBJECTID":15871,"ASSETID":"TRE630245","TREEID":"TRE630245","ASSETCODE":"TRE","ASSETSTAT":"INS","SP_SCIEN":"Syringa reticulata","SP_COMM":"Japanese Tree Lilac","DBH":1,"WIRES":"Y","OWNER":"HRM","MAINTBY":"HRM","MODDATE":1761830716000,"dbhLabel":"0 to 7.9 cm","wiresLabel":"Yes"}},{"type":"Feature","id":15908,"geometry":{"type":"Point","coordinates":[-63.5793305948868,44.6416494986761]},"properties":{"OBJECTID":15908,"ASSETID":"TRE630255","TREEID":"TRE630255","ASSETCODE":"TRE","ASSETSTAT":"INS","SP_SCIEN":"Quercus palustris","SP_COMM":"Pin Oak","DBH":1,"WIRES":"N","OWNER":"HRM","MAINTBY":"HRM","MODDATE":1761830716000,"dbhLabel":"0 to 7.9 cm","wiresLabel":"No"}},{"type":"Feature","id":15914,"geometry":{"type":"Point","coordinates":[-63.5802302657287,44.6410407813893]},"properties":{"OBJECTID":15914,"ASSETID":"TRE630237","TREEID":"TRE630237","ASSETCODE":"TRE","ASSETSTAT":"INS","SP_SCIEN":"Carpinus betulus","SP_COMM":"European Hornbeam","DBH":1,"WIRES":"N","OWNER":"HRM","MAINTBY":"HRM","MODDATE":1761830716000,"dbhLabel":"0 to 7.9 cm","wiresLabel":"No"}},{"type":"Feature","id":15922,"geometry":{"type":"Point","coordinates":[-63.5798591249724,44.6409038527082]},"properties":{"OBJECTID":15922,"ASSETID":"TRE630246","TREEID":"TRE630246","ASSETCODE":"TRE","ASSETSTAT":"INS","SP_SCIEN":"Syringa reticulata","SP_COMM":"Japanese Tree Lilac","DBH":1,"WIRES":"Y","OWNER":"HRM","MAINTBY":"HRM","MODDATE":1761830716000,"dbhLabel":"0 to 7.9 cm","wiresLabel":"Yes"}},{"type":"Feature","id":15976,"geometry":{"type":"Point","coordinates":[-63.5799435216934,44.6411570140452]},"properties":{"OBJECTID":15976,"ASSETID":"TRE630250","TREEID":"TRE630250","ASSETCODE":"TRE","ASSETSTAT":"INS","SP_SCIEN":"Syringa reticulata","SP_COMM":"Japanese Tree Lilac","DBH":1,"WIRES":"Y","OWNER":"HRM","MAINTBY":"HRM","MODDATE":1761830716000,"dbhLabel":"0 to 7.9 cm","wiresLabel":"Yes"}},{"type":"Feature","id":20053,"geometry":{"type":"Point","coordinates":[-63.6736082835936,44.7106594328058]},"properties":{"OBJECTID":20053,"ASSETID":"TRE226391","TREEID":"TRE226391","ASSETCODE":"TRE","ASSETSTAT":"INS","SP_SCIEN":"Amelanchier (genus)","SP_COMM":"Serviceberry","DBH":2,"WIRES":"Y","OWNER":"HRM","MAINTBY":"HRM","MODDATE":1759830854000,"dbhLabel":"8 to 15.9 cm","wiresLabel":"Yes"}},{"type":"Feature","id":20289,"geometry":{"type":"Point","coordinates":[-63.6729121898597,44.7109012407602]},"properties":{"OBJECTID":20289,"ASSETID":"TRE226388","TREEID":"TRE226388","ASSETCODE":"TRE","ASSETSTAT":"INS","SP_SCIEN":"Tilia americana","SP_COMM":"American Basswood","DBH":3,"WIRES":"N","OWNER":"HRM","MAINTBY":"HRM","MODDATE":1759830854000,"dbhLabel":"16 to 30.9cm","wiresLabel":"No"}},{"type":"Feature","id":20360,"geometry":{"type":"Point","coordinates":[-63.6751246164369,44.7094952771482]},"properties":{"OBJECTID":20360,"ASSETID":"TRE226401","TREEID":"TRE226401","ASSETCODE":"TRE","ASSETSTAT":"INS","SP_SCIEN":"Syringa reticulata","SP_COMM":"Japanese Tree Lilac","DBH":2,"WIRES":"Y","OWNER":"HRM","MAINTBY":"HRM","MODDATE":1759830854000,"dbhLabel":"8 to 15.9 cm","wiresLabel":"Yes"}},{"type":"Feature","id":20403,"geometry":{"type":"Point","coordinates":[-63.6745587505715,44.7102935671573]},"properties":{"OBJECTID":20403,"ASSETID":"TRE226395","TREEID":"TRE226395","ASSETCODE":"TRE","ASSETSTAT":"INS","SP_SCIEN":"Quercus rubra","SP_COMM":"Northern Red Oak","DBH":1,"WIRES":"Y","OWNER":"HRM","MAINTBY":"HRM","MODDATE":1759830854000,"dbhLabel":"0 to 7.9 cm","wiresLabel":"Yes"}},{"type":"Feature","id":20589,"geometry":{"type":"Point","coordinates":[-63.6746745110723,44.7102076079425]},"properties":{"OBJECTID":20589,"ASSETID":"TRE226396","TREEID":"TRE226396","ASSETCODE":"TRE","ASSETSTAT":"INS","SP_SCIEN":"Celtis occidentalis","SP_COMM":"Northern Hackberry","DBH":2,"WIRES":"Y","OWNER":"HRM","MAINTBY":"HRM","MODDATE":1759830854000,"dbhLabel":"8 to 15.9 cm","wiresLabel":"Yes"}},{"type":"Feature","id":20629,"geometry":{"type":"Point","coordinates":[-63.6752784960485,44.7093896298407]},"properties":{"OBJECTID":20629,"ASSETID":"TRE226377","TREEID":"TRE226377","ASSETCODE":"TRE","ASSETSTAT":"INS","SP_SCIEN":"Zelkova serrata","SP_COMM":"Japanese Zelkova","DBH":1,"WIRES":"N","OWNER":"HRM","MAINTBY":"HRM","MODDATE":1759830854000,"dbhLabel":"0 to 7.9 cm","wiresLabel":"No"}},{"type":"Feature","id":20881,"geometry":{"type":"Point","coordinates":[-63.6752358323607,44.7096189582393]},"properties":{"OBJECTID":20881,"ASSETID":"TRE226379","TREEID":"TRE226379","ASSETCODE":"TRE","ASSETSTAT":"INS","SP_SCIEN":"Celtis occidentalis","SP_COMM":"Northern Hackberry","DBH":2,"WIRES":"N","OWNER":"HRM","MAINTBY":"HRM","MODDATE":1759830854000,"dbhLabel":"8 to 15.9 cm","wiresLabel":"No"}},{"type":"Feature","id":20904,"geometry":{"type":"Point","coordinates":[-63.6737481153507,44.7106307722686]},"properties":{"OBJECTID":20904,"ASSETID":"TRE226392","TREEID":"TRE226392","ASSETCODE":"TRE","ASSETSTAT":"INS","SP_SCIEN":"Acer ginnala","SP_COMM":"Amur Maple","DBH":2,"WIRES":"Y","OWNER":"HRM","MAINTBY":"HRM","MODDATE":1759830854000,"dbhLabel":"8 to 15.9 cm","wiresLabel":"Yes"}},{"type":"Feature","id":20979,"geometry":{"type":"Point","coordinates":[-63.6752256751098,44.7094446608484]},"properties":{"OBJECTID":20979,"ASSETID":"TRE220046","TREEID":"TRE220046","ASSETCODE":"TRE","ASSETSTAT":"INS","SP_SCIEN":"Quercus alba","SP_COMM":"White Oak","DBH":1,"WIRES":null,"OWNER":"HRM","MAINTBY":"HRM","MODDATE":1759830854000,"dbhLabel":"0 to 7.9 cm","wiresLabel":"Unknown"}},{"type":"Feature","id":21048,"geometry":{"type":"Point","coordinates":[-63.6749445778843,44.7101155849776]},"properties":{"OBJECTID":21048,"ASSETID":"TRE226381","TREEID":"TRE226381","ASSETCODE":"TRE","ASSETSTAT":"INS","SP_SCIEN":"Tilia americana","SP_COMM":"American Basswood","DBH":2,"WIRES":"N","OWNER":"HRM","MAINTBY":"HRM","MODDATE":1759830854000,"dbhLabel":"8 to 15.9 cm","wiresLabel":"No"}},{"type":"Feature","id":21051,"geometry":{"type":"Point","coordinates":[-63.6743629322126,44.7104126046841]},"properties":{"OBJECTID":21051,"ASSETID":"TRE226394","TREEID":"TRE226394","ASSETCODE":"TRE","ASSETSTAT":"INS","SP_SCIEN":"Syringa reticulata","SP_COMM":"Japanese Tree Lilac","DBH":2,"WIRES":"Y","OWNER":"HRM","MAINTBY":"HRM","MODDATE":1759830854000,"dbhLabel":"8 to 15.9 cm","wiresLabel":"Yes"}},{"type":"Feature","id":21066,"geometry":{"type":"Point","coordinates":[-63.6750821961926,44.7096473064539]},"properties":{"OBJECTID":21066,"ASSETID":"TRE226400","TREEID":"TRE226400","ASSETCODE":"TRE","ASSETSTAT":"INS","SP_SCIEN":"Quercus palustris","SP_COMM":"Pin Oak","DBH":3,"WIRES":"Y","OWNER":"HRM","MAINTBY":"HRM","MODDATE":1759830854000,"dbhLabel":"16 to 30.9cm","wiresLabel":"Yes"}},{"type":"Feature","id":21114,"geometry":{"type":"Point","coordinates":[-63.6693385146913,44.7327421851836]},"properties":{"OBJECTID":21114,"ASSETID":"TRE227294","TREEID":"TRE227294","ASSETCODE":"TRE","ASSETSTAT":"INS","SP_SCIEN":"Acer Platanoides","SP_COMM":"Norway Maple","DBH":3,"WIRES":"N","OWNER":"HRM","MAINTBY":"HRM","MODDATE":1759830854000,"dbhLabel":"16 to 30.9cm","wiresLabel":"No"}},{"type":"Feature","id":21157,"geometry":{"type":"Point","coordinates":[-63.6669444586451,44.7330720655346]},"properties":{"OBJECTID":21157,"ASSETID":"TRE227113","TREEID":"TRE227113","ASSETCODE":"TRE","ASSETSTAT":"INS","SP_SCIEN":"Acer saccharum","SP_COMM":"Sugar Maple","DBH":2,"WIRES":"N","OWNER":"HRM","MAINTBY":"HRM","MODDATE":1759830854000,"dbhLabel":"8 to 15.9 cm","wiresLabel":"No"}},{"type":"Feature","id":21172,"geometry":{"type":"Point","coordinates":[-63.6752602252139,44.7095101656763]},"properties":{"OBJECTID":21172,"ASSETID":"TRE226378","TREEID":"TRE226378","ASSETCODE":"TRE","ASSETSTAT":"INS","SP_SCIEN":"Quercus alba","SP_COMM":"White Oak","DBH":1,"WIRES":"N","OWNER":"HRM","MAINTBY":"HRM","MODDATE":1759830854000,"dbhLabel":"0 to 7.9 cm","wiresLabel":"No"}},{"type":"Feature","id":21189,"geometry":{"type":"Point","coordinates":[-63.6734907174791,44.710784341612]},"properties":{"OBJECTID":21189,"ASSETID":"TRE226387","TREEID":"TRE226387","ASSETCODE":"TRE","ASSETSTAT":"INS","SP_SCIEN":"Acer rubrum","SP_COMM":"Red Maple","DBH":1,"WIRES":"N","OWNER":"HRM","MAINTBY":"HRM","MODDATE":1759830854000,"dbhLabel":"0 to 7.9 cm","wiresLabel":"No"}},{"type":"Feature","id":21205,"geometry":{"type":"Point","coordinates":[-63.6688486418073,44.7329156632041]},"properties":{"OBJECTID":21205,"ASSETID":"TRE227303","TREEID":"TRE227303","ASSETCODE":"TRE","ASSETSTAT":"INS","SP_SCIEN":"Pyrus calleryana","SP_COMM":"Callery Pear","DBH":3,"WIRES":"Y","OWNER":"HRM","MAINTBY":"HRM","MODDATE":1759830854000,"dbhLabel":"16 to 30.9cm","wiresLabel":"Yes"}},{"type":"Feature","id":21235,"geometry":{"type":"Point","coordinates":[-63.6744030087524,44.7105151085283]},"properties":{"OBJECTID":21235,"ASSETID":"TRE226383","TREEID":"TRE226383","ASSETCODE":"TRE","ASSETSTAT":"INS","SP_SCIEN":"Tilia americana","SP_COMM":"American Basswood","DBH":3,"WIRES":"N","OWNER":"HRM","MAINTBY":"HRM","MODDATE":1759830854000,"dbhLabel":"16 to 30.9cm","wiresLabel":"No"}},{"type":"Feature","id":21294,"geometry":{"type":"Point","coordinates":[-63.6748095754702,44.7100819905324]},"properties":{"OBJECTID":21294,"ASSETID":"TRE226397","TREEID":"TRE226397","ASSETCODE":"TRE","ASSETSTAT":"INS","SP_SCIEN":"Quercus palustris","SP_COMM":"Pin Oak","DBH":1,"WIRES":"Y","OWNER":"HRM","MAINTBY":"HRM","MODDATE":1759830854000,"dbhLabel":"0 to 7.9 cm","wiresLabel":"Yes"}},{"type":"Feature","id":21555,"geometry":{"type":"Point","coordinates":[-63.6665481542811,44.733175048699]},"properties":{"OBJECTID":21555,"ASSETID":"TRE227112","TREEID":"TRE227112","ASSETCODE":"TRE","ASSETSTAT":"INS","SP_SCIEN":"Acer Platanoides","SP_COMM":"Norway Maple","DBH":2,"WIRES":"N","OWNER":"HRM","MAINTBY":"HRM","MODDATE":1759830854000,"dbhLabel":"8 to 15.9 cm","wiresLabel":"No"}},{"type":"Feature","id":21573,"geometry":{"type":"Point","coordinates":[-63.6730371688719,44.7107746998093]},"properties":{"OBJECTID":21573,"ASSETID":"TRE226390","TREEID":"TRE226390","ASSETCODE":"TRE","ASSETSTAT":"INS","SP_SCIEN":"Platanus hybrida","SP_COMM":"London Planetree","DBH":2,"WIRES":"Y","OWNER":"HRM","MAINTBY":"HRM","MODDATE":1759830854000,"dbhLabel":"8 to 15.9 cm","wiresLabel":"Yes"}},{"type":"Feature","id":21582,"geometry":{"type":"Point","coordinates":[-63.674218463352,44.7104832520572]},"properties":{"OBJECTID":21582,"ASSETID":"TRE226393","TREEID":"TRE226393","ASSETCODE":"TRE","ASSETSTAT":"INS","SP_SCIEN":"Acer ginnala","SP_COMM":"Amur Maple","DBH":2,"WIRES":"Y","OWNER":"HRM","MAINTBY":"HRM","MODDATE":1759830854000,"dbhLabel":"8 to 15.9 cm","wiresLabel":"Yes"}},{"type":"Feature","id":21619,"geometry":{"type":"Point","coordinates":[-63.6741993606775,44.7106055022866]},"properties":{"OBJECTID":21619,"ASSETID":"TRE226384","TREEID":"TRE226384","ASSETCODE":"TRE","ASSETSTAT":"INS","SP_SCIEN":"Tilia americana","SP_COMM":"American Basswood","DBH":1,"WIRES":"N","OWNER":"HRM","MAINTBY":"HRM","MODDATE":1759830854000,"dbhLabel":"0 to 7.9 cm","wiresLabel":"No"}},{"type":"Feature","id":21721,"geometry":{"type":"Point","coordinates":[-63.6738738067269,44.7107075646521]},"properties":{"OBJECTID":21721,"ASSETID":"TRE226385","TREEID":"TRE226385","ASSETCODE":"TRE","ASSETSTAT":"INS","SP_SCIEN":"Syringa reticulata","SP_COMM":"Japanese Tree Lilac","DBH":1,"WIRES":"N","OWNER":"HRM","MAINTBY":"HRM","MODDATE":1759830854000,"dbhLabel":"0 to 7.9 cm","wiresLabel":"No"}},{"type":"Feature","id":21738,"geometry":{"type":"Point","coordinates":[-63.6729417228729,44.7107944360407]},"properties":{"OBJECTID":21738,"ASSETID":"TRE226389","TREEID":"TRE226389","ASSETCODE":"TRE","ASSETSTAT":"INS","SP_SCIEN":"Quercus palustris","SP_COMM":"Pin Oak","DBH":2,"WIRES":"Y","OWNER":"HRM","MAINTBY":"HRM","MODDATE":1759830854000,"dbhLabel":"8 to 15.9 cm","wiresLabel":"Yes"}},{"type":"Feature","id":21774,"geometry":{"type":"Point","coordinates":[-63.6695381886194,44.7327103013829]},"properties":{"OBJECTID":21774,"ASSETID":"TRE227296","TREEID":"TRE227296","ASSETCODE":"TRE","ASSETSTAT":"INS","SP_SCIEN":"Tilia cordata","SP_COMM":"Littleleaf Linden","DBH":3,"WIRES":"N","OWNER":"HRM","MAINTBY":"HRM","MODDATE":1759830854000,"dbhLabel":"16 to 30.9cm","wiresLabel":"No"}},{"type":"Feature","id":21794,"geometry":{"type":"Point","coordinates":[-63.6751943822969,44.7097305813287]},"properties":{"OBJECTID":21794,"ASSETID":"TRE226380","TREEID":"TRE226380","ASSETCODE":"TRE","ASSETSTAT":"INS","SP_SCIEN":"Acer Platanoides","SP_COMM":"Norway Maple","DBH":2,"WIRES":"N","OWNER":"HRM","MAINTBY":"HRM","MODDATE":1759830854000,"dbhLabel":"8 to 15.9 cm","wiresLabel":"No"}},{"type":"Feature","id":21988,"geometry":{"type":"Point","coordinates":[-63.6681835615103,44.7328723513416]},"properties":{"OBJECTID":21988,"ASSETID":"TRE227288","TREEID":"TRE227288","ASSETCODE":"TRE","ASSETSTAT":"INS","SP_SCIEN":"Tilia cordata","SP_COMM":"Littleleaf Linden","DBH":2,"WIRES":"N","OWNER":"HRM","MAINTBY":"HRM","MODDATE":1759830854000,"dbhLabel":"8 to 15.9 cm","wiresLabel":"No"}},{"type":"Feature","id":22125,"geometry":{"type":"Point","coordinates":[-63.6663320708277,44.7332086156982]},"properties":{"OBJECTID":22125,"ASSETID":"TRE227111","TREEID":"TRE227111","ASSETCODE":"TRE","ASSETSTAT":"INS","SP_SCIEN":"Acer Platanoides","SP_COMM":"Norway Maple","DBH":2,"WIRES":"N","OWNER":"HRM","MAINTBY":"HRM","MODDATE":1759830854000,"dbhLabel":"8 to 15.9 cm","wiresLabel":"No"}},{"type":"Feature","id":22138,"geometry":{"type":"Point","coordinates":[-63.6690540829196,44.7328841566512]},"properties":{"OBJECTID":22138,"ASSETID":"TRE227304","TREEID":"TRE227304","ASSETCODE":"TRE","ASSETSTAT":"INS","SP_SCIEN":"Liriodendron tulipifera","SP_COMM":"Tulip Tree","DBH":1,"WIRES":"Y","OWNER":"HRM","MAINTBY":"HRM","MODDATE":1759830854000,"dbhLabel":"0 to 7.9 cm","wiresLabel":"Yes"}},{"type":"Feature","id":22240,"geometry":{"type":"Point","coordinates":[-63.6679786162681,44.7328983965355]},"properties":{"OBJECTID":22240,"ASSETID":"TRE227287","TREEID":"TRE227287","ASSETCODE":"TRE","ASSETSTAT":"INS","SP_SCIEN":"Acer Platanoides","SP_COMM":"Norway Maple","DBH":3,"WIRES":"N","OWNER":"HRM","MAINTBY":"HRM","MODDATE":1759830854000,"dbhLabel":"16 to 30.9cm","wiresLabel":"No"}},{"type":"Feature","id":22291,"geometry":{"type":"Point","coordinates":[-63.6692541485131,44.7328523278106]},"properties":{"OBJECTID":22291,"ASSETID":"TRE227305","TREEID":"TRE227305","ASSETCODE":"TRE","ASSETSTAT":"INS","SP_SCIEN":"Pyrus calleryana","SP_COMM":"Callery Pear","DBH":3,"WIRES":"Y","OWNER":"HRM","MAINTBY":"HRM","MODDATE":1759830854000,"dbhLabel":"16 to 30.9cm","wiresLabel":"Yes"}},{"type":"Feature","id":22368,"geometry":{"type":"Point","coordinates":[-63.669466193141,44.7328188824932]},"properties":{"OBJECTID":22368,"ASSETID":"TRE227306","TREEID":"TRE227306","ASSETCODE":"TRE","ASSETSTAT":"INS","SP_SCIEN":"Syringa reticulata","SP_COMM":"Japanese Tree Lilac","DBH":2,"WIRES":"Y","OWNER":"HRM","MAINTBY":"HRM","MODDATE":1759830854000,"dbhLabel":"8 to 15.9 cm","wiresLabel":"Yes"}},{"type":"Feature","id":22446,"geometry":{"type":"Point","coordinates":[-63.666198870434,44.7333277905128]},"properties":{"OBJECTID":22446,"ASSETID":"TRE227118","TREEID":"TRE227118","ASSETCODE":"TRE","ASSETSTAT":"INS","SP_SCIEN":"Amelanchier (genus)","SP_COMM":"Serviceberry","DBH":1,"WIRES":"Y","OWNER":"HRM","MAINTBY":"HRM","MODDATE":1759830854000,"dbhLabel":"0 to 7.9 cm","wiresLabel":"Yes"}},{"type":"Feature","id":22527,"geometry":{"type":"Point","coordinates":[-63.6697617218015,44.7326752995073]},"properties":{"OBJECTID":22527,"ASSETID":"TRE227297","TREEID":"TRE227297","ASSETCODE":"TRE","ASSETSTAT":"INS","SP_SCIEN":"Acer Platanoides","SP_COMM":"Norway Maple","DBH":3,"WIRES":"N","OWNER":"HRM","MAINTBY":"HRM","MODDATE":1759830854000,"dbhLabel":"16 to 30.9cm","wiresLabel":"No"}},{"type":"Feature","id":22668,"geometry":{"type":"Point","coordinates":[-63.6670976187061,44.7332658473868]},"properties":{"OBJECTID":22668,"ASSETID":"TRE227117","TREEID":"TRE227117","ASSETCODE":"TRE","ASSETSTAT":"INS","SP_SCIEN":"Acer Platanoides","SP_COMM":"Norway Maple","DBH":2,"WIRES":"N","OWNER":"HRM","MAINTBY":"HRM","MODDATE":1759830854000,"dbhLabel":"8 to 15.9 cm","wiresLabel":"No"}},{"type":"Feature","id":22970,"geometry":{"type":"Point","coordinates":[-63.6667231640647,44.7331465888461]},"properties":{"OBJECTID":22970,"ASSETID":"TRE227116","TREEID":"TRE227116","ASSETCODE":"TRE","ASSETSTAT":"INS","SP_SCIEN":"Acer Platanoides","SP_COMM":"Norway Maple","DBH":3,"WIRES":"N","OWNER":"HRM","MAINTBY":"HRM","MODDATE":1759830854000,"dbhLabel":"16 to 30.9cm","wiresLabel":"No"}},{"type":"Feature","id":23051,"geometry":{"type":"Point","coordinates":[-63.6666423785712,44.7332583548078]},"properties":{"OBJECTID":23051,"ASSETID":"TRE228772","TREEID":"TRE228772","ASSETCODE":"TRE","ASSETSTAT":"INS","SP_SCIEN":"Amelanchier (genus)","SP_COMM":"Serviceberry","DBH":2,"WIRES":"Y","OWNER":"HRM","MAINTBY":"HRM","MODDATE":1759830854000,"dbhLabel":"8 to 15.9 cm","wiresLabel":"Yes"}},{"type":"Feature","id":23248,"geometry":{"type":"Point","coordinates":[-63.6724566703488,44.7109269268509]},"properties":{"OBJECTID":23248,"ASSETID":"TRE229815","TREEID":"TRE229815","ASSETCODE":"TRE","ASSETSTAT":"INS","SP_SCIEN":"Quercus palustris","SP_COMM":"Pin Oak","DBH":2,"WIRES":"Y","OWNER":"HRM","MAINTBY":"HRM","MODDATE":1759830854000,"dbhLabel":"8 to 15.9 cm","wiresLabel":"Yes"}},{"type":"Feature","id":24190,"geometry":{"type":"Point","coordinates":[-63.6723838583017,44.7111051344442]},"properties":{"OBJECTID":24190,"ASSETID":"TRE229819","TREEID":"TRE229819","ASSETCODE":"TRE","ASSETSTAT":"INS","SP_SCIEN":"Tilia americana","SP_COMM":"American Basswood","DBH":3,"WIRES":"N","OWNER":"HRM","MAINTBY":"HRM","MODDATE":1759830854000,"dbhLabel":"16 to 30.9cm","wiresLabel":"No"}},{"type":"Feature","id":24223,"geometry":{"type":"Point","coordinates":[-63.672199861772,44.7112535206533]},"properties":{"OBJECTID":24223,"ASSETID":"TRE229820","TREEID":"TRE229820","ASSETCODE":"TRE","ASSETSTAT":"INS","SP_SCIEN":"Acer Platanoides","SP_COMM":"Norway Maple","DBH":3,"WIRES":"N","OWNER":"HRM","MAINTBY":"HRM","MODDATE":1759830854000,"dbhLabel":"16 to 30.9cm","wiresLabel":"No"}},{"type":"Feature","id":24248,"geometry":{"type":"Point","coordinates":[-63.6726461385169,44.7108637684777]},"properties":{"OBJECTID":24248,"ASSETID":"TRE229814","TREEID":"TRE229814","ASSETCODE":"TRE","ASSETSTAT":"INS","SP_SCIEN":"Ulmus americana","SP_COMM":"American Elm","DBH":2,"WIRES":"Y","OWNER":"HRM","MAINTBY":"HRM","MODDATE":1759830854000,"dbhLabel":"8 to 15.9 cm","wiresLabel":"Yes"}},{"type":"Feature","id":24859,"geometry":{"type":"Point","coordinates":[-63.6721130369048,44.7111424137739]},"properties":{"OBJECTID":24859,"ASSETID":"TRE229818","TREEID":"TRE229818","ASSETCODE":"TRE","ASSETSTAT":"INS","SP_SCIEN":"Ulmus americana","SP_COMM":"American Elm","DBH":2,"WIRES":"Y","OWNER":"HRM","MAINTBY":"HRM","MODDATE":1759830854000,"dbhLabel":"8 to 15.9 cm","wiresLabel":"Yes"}},{"type":"Feature","id":25751,"geometry":{"type":"Point","coordinates":[-63.691774513834,44.6967644006229]},"properties":{"OBJECTID":25751,"ASSETID":"TRE232398","TREEID":"TRE232398","ASSETCODE":"TRE","ASSETSTAT":"INS","SP_SCIEN":"Tilia americana","SP_COMM":"American Basswood","DBH":2,"WIRES":"N","OWNER":"HRM","MAINTBY":"HRM","MODDATE":1759830854000,"dbhLabel":"8 to 15.9 cm","wiresLabel":"No"}},{"type":"Feature","id":25866,"geometry":{"type":"Point","coordinates":[-63.6730756203593,44.7118781098409]},"properties":{"OBJECTID":25866,"ASSETID":"TRE231829","TREEID":"TRE231829","ASSETCODE":"TRE","ASSETSTAT":"INS","SP_SCIEN":"Acer freemanii  ","SP_COMM":"Freeman Maple","DBH":2,"WIRES":"Y","OWNER":"HRM","MAINTBY":"HRM","MODDATE":1759830854000,"dbhLabel":"8 to 15.9 cm","wiresLabel":"Yes"}},{"type":"Feature","id":25930,"geometry":{"type":"Point","coordinates":[-63.6725368171401,44.7108960505533]},"properties":{"OBJECTID":25930,"ASSETID":"TRE231892","TREEID":"TRE231892","ASSETCODE":"TRE","ASSETSTAT":"INS","SP_SCIEN":"Unknown Species","SP_COMM":"Unknown Species","DBH":1,"WIRES":"Y","OWNER":"HRM","MAINTBY":"HRM","MODDATE":1759830854000,"dbhLabel":"0 to 7.9 cm","wiresLabel":"Yes"}},{"type":"Feature","id":28486,"geometry":{"type":"Point","coordinates":[-63.6733969459398,44.7106693446727]},"properties":{"OBJECTID":28486,"ASSETID":"TRE243167","TREEID":"TRE243167","ASSETCODE":"TRE","ASSETSTAT":"INS","SP_SCIEN":"Thuja occidentalis","SP_COMM":"Northern White Cedar","DBH":1,"WIRES":"Y","OWNER":"HRM","MAINTBY":"HRM","MODDATE":1759830854000,"dbhLabel":"0 to 7.9 cm","wiresLabel":"Yes"}},{"type":"Feature","id":28689,"geometry":{"type":"Point","coordinates":[-63.6734305941354,44.7106630487286]},"properties":{"OBJECTID":28689,"ASSETID":"TRE243170","TREEID":"TRE243170","ASSETCODE":"TRE","ASSETSTAT":"INS","SP_SCIEN":"Thuja occidentalis","SP_COMM":"Northern White Cedar","DBH":1,"WIRES":"Y","OWNER":"HRM","MAINTBY":"HRM","MODDATE":1759830854000,"dbhLabel":"0 to 7.9 cm","wiresLabel":"Yes"}},{"type":"Feature","id":28771,"geometry":{"type":"Point","coordinates":[-63.6746431931065,44.7104081013596]},"properties":{"OBJECTID":28771,"ASSETID":"TRE243156","TREEID":"TRE243156","ASSETCODE":"TRE","ASSETSTAT":"INS","SP_SCIEN":"Pinus resinosa","SP_COMM":"Red Pine","DBH":3,"WIRES":"N","OWNER":"HRM","MAINTBY":"HRM","MODDATE":1759830854000,"dbhLabel":"16 to 30.9cm","wiresLabel":"No"}},{"type":"Feature","id":28831,"geometry":{"type":"Point","coordinates":[-63.6748205915105,44.7102530824681]},"properties":{"OBJECTID":28831,"ASSETID":"TRE534704","TREEID":"TRE534704","ASSETCODE":"TRE","ASSETSTAT":"INS","SP_SCIEN":"Quercus macrocarpa","SP_COMM":"Bur Oak","DBH":1,"WIRES":"N","OWNER":"HRM","MAINTBY":"HRM","MODDATE":1759830854000,"dbhLabel":"0 to 7.9 cm","wiresLabel":"No"}},{"type":"Feature","id":28886,"geometry":{"type":"Point","coordinates":[-63.6745487451359,44.7104735846682]},"properties":{"OBJECTID":28886,"ASSETID":"TRE243157","TREEID":"TRE243157","ASSETCODE":"TRE","ASSETSTAT":"INS","SP_SCIEN":"Pinus resinosa","SP_COMM":"Red Pine","DBH":3,"WIRES":"N","OWNER":"HRM","MAINTBY":"HRM","MODDATE":1759830854000,"dbhLabel":"16 to 30.9cm","wiresLabel":"No"}},{"type":"Feature","id":28924,"geometry":{"type":"Point","coordinates":[-63.673386022426,44.7106721415221]},"properties":{"OBJECTID":28924,"ASSETID":"TRE243166","TREEID":"TRE243166","ASSETCODE":"TRE","ASSETSTAT":"INS","SP_SCIEN":"Thuja occidentalis","SP_COMM":"Northern White Cedar","DBH":1,"WIRES":"Y","OWNER":"HRM","MAINTBY":"HRM","MODDATE":1759830854000,"dbhLabel":"0 to 7.9 cm","wiresLabel":"Yes"}},{"type":"Feature","id":28934,"geometry":{"type":"Point","coordinates":[-63.6743085994093,44.710597046611]},"properties":{"OBJECTID":28934,"ASSETID":"TRE243162","TREEID":"TRE243162","ASSETCODE":"TRE","ASSETSTAT":"INS","SP_SCIEN":"Pinus resinosa","SP_COMM":"Red Pine","DBH":3,"WIRES":"N","OWNER":"HRM","MAINTBY":"HRM","MODDATE":1759830854000,"dbhLabel":"16 to 30.9cm","wiresLabel":"No"}},{"type":"Feature","id":29037,"geometry":{"type":"Point","coordinates":[-63.6746487662545,44.7103906881612]},"properties":{"OBJECTID":29037,"ASSETID":"TRE243119","TREEID":"TRE243119","ASSETCODE":"TRE","ASSETSTAT":"INS","SP_SCIEN":"Pinus resinosa","SP_COMM":"Red Pine","DBH":3,"WIRES":"N","OWNER":"HRM","MAINTBY":"HRM","MODDATE":1759830854000,"dbhLabel":"16 to 30.9cm","wiresLabel":"No"}},{"type":"Feature","id":29058,"geometry":{"type":"Point","coordinates":[-63.6734685776006,44.7106559771223]},"properties":{"OBJECTID":29058,"ASSETID":"TRE243173","TREEID":"TRE243173","ASSETCODE":"TRE","ASSETSTAT":"INS","SP_SCIEN":"Thuja occidentalis","SP_COMM":"Northern White Cedar","DBH":1,"WIRES":"Y","OWNER":"HRM","MAINTBY":"HRM","MODDATE":1759830854000,"dbhLabel":"0 to 7.9 cm","wiresLabel":"Yes"}},{"type":"Feature","id":29100,"geometry":{"type":"Point","coordinates":[-63.6734190382076,44.710665660441]},"properties":{"OBJECTID":29100,"ASSETID":"TRE243169","TREEID":"TRE243169","ASSETCODE":"TRE","ASSETSTAT":"INS","SP_SCIEN":"Thuja occidentalis","SP_COMM":"Northern White Cedar","DBH":1,"WIRES":"Y","OWNER":"HRM","MAINTBY":"HRM","MODDATE":1759830854000,"dbhLabel":"0 to 7.9 cm","wiresLabel":"Yes"}},{"type":"Feature","id":29153,"geometry":{"type":"Point","coordinates":[-63.6749863845793,44.7098571571214]},"properties":{"OBJECTID":29153,"ASSETID":"TRE226399","TREEID":"TRE226399","ASSETCODE":"TRE","ASSETSTAT":"INS","SP_SCIEN":"Palaquium gutta","SP_COMM":"Gutta-percha","DBH":1,"WIRES":"Y","OWNER":"HRM","MAINTBY":"HRM","MODDATE":1759830854000,"dbhLabel":"0 to 7.9 cm","wiresLabel":"Yes"}},{"type":"Feature","id":29204,"geometry":{"type":"Point","coordinates":[-63.6743829394906,44.7105698524603]},"properties":{"OBJECTID":29204,"ASSETID":"TRE243161","TREEID":"TRE243161","ASSETCODE":"TRE","ASSETSTAT":"INS","SP_SCIEN":"Pinus resinosa","SP_COMM":"Red Pine","DBH":3,"WIRES":"N","OWNER":"HRM","MAINTBY":"HRM","MODDATE":1759830854000,"dbhLabel":"16 to 30.9cm","wiresLabel":"No"}},{"type":"Feature","id":29327,"geometry":{"type":"Point","coordinates":[-63.6734554630957,44.7106581853634]},"properties":{"OBJECTID":29327,"ASSETID":"TRE243172","TREEID":"TRE243172","ASSETCODE":"TRE","ASSETSTAT":"INS","SP_SCIEN":"Thuja occidentalis","SP_COMM":"Northern White Cedar","DBH":1,"WIRES":"Y","OWNER":"HRM","MAINTBY":"HRM","MODDATE":1759830854000,"dbhLabel":"0 to 7.9 cm","wiresLabel":"Yes"}},{"type":"Feature","id":29376,"geometry":{"type":"Point","coordinates":[-63.6733610070402,44.7106760562173]},"properties":{"OBJECTID":29376,"ASSETID":"TRE243164","TREEID":"TRE243164","ASSETCODE":"TRE","ASSETSTAT":"INS","SP_SCIEN":"Thuja occidentalis","SP_COMM":"Northern White Cedar","DBH":1,"WIRES":"Y","OWNER":"HRM","MAINTBY":"HRM","MODDATE":1759830854000,"dbhLabel":"0 to 7.9 cm","wiresLabel":"Yes"}},{"type":"Feature","id":29551,"geometry":{"type":"Point","coordinates":[-63.6745164102772,44.7104948665839]},"properties":{"OBJECTID":29551,"ASSETID":"TRE243158","TREEID":"TRE243158","ASSETCODE":"TRE","ASSETSTAT":"INS","SP_SCIEN":"Pinus resinosa","SP_COMM":"Red Pine","DBH":3,"WIRES":"N","OWNER":"HRM","MAINTBY":"HRM","MODDATE":1759830854000,"dbhLabel":"16 to 30.9cm","wiresLabel":"No"}},{"type":"Feature","id":29599,"geometry":{"type":"Point","coordinates":[-63.6682045856812,44.7330818925164]},"properties":{"OBJECTID":29599,"ASSETID":"TRE534748","TREEID":"TRE534748","ASSETCODE":"TRE","ASSETSTAT":"INS","SP_SCIEN":"Acer spicatum","SP_COMM":"Mountain Maple","DBH":1,"WIRES":"N","OWNER":"HRM","MAINTBY":"HRM","MODDATE":1759830854000,"dbhLabel":"0 to 7.9 cm","wiresLabel":"No"}},{"type":"Feature","id":29666,"geometry":{"type":"Point","coordinates":[-63.6686330120032,44.7328510840374]},"properties":{"OBJECTID":29666,"ASSETID":"TRE227293","TREEID":"TRE227293","ASSETCODE":"TRE","ASSETSTAT":"INS","SP_SCIEN":"Tilia cordata","SP_COMM":"Littleleaf Linden","DBH":2,"WIRES":"N","OWNER":"HRM","MAINTBY":"HRM","MODDATE":1759830854000,"dbhLabel":"8 to 15.9 cm","wiresLabel":"No"}},{"type":"Feature","id":29667,"geometry":{"type":"Point","coordinates":[-63.6734419533322,44.7106610639292]},"properties":{"OBJECTID":29667,"ASSETID":"TRE243171","TREEID":"TRE243171","ASSETCODE":"TRE","ASSETSTAT":"INS","SP_SCIEN":"Thuja occidentalis","SP_COMM":"Northern White Cedar","DBH":1,"WIRES":"Y","OWNER":"HRM","MAINTBY":"HRM","MODDATE":1759830854000,"dbhLabel":"0 to 7.9 cm","wiresLabel":"Yes"}},{"type":"Feature","id":29773,"geometry":{"type":"Point","coordinates":[-63.6750431464272,44.7100101162807]},"properties":{"OBJECTID":29773,"ASSETID":"TRE536250","TREEID":"TRE536250","ASSETCODE":"TRE","ASSETSTAT":"INS","SP_SCIEN":"Tilia americana","SP_COMM":"American Basswood","DBH":1,"WIRES":"N","OWNER":"HRM","MAINTBY":"HRM","MODDATE":1759830854000,"dbhLabel":"0 to 7.9 cm","wiresLabel":"No"}},{"type":"Feature","id":29781,"geometry":{"type":"Point","coordinates":[-63.6671541146526,44.7330247250997]},"properties":{"OBJECTID":29781,"ASSETID":"TRE227115","TREEID":"TRE227115","ASSETCODE":"TRE","ASSETSTAT":"INS","SP_SCIEN":"Acer Platanoides","SP_COMM":"Norway Maple","DBH":3,"WIRES":"N","OWNER":"HRM","MAINTBY":"HRM","MODDATE":1759830854000,"dbhLabel":"16 to 30.9cm","wiresLabel":"No"}},{"type":"Feature","id":29912,"geometry":{"type":"Point","coordinates":[-63.673372001521,44.710674764087]},"properties":{"OBJECTID":29912,"ASSETID":"TRE243165","TREEID":"TRE243165","ASSETCODE":"TRE","ASSETSTAT":"INS","SP_SCIEN":"Thuja occidentalis","SP_COMM":"Northern White Cedar","DBH":1,"WIRES":"Y","OWNER":"HRM","MAINTBY":"HRM","MODDATE":1759830854000,"dbhLabel":"0 to 7.9 cm","wiresLabel":"Yes"}},{"type":"Feature","id":29964,"geometry":{"type":"Point","coordinates":[-63.6734080347437,44.7106677786668]},"properties":{"OBJECTID":29964,"ASSETID":"TRE243168","TREEID":"TRE243168","ASSETCODE":"TRE","ASSETSTAT":"INS","SP_SCIEN":"Thuja occidentalis","SP_COMM":"Northern White Cedar","DBH":1,"WIRES":"Y","OWNER":"HRM","MAINTBY":"HRM","MODDATE":1759830854000,"dbhLabel":"0 to 7.9 cm","wiresLabel":"Yes"}},{"type":"Feature","id":29986,"geometry":{"type":"Point","coordinates":[-63.6742419974158,44.7106263149263]},"properties":{"OBJECTID":29986,"ASSETID":"TRE243163","TREEID":"TRE243163","ASSETCODE":"TRE","ASSETSTAT":"INS","SP_SCIEN":"Pinus resinosa","SP_COMM":"Red Pine","DBH":3,"WIRES":"N","OWNER":"HRM","MAINTBY":"HRM","MODDATE":1759830854000,"dbhLabel":"16 to 30.9cm","wiresLabel":"No"}},{"type":"Feature","id":30111,"geometry":{"type":"Point","coordinates":[-63.6672689427021,44.7331615146836]},"properties":{"OBJECTID":30111,"ASSETID":"TRE227114","TREEID":"TRE227114","ASSETCODE":"TRE","ASSETSTAT":"INS","SP_SCIEN":"Acer ginnala","SP_COMM":"Amur Maple","DBH":2,"WIRES":"Y","OWNER":"HRM","MAINTBY":"HRM","MODDATE":1759830854000,"dbhLabel":"8 to 15.9 cm","wiresLabel":"Yes"}},{"type":"Feature","id":30219,"geometry":{"type":"Point","coordinates":[-63.6744852701779,44.7105112570244]},"properties":{"OBJECTID":30219,"ASSETID":"TRE243159","TREEID":"TRE243159","ASSETCODE":"TRE","ASSETSTAT":"INS","SP_SCIEN":"Pinus resinosa","SP_COMM":"Red Pine","DBH":3,"WIRES":"N","OWNER":"HRM","MAINTBY":"HRM","MODDATE":1759830854000,"dbhLabel":"16 to 30.9cm","wiresLabel":"No"}},{"type":"Feature","id":30346,"geometry":{"type":"Point","coordinates":[-63.6696776853049,44.7327856956114]},"properties":{"OBJECTID":30346,"ASSETID":"TRE227307","TREEID":"TRE227307","ASSETCODE":"TRE","ASSETSTAT":"INS","SP_SCIEN":"Pyrus calleryana","SP_COMM":"Callery Pear","DBH":3,"WIRES":"Y","OWNER":"HRM","MAINTBY":"HRM","MODDATE":1759830854000,"dbhLabel":"16 to 30.9cm","wiresLabel":"Yes"}},{"type":"Feature","id":30478,"geometry":{"type":"Point","coordinates":[-63.6746940584128,44.7103387070896]},"properties":{"OBJECTID":30478,"ASSETID":"TRE226382","TREEID":"TRE226382","ASSETCODE":"TRE","ASSETSTAT":"INS","SP_SCIEN":"Tilia americana","SP_COMM":"American Basswood","DBH":3,"WIRES":"N","OWNER":"HRM","MAINTBY":"HRM","MODDATE":1759830854000,"dbhLabel":"16 to 30.9cm","wiresLabel":"No"}},{"type":"Feature","id":30490,"geometry":{"type":"Point","coordinates":[-63.6736267044468,44.7107372689412]},"properties":{"OBJECTID":30490,"ASSETID":"TRE220051","TREEID":"TRE220051","ASSETCODE":"TRE","ASSETSTAT":"INS","SP_SCIEN":"Acer rubrum","SP_COMM":"Red Maple","DBH":1,"WIRES":null,"OWNER":"HRM","MAINTBY":"HRM","MODDATE":1759830854000,"dbhLabel":"0 to 7.9 cm","wiresLabel":"Unknown"}},{"type":"Feature","id":30518,"geometry":{"type":"Point","coordinates":[-63.6748984197501,44.7099794986893]},"properties":{"OBJECTID":30518,"ASSETID":"TRE226398","TREEID":"TRE226398","ASSETCODE":"TRE","ASSETSTAT":"INS","SP_SCIEN":"Tilia americana","SP_COMM":"American Basswood","DBH":2,"WIRES":"Y","OWNER":"HRM","MAINTBY":"HRM","MODDATE":1759830854000,"dbhLabel":"8 to 15.9 cm","wiresLabel":"Yes"}},{"type":"Feature","id":30548,"geometry":{"type":"Point","coordinates":[-63.6684203628091,44.7329841905833]},"properties":{"OBJECTID":30548,"ASSETID":"TRE227292","TREEID":"TRE227292","ASSETCODE":"TRE","ASSETSTAT":"INS","SP_SCIEN":"Pyrus calleryana","SP_COMM":"Callery Pear","DBH":3,"WIRES":"Y","OWNER":"HRM","MAINTBY":"HRM","MODDATE":1759830854000,"dbhLabel":"16 to 30.9cm","wiresLabel":"Yes"}},{"type":"Feature","id":30617,"geometry":{"type":"Point","coordinates":[-63.6737052881695,44.7107438700341]},"properties":{"OBJECTID":30617,"ASSETID":"TRE226386","TREEID":"TRE226386","ASSETCODE":"TRE","ASSETSTAT":"INS","SP_SCIEN":"Tilia americana","SP_COMM":"American Basswood","DBH":3,"WIRES":"N","OWNER":"HRM","MAINTBY":"HRM","MODDATE":1759830854000,"dbhLabel":"16 to 30.9cm","wiresLabel":"No"}},{"type":"Feature","id":30729,"geometry":{"type":"Point","coordinates":[-63.6723349737806,44.7109815407979]},"properties":{"OBJECTID":30729,"ASSETID":"TRE229816","TREEID":"TRE229816","ASSETCODE":"TRE","ASSETSTAT":"INS","SP_SCIEN":"Robinia hispida","SP_COMM":"Bristly Locust","DBH":2,"WIRES":"Y","OWNER":"HRM","MAINTBY":"HRM","MODDATE":1759830854000,"dbhLabel":"8 to 15.9 cm","wiresLabel":"Yes"}},{"type":"Feature","id":30861,"geometry":{"type":"Point","coordinates":[-63.6679565662212,44.7330432884667]},"properties":{"OBJECTID":30861,"ASSETID":"TRE227289","TREEID":"TRE227289","ASSETCODE":"TRE","ASSETSTAT":"INS","SP_SCIEN":"Tilia cordata","SP_COMM":"Littleleaf Linden","DBH":3,"WIRES":"Y","OWNER":"HRM","MAINTBY":"HRM","MODDATE":1759830854000,"dbhLabel":"16 to 30.9cm","wiresLabel":"Yes"}},{"type":"Feature","id":30870,"geometry":{"type":"Point","coordinates":[-63.6751408409093,44.7093737600321]},"properties":{"OBJECTID":30870,"ASSETID":"TRE226402","TREEID":"TRE226402","ASSETCODE":"TRE","ASSETSTAT":"INS","SP_SCIEN":"Juglans nigra","SP_COMM":"Black Walnut","DBH":1,"WIRES":"Y","OWNER":"HRM","MAINTBY":"HRM","MODDATE":1759830854000,"dbhLabel":"0 to 7.9 cm","wiresLabel":"Yes"}},{"type":"Feature","id":30921,"geometry":{"type":"Point","coordinates":[-63.6744124626224,44.7105446558683]},"properties":{"OBJECTID":30921,"ASSETID":"TRE243160","TREEID":"TRE243160","ASSETCODE":"TRE","ASSETSTAT":"INS","SP_SCIEN":"Pinus resinosa","SP_COMM":"Red Pine","DBH":3,"WIRES":"N","OWNER":"HRM","MAINTBY":"HRM","MODDATE":1759830854000,"dbhLabel":"16 to 30.9cm","wiresLabel":"No"}},{"type":"Feature","id":31519,"geometry":{"type":"Point","coordinates":[-63.668404207507,44.7328859486024]},"properties":{"OBJECTID":31519,"ASSETID":"TRE536552","TREEID":"TRE536552","ASSETCODE":"TRE","ASSETSTAT":"INS","SP_SCIEN":"Acer spicatum","SP_COMM":"Mountain Maple","DBH":1,"WIRES":"N","OWNER":"HRM","MAINTBY":"HRM","MODDATE":1759830854000,"dbhLabel":"0 to 7.9 cm","wiresLabel":"No"}},{"type":"Feature","id":31726,"geometry":{"type":"Point","coordinates":[-63.6920180533957,44.6969255647027]},"properties":{"OBJECTID":31726,"ASSETID":"TRE232399","TREEID":"TRE232399","ASSETCODE":"TRE","ASSETSTAT":"INS","SP_SCIEN":"Syringa reticulata","SP_COMM":"Japanese Tree Lilac","DBH":1,"WIRES":"Y","OWNER":"HRM","MAINTBY":"HRM","MODDATE":1759830854000,"dbhLabel":"0 to 7.9 cm","wiresLabel":"Yes"}},{"type":"Feature","id":31831,"geometry":{"type":"Point","coordinates":[-63.6721751383387,44.711089316178]},"properties":{"OBJECTID":31831,"ASSETID":"TRE229817","TREEID":"TRE229817","ASSETCODE":"TRE","ASSETSTAT":"INS","SP_SCIEN":"Catalpa speciosa","SP_COMM":"Northern Catalpa","DBH":2,"WIRES":"Y","OWNER":"HRM","MAINTBY":"HRM","MODDATE":1759830854000,"dbhLabel":"8 to 15.9 cm","wiresLabel":"Yes"}},{"type":"Feature","id":43081,"geometry":{"type":"Point","coordinates":[-63.6209471372101,44.6427188844289]},"properties":{"OBJECTID":43081,"ASSETID":"TRE147201","TREEID":"TRE147201","ASSETCODE":"TRE","ASSETSTAT":"INS","SP_SCIEN":"Unknown Species","SP_COMM":"Unknown Species","DBH":4,"WIRES":"Y","OWNER":"HRM","MAINTBY":null,"MODDATE":1759832202000,"dbhLabel":"31 to 45.9 cm","wiresLabel":"Yes"}},{"type":"Feature","id":43204,"geometry":{"type":"Point","coordinates":[-63.620712340951,44.6429823997551]},"properties":{"OBJECTID":43204,"ASSETID":"TRE147203","TREEID":"TRE147203","ASSETCODE":"TRE","ASSETSTAT":"INS","SP_SCIEN":"Unknown Species","SP_COMM":"Unknown Species","DBH":8,"WIRES":"Y","OWNER":"HRM","MAINTBY":null,"MODDATE":1759832202000,"dbhLabel":"91 to 106.9 cm","wiresLabel":"Yes"}},{"type":"Feature","id":43335,"geometry":{"type":"Point","coordinates":[-63.6209458822636,44.6427185149983]},"properties":{"OBJECTID":43335,"ASSETID":"TRE147200","TREEID":"TRE147200","ASSETCODE":"TRE","ASSETSTAT":"INS","SP_SCIEN":"Unknown Species","SP_COMM":"Unknown Species","DBH":4,"WIRES":"Y","OWNER":"HRM","MAINTBY":null,"MODDATE":1759832202000,"dbhLabel":"31 to 45.9 cm","wiresLabel":"Yes"}},{"type":"Feature","id":44949,"geometry":{"type":"Point","coordinates":[-63.6210019434256,44.642654058257]},"properties":{"OBJECTID":44949,"ASSETID":"TRE147199","TREEID":"TRE147199","ASSETCODE":"TRE","ASSETSTAT":"INS","SP_SCIEN":"Unknown Species","SP_COMM":"Unknown Species","DBH":3,"WIRES":"Y","OWNER":"HRM","MAINTBY":null,"MODDATE":1759832202000,"dbhLabel":"16 to 30.9cm","wiresLabel":"Yes"}},{"type":"Feature","id":44962,"geometry":{"type":"Point","coordinates":[-63.6208933433959,44.6427667454956]},"properties":{"OBJECTID":44962,"ASSETID":"TRE147202","TREEID":"TRE147202","ASSETCODE":"TRE","ASSETSTAT":"INS","SP_SCIEN":"Unknown Species","SP_COMM":"Unknown Species","DBH":3,"WIRES":"Y","OWNER":"HRM","MAINTBY":null,"MODDATE":1759832202000,"dbhLabel":"16 to 30.9cm","wiresLabel":"Yes"}},{"type":"Feature","id":45106,"geometry":{"type":"Point","coordinates":[-63.6211657072001,44.6418350154402]},"properties":{"OBJECTID":45106,"ASSETID":"TRE151142","TREEID":"TRE151142","ASSETCODE":"TRE","ASSETSTAT":"INS","SP_SCIEN":"Unknown Species","SP_COMM":"Unknown Species","DBH":2,"WIRES":"N","OWNER":"HRM","MAINTBY":null,"MODDATE":1759832202000,"dbhLabel":"8 to 15.9 cm","wiresLabel":"No"}},{"type":"Feature","id":45118,"geometry":{"type":"Point","coordinates":[-63.6197702238136,44.6420032557228]},"properties":{"OBJECTID":45118,"ASSETID":"TRE151168","TREEID":"TRE151168","ASSETCODE":"TRE","ASSETSTAT":"INS","SP_SCIEN":"Unknown Species","SP_COMM":"Unknown Species","DBH":3,"WIRES":"N","OWNER":"HRM","MAINTBY":null,"MODDATE":1759832202000,"dbhLabel":"16 to 30.9cm","wiresLabel":"No"}},{"type":"Feature","id":45122,"geometry":{"type":"Point","coordinates":[-63.6197679474827,44.6414868941817]},"properties":{"OBJECTID":45122,"ASSETID":"TRE151160","TREEID":"TRE151160","ASSETCODE":"TRE","ASSETSTAT":"INS","SP_SCIEN":"Unknown Species","SP_COMM":"Unknown Species","DBH":2,"WIRES":"N","OWNER":"HRM","MAINTBY":null,"MODDATE":1759832202000,"dbhLabel":"8 to 15.9 cm","wiresLabel":"No"}},{"type":"Feature","id":45161,"geometry":{"type":"Point","coordinates":[-63.6206101414178,44.6412361324491]},"properties":{"OBJECTID":45161,"ASSETID":"TRE151158","TREEID":"TRE151158","ASSETCODE":"TRE","ASSETSTAT":"INS","SP_SCIEN":"Quercus (genus)","SP_COMM":"Oak","DBH":2,"WIRES":"N","OWNER":"HRM","MAINTBY":null,"MODDATE":1759832202000,"dbhLabel":"8 to 15.9 cm","wiresLabel":"No"}},{"type":"Feature","id":45164,"geometry":{"type":"Point","coordinates":[-63.6212355970276,44.6416059689529]},"properties":{"OBJECTID":45164,"ASSETID":"TRE151154","TREEID":"TRE151154","ASSETCODE":"TRE","ASSETSTAT":"INS","SP_SCIEN":"Unknown Species","SP_COMM":"Unknown Species","DBH":3,"WIRES":"N","OWNER":"HRM","MAINTBY":null,"MODDATE":1759832202000,"dbhLabel":"16 to 30.9cm","wiresLabel":"No"}},{"type":"Feature","id":45170,"geometry":{"type":"Point","coordinates":[-63.6208572832238,44.6421746063064]},"properties":{"OBJECTID":45170,"ASSETID":"TRE151175","TREEID":"TRE151175","ASSETCODE":"TRE","ASSETSTAT":"INS","SP_SCIEN":"Unknown Species","SP_COMM":"Unknown Species","DBH":3,"WIRES":"N","OWNER":"HRM","MAINTBY":null,"MODDATE":1759832202000,"dbhLabel":"16 to 30.9cm","wiresLabel":"No"}},{"type":"Feature","id":45354,"geometry":{"type":"Point","coordinates":[-63.6215832136015,44.6417429202652]},"properties":{"OBJECTID":45354,"ASSETID":"TRE151146","TREEID":"TRE151146","ASSETCODE":"TRE","ASSETSTAT":"INS","SP_SCIEN":"Unknown Species","SP_COMM":"Unknown Species","DBH":3,"WIRES":"N","OWNER":"HRM","MAINTBY":null,"MODDATE":1759832202000,"dbhLabel":"16 to 30.9cm","wiresLabel":"No"}},{"type":"Feature","id":45400,"geometry":{"type":"Point","coordinates":[-63.6208014214878,44.6413327869799]},"properties":{"OBJECTID":45400,"ASSETID":"TRE151156","TREEID":"TRE151156","ASSETCODE":"TRE","ASSETSTAT":"INS","SP_SCIEN":"Unknown Species","SP_COMM":"Unknown Species","DBH":2,"WIRES":"N","OWNER":"HRM","MAINTBY":null,"MODDATE":1759832202000,"dbhLabel":"8 to 15.9 cm","wiresLabel":"No"}},{"type":"Feature","id":45432,"geometry":{"type":"Point","coordinates":[-63.619810285082,44.6419715974156]},"properties":{"OBJECTID":45432,"ASSETID":"TRE151167","TREEID":"TRE151167","ASSETCODE":"TRE","ASSETSTAT":"INS","SP_SCIEN":"Unknown Species","SP_COMM":"Unknown Species","DBH":3,"WIRES":"N","OWNER":"HRM","MAINTBY":null,"MODDATE":1759832202000,"dbhLabel":"16 to 30.9cm","wiresLabel":"No"}},{"type":"Feature","id":45449,"geometry":{"type":"Point","coordinates":[-63.6192171589409,44.64163985559]},"properties":{"OBJECTID":45449,"ASSETID":"TRE151164","TREEID":"TRE151164","ASSETCODE":"TRE","ASSETSTAT":"INS","SP_SCIEN":"Unknown Species","SP_COMM":"Unknown Species","DBH":2,"WIRES":"N","OWNER":"HRM","MAINTBY":null,"MODDATE":1759832202000,"dbhLabel":"8 to 15.9 cm","wiresLabel":"No"}},{"type":"Feature","id":45595,"geometry":{"type":"Point","coordinates":[-63.620729245448,44.6420969963223]},"properties":{"OBJECTID":45595,"ASSETID":"TRE151173","TREEID":"TRE151173","ASSETCODE":"TRE","ASSETSTAT":"INS","SP_SCIEN":"Unknown Species","SP_COMM":"Unknown Species","DBH":3,"WIRES":"N","OWNER":"HRM","MAINTBY":null,"MODDATE":1759832202000,"dbhLabel":"16 to 30.9cm","wiresLabel":"No"}},{"type":"Feature","id":45662,"geometry":{"type":"Point","coordinates":[-63.6213449264892,44.6416118230711]},"properties":{"OBJECTID":45662,"ASSETID":"TRE151153","TREEID":"TRE151153","ASSETCODE":"TRE","ASSETSTAT":"INS","SP_SCIEN":"Unknown Species","SP_COMM":"Unknown Species","DBH":3,"WIRES":"N","OWNER":"HRM","MAINTBY":null,"MODDATE":1759832202000,"dbhLabel":"16 to 30.9cm","wiresLabel":"No"}},{"type":"Feature","id":45697,"geometry":{"type":"Point","coordinates":[-63.6203425952784,44.6411729818037]},"properties":{"OBJECTID":45697,"ASSETID":"TRE151159","TREEID":"TRE151159","ASSETCODE":"TRE","ASSETSTAT":"INS","SP_SCIEN":"Unknown Species","SP_COMM":"Unknown Species","DBH":2,"WIRES":"N","OWNER":"HRM","MAINTBY":null,"MODDATE":1759832202000,"dbhLabel":"8 to 15.9 cm","wiresLabel":"No"}},{"type":"Feature","id":45800,"geometry":{"type":"Point","coordinates":[-63.6215488593301,44.6416220228751]},"properties":{"OBJECTID":45800,"ASSETID":"TRE151150","TREEID":"TRE151150","ASSETCODE":"TRE","ASSETSTAT":"INS","SP_SCIEN":"Unknown Species","SP_COMM":"Unknown Species","DBH":3,"WIRES":"N","OWNER":"HRM","MAINTBY":null,"MODDATE":1759832202000,"dbhLabel":"16 to 30.9cm","wiresLabel":"No"}},{"type":"Feature","id":45808,"geometry":{"type":"Point","coordinates":[-63.621353747047,44.6423887339034]},"properties":{"OBJECTID":45808,"ASSETID":"TRE151070","TREEID":"TRE151070","ASSETCODE":"TRE","ASSETSTAT":"INS","SP_SCIEN":"Unknown Species","SP_COMM":"Unknown Species","DBH":2,"WIRES":"Y","OWNER":"HRM","MAINTBY":null,"MODDATE":1759832202000,"dbhLabel":"8 to 15.9 cm","wiresLabel":"Yes"}},{"type":"Feature","id":45893,"geometry":{"type":"Point","coordinates":[-63.6218059975886,44.6417318537756]},"properties":{"OBJECTID":45893,"ASSETID":"TRE151148","TREEID":"TRE151148","ASSETCODE":"TRE","ASSETSTAT":"INS","SP_SCIEN":"Unknown Species","SP_COMM":"Unknown Species","DBH":3,"WIRES":"N","OWNER":"HRM","MAINTBY":null,"MODDATE":1759832202000,"dbhLabel":"16 to 30.9cm","wiresLabel":"No"}},{"type":"Feature","id":45895,"geometry":{"type":"Point","coordinates":[-63.6191318288704,44.6415475434277]},"properties":{"OBJECTID":45895,"ASSETID":"TRE151163","TREEID":"TRE151163","ASSETCODE":"TRE","ASSETSTAT":"INS","SP_SCIEN":"Unknown Species","SP_COMM":"Unknown Species","DBH":2,"WIRES":"N","OWNER":"HRM","MAINTBY":null,"MODDATE":1759832202000,"dbhLabel":"8 to 15.9 cm","wiresLabel":"No"}},{"type":"Feature","id":46016,"geometry":{"type":"Point","coordinates":[-63.6202673937127,44.6420702295623]},"properties":{"OBJECTID":46016,"ASSETID":"TRE151172","TREEID":"TRE151172","ASSETCODE":"TRE","ASSETSTAT":"INS","SP_SCIEN":"Unknown Species","SP_COMM":"Unknown Species","DBH":2,"WIRES":"N","OWNER":"HRM","MAINTBY":null,"MODDATE":1759832202000,"dbhLabel":"8 to 15.9 cm","wiresLabel":"No"}},{"type":"Feature","id":46051,"geometry":{"type":"Point","coordinates":[-63.6216447490968,44.6416246504844]},"properties":{"OBJECTID":46051,"ASSETID":"TRE151149","TREEID":"TRE151149","ASSETCODE":"TRE","ASSETSTAT":"INS","SP_SCIEN":"Unknown Species","SP_COMM":"Unknown Species","DBH":3,"WIRES":"N","OWNER":"HRM","MAINTBY":null,"MODDATE":1759832202000,"dbhLabel":"16 to 30.9cm","wiresLabel":"No"}},{"type":"Feature","id":46201,"geometry":{"type":"Point","coordinates":[-63.6216933479536,44.641737170344]},"properties":{"OBJECTID":46201,"ASSETID":"TRE151147","TREEID":"TRE151147","ASSETCODE":"TRE","ASSETSTAT":"INS","SP_SCIEN":"Unknown Species","SP_COMM":"Unknown Species","DBH":3,"WIRES":"N","OWNER":"HRM","MAINTBY":null,"MODDATE":1759832202000,"dbhLabel":"16 to 30.9cm","wiresLabel":"No"}},{"type":"Feature","id":46221,"geometry":{"type":"Point","coordinates":[-63.6201417804899,44.642124214317]},"properties":{"OBJECTID":46221,"ASSETID":"TRE151171","TREEID":"TRE151171","ASSETCODE":"TRE","ASSETSTAT":"INS","SP_SCIEN":"Unknown Species","SP_COMM":"Unknown Species","DBH":3,"WIRES":"N","OWNER":"HRM","MAINTBY":null,"MODDATE":1759832202000,"dbhLabel":"16 to 30.9cm","wiresLabel":"No"}},{"type":"Feature","id":46242,"geometry":{"type":"Point","coordinates":[-63.6211300386935,44.6416175314589]},"properties":{"OBJECTID":46242,"ASSETID":"TRE151155","TREEID":"TRE151155","ASSETCODE":"TRE","ASSETSTAT":"INS","SP_SCIEN":"Unknown Species","SP_COMM":"Unknown Species","DBH":3,"WIRES":"N","OWNER":"HRM","MAINTBY":null,"MODDATE":1759832202000,"dbhLabel":"16 to 30.9cm","wiresLabel":"No"}},{"type":"Feature","id":46278,"geometry":{"type":"Point","coordinates":[-63.6209887354959,44.6420093923101]},"properties":{"OBJECTID":46278,"ASSETID":"TRE151141","TREEID":"TRE151141","ASSETCODE":"TRE","ASSETSTAT":"INS","SP_SCIEN":"Unknown Species","SP_COMM":"Unknown Species","DBH":2,"WIRES":"N","OWNER":"HRM","MAINTBY":null,"MODDATE":1759832202000,"dbhLabel":"8 to 15.9 cm","wiresLabel":"No"}},{"type":"Feature","id":46299,"geometry":{"type":"Point","coordinates":[-63.6214484824786,44.6416159949049]},"properties":{"OBJECTID":46299,"ASSETID":"TRE151151","TREEID":"TRE151151","ASSETCODE":"TRE","ASSETSTAT":"INS","SP_SCIEN":"Unknown Species","SP_COMM":"Unknown Species","DBH":3,"WIRES":"N","OWNER":"HRM","MAINTBY":null,"MODDATE":1759832202000,"dbhLabel":"16 to 30.9cm","wiresLabel":"No"}},{"type":"Feature","id":46317,"geometry":{"type":"Point","coordinates":[-63.6213635126325,44.6416498911235]},"properties":{"OBJECTID":46317,"ASSETID":"TRE151152","TREEID":"TRE151152","ASSETCODE":"TRE","ASSETSTAT":"INS","SP_SCIEN":"Unknown Species","SP_COMM":"Unknown Species","DBH":3,"WIRES":"N","OWNER":"HRM","MAINTBY":null,"MODDATE":1759832202000,"dbhLabel":"16 to 30.9cm","wiresLabel":"No"}},{"type":"Feature","id":46410,"geometry":{"type":"Point","coordinates":[-63.6208004027983,44.6421263708427]},"properties":{"OBJECTID":46410,"ASSETID":"TRE151174","TREEID":"TRE151174","ASSETCODE":"TRE","ASSETSTAT":"INS","SP_SCIEN":"Unknown Species","SP_COMM":"Unknown Species","DBH":3,"WIRES":"N","OWNER":"HRM","MAINTBY":null,"MODDATE":1759832202000,"dbhLabel":"16 to 30.9cm","wiresLabel":"No"}},{"type":"Feature","id":46422,"geometry":{"type":"Point","coordinates":[-63.6213149029958,44.6423648377335]},"properties":{"OBJECTID":46422,"ASSETID":"TRE151069","TREEID":"TRE151069","ASSETCODE":"TRE","ASSETSTAT":"INS","SP_SCIEN":"Unknown Species","SP_COMM":"Unknown Species","DBH":3,"WIRES":"N","OWNER":"HRM","MAINTBY":null,"MODDATE":1759832202000,"dbhLabel":"16 to 30.9cm","wiresLabel":"No"}},{"type":"Feature","id":46510,"geometry":{"type":"Point","coordinates":[-63.620693875182,44.6412840803877]},"properties":{"OBJECTID":46510,"ASSETID":"TRE151157","TREEID":"TRE151157","ASSETCODE":"TRE","ASSETSTAT":"INS","SP_SCIEN":"Unknown Species","SP_COMM":"Unknown Species","DBH":3,"WIRES":"N","OWNER":"HRM","MAINTBY":null,"MODDATE":1759832202000,"dbhLabel":"16 to 30.9cm","wiresLabel":"No"}},{"type":"Feature","id":46604,"geometry":{"type":"Point","coordinates":[-63.6194496025123,44.6418569674947]},"properties":{"OBJECTID":46604,"ASSETID":"TRE151176","TREEID":"TRE151176","ASSETCODE":"TRE","ASSETSTAT":"INS","SP_SCIEN":"Unknown Species","SP_COMM":"Unknown Species","DBH":6,"WIRES":"Y","OWNER":"HRM","MAINTBY":null,"MODDATE":1759832202000,"dbhLabel":"61 to 76.9 cm","wiresLabel":"Yes"}},{"type":"Feature","id":46613,"geometry":{"type":"Point","coordinates":[-63.6186253084076,44.6417155582796]},"properties":{"OBJECTID":46613,"ASSETID":"TRE151177","TREEID":"TRE151177","ASSETCODE":"TRE","ASSETSTAT":"INS","SP_SCIEN":"Unknown Species","SP_COMM":"Unknown Species","DBH":5,"WIRES":"Y","OWNER":"HRM","MAINTBY":null,"MODDATE":1759832202000,"dbhLabel":"46 to 60.9 cm","wiresLabel":"Yes"}},{"type":"Feature","id":46707,"geometry":{"type":"Point","coordinates":[-63.6214517712108,44.6417572266751]},"properties":{"OBJECTID":46707,"ASSETID":"TRE151145","TREEID":"TRE151145","ASSETCODE":"TRE","ASSETSTAT":"INS","SP_SCIEN":"Unknown Species","SP_COMM":"Unknown Species","DBH":3,"WIRES":"N","OWNER":"HRM","MAINTBY":null,"MODDATE":1759832202000,"dbhLabel":"16 to 30.9cm","wiresLabel":"No"}},{"type":"Feature","id":46760,"geometry":{"type":"Point","coordinates":[-63.619805011073,44.6420703024266]},"properties":{"OBJECTID":46760,"ASSETID":"TRE151170","TREEID":"TRE151170","ASSETCODE":"TRE","ASSETSTAT":"INS","SP_SCIEN":"Unknown Species","SP_COMM":"Unknown Species","DBH":3,"WIRES":"N","OWNER":"HRM","MAINTBY":null,"MODDATE":1759832202000,"dbhLabel":"16 to 30.9cm","wiresLabel":"No"}},{"type":"Feature","id":46806,"geometry":{"type":"Point","coordinates":[-63.6212703806937,44.6417985620364]},"properties":{"OBJECTID":46806,"ASSETID":"TRE151143","TREEID":"TRE151143","ASSETCODE":"TRE","ASSETSTAT":"INS","SP_SCIEN":"Unknown Species","SP_COMM":"Unknown Species","DBH":2,"WIRES":"N","OWNER":"HRM","MAINTBY":null,"MODDATE":1759832202000,"dbhLabel":"8 to 15.9 cm","wiresLabel":"No"}},{"type":"Feature","id":46827,"geometry":{"type":"Point","coordinates":[-63.6196787214188,44.6414937933498]},"properties":{"OBJECTID":46827,"ASSETID":"TRE151162","TREEID":"TRE151162","ASSETCODE":"TRE","ASSETSTAT":"INS","SP_SCIEN":"Unknown Species","SP_COMM":"Unknown Species","DBH":2,"WIRES":"N","OWNER":"HRM","MAINTBY":null,"MODDATE":1759832202000,"dbhLabel":"8 to 15.9 cm","wiresLabel":"No"}},{"type":"Feature","id":46958,"geometry":{"type":"Point","coordinates":[-63.6191493289505,44.6416739096684]},"properties":{"OBJECTID":46958,"ASSETID":"TRE151165","TREEID":"TRE151165","ASSETCODE":"TRE","ASSETSTAT":"INS","SP_SCIEN":"Unknown Species","SP_COMM":"Unknown Species","DBH":2,"WIRES":"N","OWNER":"HRM","MAINTBY":null,"MODDATE":1759832202000,"dbhLabel":"8 to 15.9 cm","wiresLabel":"No"}},{"type":"Feature","id":46977,"geometry":{"type":"Point","coordinates":[-63.6213675415765,44.6417671535306]},"properties":{"OBJECTID":46977,"ASSETID":"TRE151144","TREEID":"TRE151144","ASSETCODE":"TRE","ASSETSTAT":"INS","SP_SCIEN":"Unknown Species","SP_COMM":"Unknown Species","DBH":2,"WIRES":"N","OWNER":"HRM","MAINTBY":null,"MODDATE":1759832202000,"dbhLabel":"8 to 15.9 cm","wiresLabel":"No"}},{"type":"Feature","id":47001,"geometry":{"type":"Point","coordinates":[-63.5799696258372,44.6418362451901]},"properties":{"OBJECTID":47001,"ASSETID":"TRE128885","TREEID":"TRE128885","ASSETCODE":"TRE","ASSETSTAT":"INS","SP_SCIEN":"Tilia (genus)","SP_COMM":"Linden","DBH":5,"WIRES":"N","OWNER":"HRM","MAINTBY":"HRM","MODDATE":1759832803000,"dbhLabel":"46 to 60.9 cm","wiresLabel":"No"}},{"type":"Feature","id":47018,"geometry":{"type":"Point","coordinates":[-63.5791416414533,44.6405875568809]},"properties":{"OBJECTID":47018,"ASSETID":"TRE128839","TREEID":"TRE128839","ASSETCODE":"TRE","ASSETSTAT":"INS","SP_SCIEN":"Ulmus americana","SP_COMM":"American Elm","DBH":4,"WIRES":"N","OWNER":"HRM","MAINTBY":"HRM","MODDATE":1759832803000,"dbhLabel":"31 to 45.9 cm","wiresLabel":"No"}},{"type":"Feature","id":47021,"geometry":{"type":"Point","coordinates":[-63.5797245762075,44.6412402129087]},"properties":{"OBJECTID":47021,"ASSETID":"TRE128892","TREEID":"TRE128892","ASSETCODE":"TRE","ASSETSTAT":"INS","SP_SCIEN":"Tilia (genus)","SP_COMM":"Linden","DBH":3,"WIRES":"N","OWNER":"HRM","MAINTBY":"HRM","MODDATE":1759832803000,"dbhLabel":"16 to 30.9cm","wiresLabel":"No"}},{"type":"Feature","id":47041,"geometry":{"type":"Point","coordinates":[-63.6198045080164,44.6420285486084]},"properties":{"OBJECTID":47041,"ASSETID":"TRE151169","TREEID":"TRE151169","ASSETCODE":"TRE","ASSETSTAT":"INS","SP_SCIEN":"Unknown Species","SP_COMM":"Unknown Species","DBH":2,"WIRES":"N","OWNER":"HRM","MAINTBY":null,"MODDATE":1759832202000,"dbhLabel":"8 to 15.9 cm","wiresLabel":"No"}},{"type":"Feature","id":47043,"geometry":{"type":"Point","coordinates":[-63.5798033306101,44.6414391579752]},"properties":{"OBJECTID":47043,"ASSETID":"TRE128889","TREEID":"TRE128889","ASSETCODE":"TRE","ASSETSTAT":"INS","SP_SCIEN":"Tilia (genus)","SP_COMM":"Linden","DBH":5,"WIRES":"N","OWNER":"HRM","MAINTBY":"HRM","MODDATE":1759832803000,"dbhLabel":"46 to 60.9 cm","wiresLabel":"No"}},{"type":"Feature","id":47045,"geometry":{"type":"Point","coordinates":[-63.5794030925235,44.6411000696669]},"properties":{"OBJECTID":47045,"ASSETID":"TRE128845","TREEID":"TRE128845","ASSETCODE":"TRE","ASSETSTAT":"INS","SP_SCIEN":"Ulmus americana","SP_COMM":"American Elm","DBH":5,"WIRES":"N","OWNER":"HRM","MAINTBY":"HRM","MODDATE":1759832803000,"dbhLabel":"46 to 60.9 cm","wiresLabel":"No"}},{"type":"Feature","id":47061,"geometry":{"type":"Point","coordinates":[-63.5699958180872,44.6395553990875]},"properties":{"OBJECTID":47061,"ASSETID":"TRE128749","TREEID":"TRE128749","ASSETCODE":"TRE","ASSETSTAT":"INS","SP_SCIEN":"Acer Platanoides","SP_COMM":"Norway Maple","DBH":5,"WIRES":"N","OWNER":"HRM","MAINTBY":"HRM","MODDATE":1759832803000,"dbhLabel":"46 to 60.9 cm","wiresLabel":"No"}},{"type":"Feature","id":47063,"geometry":{"type":"Point","coordinates":[-63.5790062707299,44.6403237980156]},"properties":{"OBJECTID":47063,"ASSETID":"TRE128834","TREEID":"TRE128834","ASSETCODE":"TRE","ASSETSTAT":"INS","SP_SCIEN":"Quercus rubra","SP_COMM":"Northern Red Oak","DBH":2,"WIRES":"N","OWNER":"HRM","MAINTBY":"HRM","MODDATE":1759832803000,"dbhLabel":"8 to 15.9 cm","wiresLabel":"No"}},{"type":"Feature","id":47066,"geometry":{"type":"Point","coordinates":[-63.6192306893658,44.6416954073378]},"properties":{"OBJECTID":47066,"ASSETID":"TRE151166","TREEID":"TRE151166","ASSETCODE":"TRE","ASSETSTAT":"INS","SP_SCIEN":"Unknown Species","SP_COMM":"Unknown Species","DBH":2,"WIRES":"N","OWNER":"HRM","MAINTBY":null,"MODDATE":1759832202000,"dbhLabel":"8 to 15.9 cm","wiresLabel":"No"}},{"type":"Feature","id":47077,"geometry":{"type":"Point","coordinates":[-63.5932793121234,44.6456727871448]},"properties":{"OBJECTID":47077,"ASSETID":"TRE128273","TREEID":"TRE128273","ASSETCODE":"TRE","ASSETSTAT":"INS","SP_SCIEN":"Tilia (genus)","SP_COMM":"Linden","DBH":5,"WIRES":"Y","OWNER":"HRM","MAINTBY":"HRM","MODDATE":1759832803000,"dbhLabel":"46 to 60.9 cm","wiresLabel":"Yes"}},{"type":"Feature","id":47098,"geometry":{"type":"Point","coordinates":[-63.5794766663419,44.6406531574867]},"properties":{"OBJECTID":47098,"ASSETID":"TRE128822","TREEID":"TRE128822","ASSETCODE":"TRE","ASSETSTAT":"INS","SP_SCIEN":"Tilia (genus)","SP_COMM":"Linden","DBH":5,"WIRES":"N","OWNER":"HRM","MAINTBY":"HRM","MODDATE":1759832803000,"dbhLabel":"46 to 60.9 cm","wiresLabel":"No"}},{"type":"Feature","id":47101,"geometry":{"type":"Point","coordinates":[-63.5796772915859,44.6411270471618]},"properties":{"OBJECTID":47101,"ASSETID":"TRE128819","TREEID":"TRE128819","ASSETCODE":"TRE","ASSETSTAT":"INS","SP_SCIEN":"Quercus rubra","SP_COMM":"Northern Red Oak","DBH":3,"WIRES":"N","OWNER":"HRM","MAINTBY":"HRM","MODDATE":1759832803000,"dbhLabel":"16 to 30.9cm","wiresLabel":"No"}},{"type":"Feature","id":47105,"geometry":{"type":"Point","coordinates":[-63.5928804915783,44.6467201095442]},"properties":{"OBJECTID":47105,"ASSETID":"TRE130559","TREEID":"TRE130559","ASSETCODE":"TRE","ASSETSTAT":"INS","SP_SCIEN":"Ulmus americana","SP_COMM":"American Elm","DBH":9,"WIRES":"N","OWNER":"HRM","MAINTBY":"HRM","MODDATE":1759832803000,"dbhLabel":">107 cm","wiresLabel":"No"}},{"type":"Feature","id":47119,"geometry":{"type":"Point","coordinates":[-63.579349115453,44.6409963979143]},"properties":{"OBJECTID":47119,"ASSETID":"TRE128843","TREEID":"TRE128843","ASSETCODE":"TRE","ASSETSTAT":"INS","SP_SCIEN":"Prunus maackii","SP_COMM":"Amur Chokecherry","DBH":3,"WIRES":"N","OWNER":"HRM","MAINTBY":"HRM","MODDATE":1759832803000,"dbhLabel":"16 to 30.9cm","wiresLabel":"No"}},{"type":"Feature","id":47125,"geometry":{"type":"Point","coordinates":[-63.5693054600964,44.6392773873176]},"properties":{"OBJECTID":47125,"ASSETID":"TRE128741","TREEID":"TRE128741","ASSETCODE":"TRE","ASSETSTAT":"INS","SP_SCIEN":"Acer Platanoides","SP_COMM":"Norway Maple","DBH":5,"WIRES":"Y","OWNER":"HRM","MAINTBY":"HRM","MODDATE":1759832803000,"dbhLabel":"46 to 60.9 cm","wiresLabel":"Yes"}},{"type":"Feature","id":47128,"geometry":{"type":"Point","coordinates":[-63.5797570224572,44.6415600295405]},"properties":{"OBJECTID":47128,"ASSETID":"TRE128897","TREEID":"TRE128897","ASSETCODE":"TRE","ASSETSTAT":"INS","SP_SCIEN":"Tilia (genus)","SP_COMM":"Linden","DBH":5,"WIRES":"N","OWNER":"HRM","MAINTBY":"HRM","MODDATE":1759832803000,"dbhLabel":"46 to 60.9 cm","wiresLabel":"No"}},{"type":"Feature","id":47134,"geometry":{"type":"Point","coordinates":[-63.5795054106344,44.6407167299145]},"properties":{"OBJECTID":47134,"ASSETID":"TRE128821","TREEID":"TRE128821","ASSETCODE":"TRE","ASSETSTAT":"INS","SP_SCIEN":"Tilia (genus)","SP_COMM":"Linden","DBH":5,"WIRES":"N","OWNER":"HRM","MAINTBY":"HRM","MODDATE":1759832803000,"dbhLabel":"46 to 60.9 cm","wiresLabel":"No"}},{"type":"Feature","id":47143,"geometry":{"type":"Point","coordinates":[-63.5694784280094,44.639252184637]},"properties":{"OBJECTID":47143,"ASSETID":"TRE128743","TREEID":"TRE128743","ASSETCODE":"TRE","ASSETSTAT":"INS","SP_SCIEN":"Acer Platanoides","SP_COMM":"Norway Maple","DBH":5,"WIRES":"Y","OWNER":"HRM","MAINTBY":"HRM","MODDATE":1759832803000,"dbhLabel":"46 to 60.9 cm","wiresLabel":"Yes"}},{"type":"Feature","id":47153,"geometry":{"type":"Point","coordinates":[-63.5795656687253,44.6411031351322]},"properties":{"OBJECTID":47153,"ASSETID":"TRE128827","TREEID":"TRE128827","ASSETCODE":"TRE","ASSETSTAT":"INS","SP_SCIEN":"Tilia (genus)","SP_COMM":"Linden","DBH":5,"WIRES":"N","OWNER":"HRM","MAINTBY":"HRM","MODDATE":1759832803000,"dbhLabel":"46 to 60.9 cm","wiresLabel":"No"}},{"type":"Feature","id":47166,"geometry":{"type":"Point","coordinates":[-63.5698629527651,44.6392322865987]},"properties":{"OBJECTID":47166,"ASSETID":"TRE128737","TREEID":"TRE128737","ASSETCODE":"TRE","ASSETSTAT":"INS","SP_SCIEN":"Tilia (genus)","SP_COMM":"Linden","DBH":4,"WIRES":"Y","OWNER":"HRM","MAINTBY":"HRM","MODDATE":1759832803000,"dbhLabel":"31 to 45.9 cm","wiresLabel":"Yes"}},{"type":"Feature","id":47190,"geometry":{"type":"Point","coordinates":[-63.595056301028,44.6453192953413]},"properties":{"OBJECTID":47190,"ASSETID":"TRE128294","TREEID":"TRE128294","ASSETCODE":"TRE","ASSETSTAT":"INS","SP_SCIEN":"Ulmus americana","SP_COMM":"American Elm","DBH":7,"WIRES":"Y","OWNER":"HRM","MAINTBY":"HRM","MODDATE":1759832803000,"dbhLabel":"77 to 90.9 cm","wiresLabel":"Yes"}},{"type":"Feature","id":47196,"geometry":{"type":"Point","coordinates":[-63.5691612777984,44.6400801178726]},"properties":{"OBJECTID":47196,"ASSETID":"TRE128732","TREEID":"TRE128732","ASSETCODE":"TRE","ASSETSTAT":"INS","SP_SCIEN":"Acer Platanoides","SP_COMM":"Norway Maple","DBH":6,"WIRES":"Y","OWNER":"HRM","MAINTBY":"HRM","MODDATE":1759832803000,"dbhLabel":"61 to 76.9 cm","wiresLabel":"Yes"}},{"type":"Feature","id":47197,"geometry":{"type":"Point","coordinates":[-63.5930343586135,44.6460283941887]},"properties":{"OBJECTID":47197,"ASSETID":"TRE128276","TREEID":"TRE128276","ASSETCODE":"TRE","ASSETSTAT":"INS","SP_SCIEN":"Tilia (genus)","SP_COMM":"Linden","DBH":1,"WIRES":"Y","OWNER":"HRM","MAINTBY":"HRM","MODDATE":1759832803000,"dbhLabel":"0 to 7.9 cm","wiresLabel":"Yes"}},{"type":"Feature","id":47221,"geometry":{"type":"Point","coordinates":[-63.5791749105599,44.6406518855261]},"properties":{"OBJECTID":47221,"ASSETID":"TRE128840","TREEID":"TRE128840","ASSETCODE":"TRE","ASSETSTAT":"INS","SP_SCIEN":"Ulmus americana","SP_COMM":"American Elm","DBH":4,"WIRES":"N","OWNER":"HRM","MAINTBY":"HRM","MODDATE":1759832803000,"dbhLabel":"31 to 45.9 cm","wiresLabel":"No"}},{"type":"Feature","id":47235,"geometry":{"type":"Point","coordinates":[-63.5954233391784,44.6452139361663]},"properties":{"OBJECTID":47235,"ASSETID":"TRE128297","TREEID":"TRE128297","ASSETCODE":"TRE","ASSETSTAT":"INS","SP_SCIEN":"Tilia (genus)","SP_COMM":"Linden","DBH":5,"WIRES":"Y","OWNER":"HRM","MAINTBY":"HRM","MODDATE":1759832803000,"dbhLabel":"46 to 60.9 cm","wiresLabel":"Yes"}},{"type":"Feature","id":47241,"geometry":{"type":"Point","coordinates":[-63.569197778145,44.6393031217943]},"properties":{"OBJECTID":47241,"ASSETID":"TRE128736","TREEID":"TRE128736","ASSETCODE":"TRE","ASSETSTAT":"INS","SP_SCIEN":"Acer Platanoides","SP_COMM":"Norway Maple","DBH":6,"WIRES":"Y","OWNER":"HRM","MAINTBY":"HRM","MODDATE":1759832803000,"dbhLabel":"61 to 76.9 cm","wiresLabel":"Yes"}},{"type":"Feature","id":47247,"geometry":{"type":"Point","coordinates":[-63.5938229554654,44.6456422461066]},"properties":{"OBJECTID":47247,"ASSETID":"TRE128286","TREEID":"TRE128286","ASSETCODE":"TRE","ASSETSTAT":"INS","SP_SCIEN":"Ulmus parvifolia","SP_COMM":"Chinese Elm","DBH":3,"WIRES":"Y","OWNER":"HRM","MAINTBY":"HRM","MODDATE":1759832803000,"dbhLabel":"16 to 30.9cm","wiresLabel":"Yes"}},{"type":"Feature","id":47251,"geometry":{"type":"Point","coordinates":[-63.5928130577449,44.6451437498705]},"properties":{"OBJECTID":47251,"ASSETID":"TRE130328","TREEID":"TRE130328","ASSETCODE":"TRE","ASSETSTAT":"INS","SP_SCIEN":"Tilia (genus)","SP_COMM":"Linden","DBH":5,"WIRES":"Y","OWNER":"HRM","MAINTBY":"HRM","MODDATE":1759832803000,"dbhLabel":"46 to 60.9 cm","wiresLabel":"Yes"}},{"type":"Feature","id":47254,"geometry":{"type":"Point","coordinates":[-63.5792920050589,44.6404453308976]},"properties":{"OBJECTID":47254,"ASSETID":"TRE128833","TREEID":"TRE128833","ASSETCODE":"TRE","ASSETSTAT":"INS","SP_SCIEN":"Tilia tomentosa","SP_COMM":"Silver Linden","DBH":3,"WIRES":"N","OWNER":"HRM","MAINTBY":"HRM","MODDATE":1759832803000,"dbhLabel":"16 to 30.9cm","wiresLabel":"No"}},{"type":"Feature","id":47264,"geometry":{"type":"Point","coordinates":[-63.592346058663,44.6460227009346]},"properties":{"OBJECTID":47264,"ASSETID":"TRE130548","TREEID":"TRE130548","ASSETCODE":"TRE","ASSETSTAT":"INS","SP_SCIEN":"Acer Platanoides","SP_COMM":"Norway Maple","DBH":4,"WIRES":"Y","OWNER":"HRM","MAINTBY":"HRM","MODDATE":1759832803000,"dbhLabel":"31 to 45.9 cm","wiresLabel":"Yes"}},{"type":"Feature","id":47275,"geometry":{"type":"Point","coordinates":[-63.5798377765097,44.6410542992345]},"properties":{"OBJECTID":47275,"ASSETID":"TRE128814","TREEID":"TRE128814","ASSETCODE":"TRE","ASSETSTAT":"INS","SP_SCIEN":"Ulmus americana","SP_COMM":"American Elm","DBH":5,"WIRES":"Y","OWNER":"HRM","MAINTBY":"HRM","MODDATE":1759832803000,"dbhLabel":"46 to 60.9 cm","wiresLabel":"Yes"}},{"type":"Feature","id":47279,"geometry":{"type":"Point","coordinates":[-63.5924786769484,44.6459898074895]},"properties":{"OBJECTID":47279,"ASSETID":"TRE130547","TREEID":"TRE130547","ASSETCODE":"TRE","ASSETSTAT":"INS","SP_SCIEN":"Acer Platanoides","SP_COMM":"Norway Maple","DBH":4,"WIRES":"Y","OWNER":"HRM","MAINTBY":"HRM","MODDATE":1759832803000,"dbhLabel":"31 to 45.9 cm","wiresLabel":"Yes"}},{"type":"Feature","id":47286,"geometry":{"type":"Point","coordinates":[-63.5797832694332,44.6416252647224]},"properties":{"OBJECTID":47286,"ASSETID":"TRE128896","TREEID":"TRE128896","ASSETCODE":"TRE","ASSETSTAT":"INS","SP_SCIEN":"Tilia (genus)","SP_COMM":"Linden","DBH":5,"WIRES":"N","OWNER":"HRM","MAINTBY":"HRM","MODDATE":1759832803000,"dbhLabel":"46 to 60.9 cm","wiresLabel":"No"}},{"type":"Feature","id":47297,"geometry":{"type":"Point","coordinates":[-63.579884578736,44.6420425545423]},"properties":{"OBJECTID":47297,"ASSETID":"TRE128902","TREEID":"TRE128902","ASSETCODE":"TRE","ASSETSTAT":"INS","SP_SCIEN":"Tilia (genus)","SP_COMM":"Linden","DBH":5,"WIRES":"N","OWNER":"HRM","MAINTBY":"HRM","MODDATE":1759832803000,"dbhLabel":"46 to 60.9 cm","wiresLabel":"No"}},{"type":"Feature","id":47300,"geometry":{"type":"Point","coordinates":[-63.5697522461861,44.6392501136561]},"properties":{"OBJECTID":47300,"ASSETID":"TRE128738","TREEID":"TRE128738","ASSETCODE":"TRE","ASSETSTAT":"INS","SP_SCIEN":"Ulmus americana","SP_COMM":"American Elm","DBH":9,"WIRES":"Y","OWNER":"HRM","MAINTBY":"HRM","MODDATE":1759832803000,"dbhLabel":">107 cm","wiresLabel":"Yes"}},{"type":"Feature","id":47318,"geometry":{"type":"Point","coordinates":[-63.5793957083719,44.6404558325988]},"properties":{"OBJECTID":47318,"ASSETID":"TRE128825","TREEID":"TRE128825","ASSETCODE":"TRE","ASSETSTAT":"INS","SP_SCIEN":"Tilia (genus)","SP_COMM":"Linden","DBH":5,"WIRES":"N","OWNER":"HRM","MAINTBY":"HRM","MODDATE":1759832803000,"dbhLabel":"46 to 60.9 cm","wiresLabel":"No"}},{"type":"Feature","id":47323,"geometry":{"type":"Point","coordinates":[-63.5697013422522,44.6394933230068]},"properties":{"OBJECTID":47323,"ASSETID":"TRE128748","TREEID":"TRE128748","ASSETCODE":"TRE","ASSETSTAT":"INS","SP_SCIEN":"Ginkgo biloba","SP_COMM":"Ginkgo","DBH":2,"WIRES":"N","OWNER":"HRM","MAINTBY":"HRM","MODDATE":1759832803000,"dbhLabel":"8 to 15.9 cm","wiresLabel":"No"}},{"type":"Feature","id":47334,"geometry":{"type":"Point","coordinates":[-63.5919091594313,44.6461367736239]},"properties":{"OBJECTID":47334,"ASSETID":"TRE130551","TREEID":"TRE130551","ASSETCODE":"TRE","ASSETSTAT":"INS","SP_SCIEN":"Ulmus americana","SP_COMM":"American Elm","DBH":9,"WIRES":"Y","OWNER":"HRM","MAINTBY":"HRM","MODDATE":1759832803000,"dbhLabel":">107 cm","wiresLabel":"Yes"}},{"type":"Feature","id":47335,"geometry":{"type":"Point","coordinates":[-63.5701134524737,44.6397746824368]},"properties":{"OBJECTID":47335,"ASSETID":"TRE128752","TREEID":"TRE128752","ASSETCODE":"TRE","ASSETSTAT":"INS","SP_SCIEN":"Acer Platanoides","SP_COMM":"Norway Maple","DBH":5,"WIRES":"N","OWNER":"HRM","MAINTBY":"HRM","MODDATE":1759832803000,"dbhLabel":"46 to 60.9 cm","wiresLabel":"No"}},{"type":"Feature","id":47340,"geometry":{"type":"Point","coordinates":[-63.5796472249733,44.6412994293955]},"properties":{"OBJECTID":47340,"ASSETID":"TRE128899","TREEID":"TRE128899","ASSETCODE":"TRE","ASSETSTAT":"INS","SP_SCIEN":"Tilia (genus)","SP_COMM":"Linden","DBH":7,"WIRES":"N","OWNER":"HRM","MAINTBY":"HRM","MODDATE":1759832803000,"dbhLabel":"77 to 90.9 cm","wiresLabel":"No"}},{"type":"Feature","id":47348,"geometry":{"type":"Point","coordinates":[-63.57981818605,44.6418374640742]},"properties":{"OBJECTID":47348,"ASSETID":"TRE128906","TREEID":"TRE128906","ASSETCODE":"TRE","ASSETSTAT":"INS","SP_SCIEN":"Aesculus glabra","SP_COMM":"Ohio Buckeye","DBH":6,"WIRES":"N","OWNER":"HRM","MAINTBY":"HRM","MODDATE":1759832803000,"dbhLabel":"61 to 76.9 cm","wiresLabel":"No"}},{"type":"Feature","id":47363,"geometry":{"type":"Point","coordinates":[-63.5942059441019,44.6454259690023]},"properties":{"OBJECTID":47363,"ASSETID":"TRE128267","TREEID":"TRE128267","ASSETCODE":"TRE","ASSETSTAT":"INS","SP_SCIEN":"Tilia (genus)","SP_COMM":"Linden","DBH":5,"WIRES":"Y","OWNER":"HRM","MAINTBY":"HRM","MODDATE":1759832803000,"dbhLabel":"46 to 60.9 cm","wiresLabel":"Yes"}},{"type":"Feature","id":47367,"geometry":{"type":"Point","coordinates":[-63.579774621352,44.641374956119]},"properties":{"OBJECTID":47367,"ASSETID":"TRE128890","TREEID":"TRE128890","ASSETCODE":"TRE","ASSETSTAT":"INS","SP_SCIEN":"Tilia (genus)","SP_COMM":"Linden","DBH":5,"WIRES":"N","OWNER":"HRM","MAINTBY":"HRM","MODDATE":1759832803000,"dbhLabel":"46 to 60.9 cm","wiresLabel":"No"}},{"type":"Feature","id":47385,"geometry":{"type":"Point","coordinates":[-63.5791001482703,44.640487666868]},"properties":{"OBJECTID":47385,"ASSETID":"TRE128837","TREEID":"TRE128837","ASSETCODE":"TRE","ASSETSTAT":"INS","SP_SCIEN":"Acer rubrum","SP_COMM":"Red Maple","DBH":1,"WIRES":"N","OWNER":"HRM","MAINTBY":"HRM","MODDATE":1759832803000,"dbhLabel":"0 to 7.9 cm","wiresLabel":"No"}},{"type":"Feature","id":47398,"geometry":{"type":"Point","coordinates":[-63.5945847735387,44.6454420052502]},"properties":{"OBJECTID":47398,"ASSETID":"TRE128291","TREEID":"TRE128291","ASSETCODE":"TRE","ASSETSTAT":"INS","SP_SCIEN":"Ulmus americana","SP_COMM":"American Elm","DBH":5,"WIRES":"Y","OWNER":"HRM","MAINTBY":"HRM","MODDATE":1759832803000,"dbhLabel":"46 to 60.9 cm","wiresLabel":"Yes"}},{"type":"Feature","id":47399,"geometry":{"type":"Point","coordinates":[-63.5797480563724,44.6413082607937]},"properties":{"OBJECTID":47399,"ASSETID":"TRE128891","TREEID":"TRE128891","ASSETCODE":"TRE","ASSETSTAT":"INS","SP_SCIEN":"Tilia (genus)","SP_COMM":"Linden","DBH":4,"WIRES":"N","OWNER":"HRM","MAINTBY":"HRM","MODDATE":1759832803000,"dbhLabel":"31 to 45.9 cm","wiresLabel":"No"}},{"type":"Feature","id":47416,"geometry":{"type":"Point","coordinates":[-63.5792081778698,44.6407163764505]},"properties":{"OBJECTID":47416,"ASSETID":"TRE128841","TREEID":"TRE128841","ASSETCODE":"TRE","ASSETSTAT":"INS","SP_SCIEN":"Celtis occidentalis","SP_COMM":"Northern Hackberry","DBH":3,"WIRES":"N","OWNER":"HRM","MAINTBY":"HRM","MODDATE":1759832803000,"dbhLabel":"16 to 30.9cm","wiresLabel":"No"}},{"type":"Feature","id":47433,"geometry":{"type":"Point","coordinates":[-63.5948439608544,44.6452558020954]},"properties":{"OBJECTID":47433,"ASSETID":"TRE128262","TREEID":"TRE128262","ASSETCODE":"TRE","ASSETSTAT":"INS","SP_SCIEN":"Tilia (genus)","SP_COMM":"Linden","DBH":2,"WIRES":"Y","OWNER":"HRM","MAINTBY":"HRM","MODDATE":1759832803000,"dbhLabel":"8 to 15.9 cm","wiresLabel":"Yes"}},{"type":"Feature","id":47445,"geometry":{"type":"Point","coordinates":[-63.594511449452,44.645345062929]},"properties":{"OBJECTID":47445,"ASSETID":"TRE128265","TREEID":"TRE128265","ASSETCODE":"TRE","ASSETSTAT":"INS","SP_SCIEN":"Tilia (genus)","SP_COMM":"Linden","DBH":5,"WIRES":"Y","OWNER":"HRM","MAINTBY":"HRM","MODDATE":1759832803000,"dbhLabel":"46 to 60.9 cm","wiresLabel":"Yes"}},{"type":"Feature","id":47455,"geometry":{"type":"Point","coordinates":[-63.5800196134895,44.6420647922231]},"properties":{"OBJECTID":47455,"ASSETID":"TRE128901","TREEID":"TRE128901","ASSETCODE":"TRE","ASSETSTAT":"INS","SP_SCIEN":"Tilia (genus)","SP_COMM":"Linden","DBH":6,"WIRES":"N","OWNER":"HRM","MAINTBY":"HRM","MODDATE":1759832803000,"dbhLabel":"61 to 76.9 cm","wiresLabel":"No"}},{"type":"Feature","id":47471,"geometry":{"type":"Point","coordinates":[-63.592174549614,44.6453063236635]},"properties":{"OBJECTID":47471,"ASSETID":"TRE130331","TREEID":"TRE130331","ASSETCODE":"TRE","ASSETSTAT":"INS","SP_SCIEN":"Acer Platanoides","SP_COMM":"Norway Maple","DBH":6,"WIRES":"Y","OWNER":"HRM","MAINTBY":"HRM","MODDATE":1759832803000,"dbhLabel":"61 to 76.9 cm","wiresLabel":"Yes"}},{"type":"Feature","id":47484,"geometry":{"type":"Point","coordinates":[-63.5940375719699,44.6455846229094]},"properties":{"OBJECTID":47484,"ASSETID":"TRE128288","TREEID":"TRE128288","ASSETCODE":"TRE","ASSETSTAT":"INS","SP_SCIEN":"Ulmus parvifolia","SP_COMM":"Chinese Elm","DBH":3,"WIRES":"Y","OWNER":"HRM","MAINTBY":"HRM","MODDATE":1759832803000,"dbhLabel":"16 to 30.9cm","wiresLabel":"Yes"}},{"type":"Feature","id":47512,"geometry":{"type":"Point","coordinates":[-63.5798090412004,44.6416927279593]},"properties":{"OBJECTID":47512,"ASSETID":"TRE128895","TREEID":"TRE128895","ASSETCODE":"TRE","ASSETSTAT":"INS","SP_SCIEN":"Tilia (genus)","SP_COMM":"Linden","DBH":6,"WIRES":"N","OWNER":"HRM","MAINTBY":"HRM","MODDATE":1759832803000,"dbhLabel":"61 to 76.9 cm","wiresLabel":"No"}},{"type":"Feature","id":47516,"geometry":{"type":"Point","coordinates":[-63.5698767320233,44.6394191802365]},"properties":{"OBJECTID":47516,"ASSETID":"TRE128745","TREEID":"TRE128745","ASSETCODE":"TRE","ASSETSTAT":"INS","SP_SCIEN":"Ginkgo biloba","SP_COMM":"Ginkgo","DBH":1,"WIRES":"N","OWNER":"HRM","MAINTBY":"HRM","MODDATE":1759832803000,"dbhLabel":"0 to 7.9 cm","wiresLabel":"No"}},{"type":"Feature","id":47522,"geometry":{"type":"Point","coordinates":[-63.5943681807406,44.6454986871612]},"properties":{"OBJECTID":47522,"ASSETID":"TRE128290","TREEID":"TRE128290","ASSETCODE":"TRE","ASSETSTAT":"INS","SP_SCIEN":"Ulmus parvifolia","SP_COMM":"Chinese Elm","DBH":2,"WIRES":"Y","OWNER":"HRM","MAINTBY":"HRM","MODDATE":1759832803000,"dbhLabel":"8 to 15.9 cm","wiresLabel":"Yes"}},{"type":"Feature","id":47529,"geometry":{"type":"Point","coordinates":[-63.5939325544216,44.645611661592]},"properties":{"OBJECTID":47529,"ASSETID":"TRE128287","TREEID":"TRE128287","ASSETCODE":"TRE","ASSETSTAT":"INS","SP_SCIEN":"Acer Platanoides","SP_COMM":"Norway Maple","DBH":2,"WIRES":"Y","OWNER":"HRM","MAINTBY":"HRM","MODDATE":1759832803000,"dbhLabel":"8 to 15.9 cm","wiresLabel":"Yes"}},{"type":"Feature","id":47532,"geometry":{"type":"Point","coordinates":[-63.6044073319444,44.6511267678369]},"properties":{"OBJECTID":47532,"ASSETID":"TRE218561","TREEID":"TRE218561","ASSETCODE":"TRE","ASSETSTAT":"INS","SP_SCIEN":"Acer rubrum","SP_COMM":"Red Maple","DBH":1,"WIRES":"Y","OWNER":"HRM","MAINTBY":"HRM","MODDATE":1759832803000,"dbhLabel":"0 to 7.9 cm","wiresLabel":"Yes"}},{"type":"Feature","id":47535,"geometry":{"type":"Point","coordinates":[-63.5695771052485,44.6392377881225]},"properties":{"OBJECTID":47535,"ASSETID":"TRE128744","TREEID":"TRE128744","ASSETCODE":"TRE","ASSETSTAT":"INS","SP_SCIEN":"Acer saccharinum","SP_COMM":"Silver Maple","DBH":6,"WIRES":"Y","OWNER":"HRM","MAINTBY":"HRM","MODDATE":1759832803000,"dbhLabel":"61 to 76.9 cm","wiresLabel":"Yes"}},{"type":"Feature","id":47547,"geometry":{"type":"Point","coordinates":[-63.5924760727324,44.6452262553173]},"properties":{"OBJECTID":47547,"ASSETID":"TRE130329","TREEID":"TRE130329","ASSETCODE":"TRE","ASSETSTAT":"INS","SP_SCIEN":"Acer Platanoides","SP_COMM":"Norway Maple","DBH":8,"WIRES":"Y","OWNER":"HRM","MAINTBY":"HRM","MODDATE":1759832803000,"dbhLabel":"91 to 106.9 cm","wiresLabel":"Yes"}},{"type":"Feature","id":47551,"geometry":{"type":"Point","coordinates":[-63.5917883324323,44.6454035012471]},"properties":{"OBJECTID":47551,"ASSETID":"TRE130332","TREEID":"TRE130332","ASSETCODE":"TRE","ASSETSTAT":"INS","SP_SCIEN":"Acer Platanoides","SP_COMM":"Norway Maple","DBH":5,"WIRES":"N","OWNER":"HRM","MAINTBY":"HRM","MODDATE":1759832803000,"dbhLabel":"46 to 60.9 cm","wiresLabel":"No"}},{"type":"Feature","id":47559,"geometry":{"type":"Point","coordinates":[-63.5796410831917,44.6410436602196]},"properties":{"OBJECTID":47559,"ASSETID":"TRE128818","TREEID":"TRE128818","ASSETCODE":"TRE","ASSETSTAT":"INS","SP_SCIEN":"Tilia (genus)","SP_COMM":"Linden","DBH":4,"WIRES":"N","OWNER":"HRM","MAINTBY":"HRM","MODDATE":1759832803000,"dbhLabel":"31 to 45.9 cm","wiresLabel":"No"}},{"type":"Feature","id":47567,"geometry":{"type":"Point","coordinates":[-63.5793755097527,44.6406410476535]},"properties":{"OBJECTID":47567,"ASSETID":"TRE128830","TREEID":"TRE128830","ASSETCODE":"TRE","ASSETSTAT":"INS","SP_SCIEN":"Tilia (genus)","SP_COMM":"Linden","DBH":4,"WIRES":"N","OWNER":"HRM","MAINTBY":"HRM","MODDATE":1759832803000,"dbhLabel":"31 to 45.9 cm","wiresLabel":"No"}},{"type":"Feature","id":47575,"geometry":{"type":"Point","coordinates":[-63.5797946546811,44.6418683682425]},"properties":{"OBJECTID":47575,"ASSETID":"TRE128905","TREEID":"TRE128905","ASSETCODE":"TRE","ASSETSTAT":"INS","SP_SCIEN":"Tilia (genus)","SP_COMM":"Linden","DBH":5,"WIRES":"N","OWNER":"HRM","MAINTBY":"HRM","MODDATE":1759832803000,"dbhLabel":"46 to 60.9 cm","wiresLabel":"No"}},{"type":"Feature","id":47582,"geometry":{"type":"Point","coordinates":[-63.5693918807217,44.6392647901335]},"properties":{"OBJECTID":47582,"ASSETID":"TRE128742","TREEID":"TRE128742","ASSETCODE":"TRE","ASSETSTAT":"INS","SP_SCIEN":"Acer Platanoides","SP_COMM":"Norway Maple","DBH":5,"WIRES":"Y","OWNER":"HRM","MAINTBY":"HRM","MODDATE":1759832803000,"dbhLabel":"46 to 60.9 cm","wiresLabel":"Yes"}},{"type":"Feature","id":47597,"geometry":{"type":"Point","coordinates":[-63.5940116034717,44.6464705521498]},"properties":{"OBJECTID":47597,"ASSETID":"TRE128281","TREEID":"TRE128281","ASSETCODE":"TRE","ASSETSTAT":"INS","SP_SCIEN":"Pinus banksiana","SP_COMM":"Jack Pine","DBH":3,"WIRES":"N","OWNER":"HRM","MAINTBY":"HRM","MODDATE":1759832803000,"dbhLabel":"16 to 30.9cm","wiresLabel":"No"}},{"type":"Feature","id":47605,"geometry":{"type":"Point","coordinates":[-63.5946266332343,44.6453143958107]},"properties":{"OBJECTID":47605,"ASSETID":"TRE128264","TREEID":"TRE128264","ASSETCODE":"TRE","ASSETSTAT":"INS","SP_SCIEN":"Tilia (genus)","SP_COMM":"Linden","DBH":5,"WIRES":"Y","OWNER":"HRM","MAINTBY":"HRM","MODDATE":1759832803000,"dbhLabel":"46 to 60.9 cm","wiresLabel":"Yes"}},{"type":"Feature","id":47607,"geometry":{"type":"Point","coordinates":[-63.6197321873479,44.641500937318]},"properties":{"OBJECTID":47607,"ASSETID":"TRE151161","TREEID":"TRE151161","ASSETCODE":"TRE","ASSETSTAT":"INS","SP_SCIEN":"Unknown Species","SP_COMM":"Unknown Species","DBH":2,"WIRES":"N","OWNER":"HRM","MAINTBY":null,"MODDATE":1759832202000,"dbhLabel":"8 to 15.9 cm","wiresLabel":"No"}},{"type":"Feature","id":47619,"geometry":{"type":"Point","coordinates":[-63.5794494626602,44.640587896923]},"properties":{"OBJECTID":47619,"ASSETID":"TRE128823","TREEID":"TRE128823","ASSETCODE":"TRE","ASSETSTAT":"INS","SP_SCIEN":"Tilia (genus)","SP_COMM":"Linden","DBH":5,"WIRES":"N","OWNER":"HRM","MAINTBY":"HRM","MODDATE":1759832803000,"dbhLabel":"46 to 60.9 cm","wiresLabel":"No"}},{"type":"Feature","id":47624,"geometry":{"type":"Point","coordinates":[-63.5795311374858,44.6407797557783]},"properties":{"OBJECTID":47624,"ASSETID":"TRE128820","TREEID":"TRE128820","ASSETCODE":"TRE","ASSETSTAT":"INS","SP_SCIEN":"Tilia tomentosa","SP_COMM":"Silver Linden","DBH":3,"WIRES":"N","OWNER":"HRM","MAINTBY":"HRM","MODDATE":1759832803000,"dbhLabel":"16 to 30.9cm","wiresLabel":"No"}},{"type":"Feature","id":47633,"geometry":{"type":"Point","coordinates":[-63.5933900151092,44.6456401063287]},"properties":{"OBJECTID":47633,"ASSETID":"TRE128272","TREEID":"TRE128272","ASSETCODE":"TRE","ASSETSTAT":"INS","SP_SCIEN":"Tilia (genus)","SP_COMM":"Linden","DBH":5,"WIRES":"Y","OWNER":"HRM","MAINTBY":"HRM","MODDATE":1759832803000,"dbhLabel":"46 to 60.9 cm","wiresLabel":"Yes"}},{"type":"Feature","id":47667,"geometry":{"type":"Point","coordinates":[-63.5798387188424,44.641759475254]},"properties":{"OBJECTID":47667,"ASSETID":"TRE128894","TREEID":"TRE128894","ASSETCODE":"TRE","ASSETSTAT":"INS","SP_SCIEN":"Tilia (genus)","SP_COMM":"Linden","DBH":5,"WIRES":"N","OWNER":"HRM","MAINTBY":"HRM","MODDATE":1759832803000,"dbhLabel":"46 to 60.9 cm","wiresLabel":"No"}},{"type":"Feature","id":47668,"geometry":{"type":"Point","coordinates":[-63.5689699420328,44.6395826789973]},"properties":{"OBJECTID":47668,"ASSETID":"TRE128734","TREEID":"TRE128734","ASSETCODE":"TRE","ASSETSTAT":"INS","SP_SCIEN":"Acer Platanoides","SP_COMM":"Norway Maple","DBH":5,"WIRES":"Y","OWNER":"HRM","MAINTBY":"HRM","MODDATE":1759832803000,"dbhLabel":"46 to 60.9 cm","wiresLabel":"Yes"}},{"type":"Feature","id":47669,"geometry":{"type":"Point","coordinates":[-63.5943767713296,44.6453792829222]},"properties":{"OBJECTID":47669,"ASSETID":"TRE128266","TREEID":"TRE128266","ASSETCODE":"TRE","ASSETSTAT":"INS","SP_SCIEN":"Acer saccharinum","SP_COMM":"Silver Maple","DBH":1,"WIRES":"Y","OWNER":"HRM","MAINTBY":"HRM","MODDATE":1759832803000,"dbhLabel":"0 to 7.9 cm","wiresLabel":"Yes"}},{"type":"Feature","id":47672,"geometry":{"type":"Point","coordinates":[-63.5794231339375,44.6405230568647]},"properties":{"OBJECTID":47672,"ASSETID":"TRE128824","TREEID":"TRE128824","ASSETCODE":"TRE","ASSETSTAT":"INS","SP_SCIEN":"Tilia (genus)","SP_COMM":"Linden","DBH":4,"WIRES":"N","OWNER":"HRM","MAINTBY":"HRM","MODDATE":1759832803000,"dbhLabel":"31 to 45.9 cm","wiresLabel":"No"}},{"type":"Feature","id":47690,"geometry":{"type":"Point","coordinates":[-63.5917716623956,44.6461704192245]},"properties":{"OBJECTID":47690,"ASSETID":"TRE130552","TREEID":"TRE130552","ASSETCODE":"TRE","ASSETSTAT":"INS","SP_SCIEN":"Ulmus americana","SP_COMM":"American Elm","DBH":5,"WIRES":"Y","OWNER":"HRM","MAINTBY":"HRM","MODDATE":1759832803000,"dbhLabel":"46 to 60.9 cm","wiresLabel":"Yes"}},{"type":"Feature","id":47695,"geometry":{"type":"Point","coordinates":[-63.5790510742047,44.6404000815186]},"properties":{"OBJECTID":47695,"ASSETID":"TRE128835","TREEID":"TRE128835","ASSETCODE":"TRE","ASSETSTAT":"INS","SP_SCIEN":"Acer rubrum","SP_COMM":"Red Maple","DBH":1,"WIRES":"N","OWNER":"HRM","MAINTBY":"HRM","MODDATE":1759832803000,"dbhLabel":"0 to 7.9 cm","wiresLabel":"No"}},{"type":"Feature","id":47701,"geometry":{"type":"Point","coordinates":[-63.5698190682669,44.639438573251]},"properties":{"OBJECTID":47701,"ASSETID":"TRE128746","TREEID":"TRE128746","ASSETCODE":"TRE","ASSETSTAT":"INS","SP_SCIEN":"Ginkgo biloba","SP_COMM":"Ginkgo","DBH":2,"WIRES":"N","OWNER":"HRM","MAINTBY":"HRM","MODDATE":1759832803000,"dbhLabel":"8 to 15.9 cm","wiresLabel":"No"}},{"type":"Feature","id":47709,"geometry":{"type":"Point","coordinates":[-63.5941959422596,44.6455421487732]},"properties":{"OBJECTID":47709,"ASSETID":"TRE128289","TREEID":"TRE128289","ASSETCODE":"TRE","ASSETSTAT":"INS","SP_SCIEN":"Ulmus americana","SP_COMM":"American Elm","DBH":7,"WIRES":"Y","OWNER":"HRM","MAINTBY":"HRM","MODDATE":1759832803000,"dbhLabel":"77 to 90.9 cm","wiresLabel":"Yes"}},{"type":"Feature","id":47711,"geometry":{"type":"Point","coordinates":[-63.5940816828436,44.6454574816218]},"properties":{"OBJECTID":47711,"ASSETID":"TRE128268","TREEID":"TRE128268","ASSETCODE":"TRE","ASSETSTAT":"INS","SP_SCIEN":"Tilia (genus)","SP_COMM":"Linden","DBH":5,"WIRES":"Y","OWNER":"HRM","MAINTBY":"HRM","MODDATE":1759832803000,"dbhLabel":"46 to 60.9 cm","wiresLabel":"Yes"}},{"type":"Feature","id":47715,"geometry":{"type":"Point","coordinates":[-63.5691332404801,44.6400203913515]},"properties":{"OBJECTID":47715,"ASSETID":"TRE128731","TREEID":"TRE128731","ASSETCODE":"TRE","ASSETSTAT":"INS","SP_SCIEN":"Acer Platanoides","SP_COMM":"Norway Maple","DBH":5,"WIRES":"Y","OWNER":"HRM","MAINTBY":"HRM","MODDATE":1759832803000,"dbhLabel":"46 to 60.9 cm","wiresLabel":"Yes"}},{"type":"Feature","id":47737,"geometry":{"type":"Point","coordinates":[-63.5792400689607,44.6407801718812]},"properties":{"OBJECTID":47737,"ASSETID":"TRE128842","TREEID":"TRE128842","ASSETCODE":"TRE","ASSETSTAT":"INS","SP_SCIEN":"Ulmus americana","SP_COMM":"American Elm","DBH":4,"WIRES":"N","OWNER":"HRM","MAINTBY":"HRM","MODDATE":1759832803000,"dbhLabel":"31 to 45.9 cm","wiresLabel":"No"}},{"type":"Feature","id":47744,"geometry":{"type":"Point","coordinates":[-63.5798287664074,44.6419353134755]},"properties":{"OBJECTID":47744,"ASSETID":"TRE128904","TREEID":"TRE128904","ASSETCODE":"TRE","ASSETSTAT":"INS","SP_SCIEN":"Tilia (genus)","SP_COMM":"Linden","DBH":6,"WIRES":"N","OWNER":"HRM","MAINTBY":"HRM","MODDATE":1759832803000,"dbhLabel":"61 to 76.9 cm","wiresLabel":"No"}},{"type":"Feature","id":47748,"geometry":{"type":"Point","coordinates":[-63.5949886713618,44.6452217239152]},"properties":{"OBJECTID":47748,"ASSETID":"TRE128261","TREEID":"TRE128261","ASSETCODE":"TRE","ASSETSTAT":"INS","SP_SCIEN":"Tilia (genus)","SP_COMM":"Linden","DBH":4,"WIRES":"Y","OWNER":"HRM","MAINTBY":"HRM","MODDATE":1759832803000,"dbhLabel":"31 to 45.9 cm","wiresLabel":"Yes"}},{"type":"Feature","id":47754,"geometry":{"type":"Point","coordinates":[-63.5932403360199,44.6460860265318]},"properties":{"OBJECTID":47754,"ASSETID":"TRE128285","TREEID":"TRE128285","ASSETCODE":"TRE","ASSETSTAT":"INS","SP_SCIEN":"Ginkgo biloba","SP_COMM":"Ginkgo","DBH":1,"WIRES":"N","OWNER":"HRM","MAINTBY":"HRM","MODDATE":1759832803000,"dbhLabel":"0 to 7.9 cm","wiresLabel":"No"}},{"type":"Feature","id":47755,"geometry":{"type":"Point","coordinates":[-63.5795371948257,44.6410344618964]},"properties":{"OBJECTID":47755,"ASSETID":"TRE128826","TREEID":"TRE128826","ASSETCODE":"TRE","ASSETSTAT":"INS","SP_SCIEN":"Tilia (genus)","SP_COMM":"Linden","DBH":5,"WIRES":"N","OWNER":"HRM","MAINTBY":"HRM","MODDATE":1759832803000,"dbhLabel":"46 to 60.9 cm","wiresLabel":"No"}},{"type":"Feature","id":47768,"geometry":{"type":"Point","coordinates":[-63.5798843236145,44.6416360237938]},"properties":{"OBJECTID":47768,"ASSETID":"TRE128887","TREEID":"TRE128887","ASSETCODE":"TRE","ASSETSTAT":"INS","SP_SCIEN":"Tilia (genus)","SP_COMM":"Linden","DBH":5,"WIRES":"N","OWNER":"HRM","MAINTBY":"HRM","MODDATE":1759832803000,"dbhLabel":"46 to 60.9 cm","wiresLabel":"No"}},{"type":"Feature","id":47769,"geometry":{"type":"Point","coordinates":[-63.5916696245591,44.6453148725978]},"properties":{"OBJECTID":47769,"ASSETID":"TRE555545","TREEID":"TRE555545","ASSETCODE":"TRE","ASSETSTAT":"INS","SP_SCIEN":"Acer rubrum","SP_COMM":"Red Maple","DBH":1,"WIRES":"Y","OWNER":"HRM","MAINTBY":"HRM","MODDATE":1759832803000,"dbhLabel":"0 to 7.9 cm","wiresLabel":"Yes"}},{"type":"Feature","id":47770,"geometry":{"type":"Point","coordinates":[-63.6215986430648,44.6427911330083]},"properties":{"OBJECTID":47770,"ASSETID":"TRE269698","TREEID":"TRE269698","ASSETCODE":"TRE","ASSETSTAT":"INS","SP_SCIEN":"Syringa reticulata","SP_COMM":"Japanese Tree Lilac","DBH":1,"WIRES":"Y","OWNER":null,"MAINTBY":null,"MODDATE":1759832202000,"dbhLabel":"0 to 7.9 cm","wiresLabel":"Yes"}},{"type":"Feature","id":47781,"geometry":{"type":"Point","coordinates":[-63.5919423009771,44.645254501475]},"properties":{"OBJECTID":47781,"ASSETID":"TRE130348","TREEID":"TRE130348","ASSETCODE":"TRE","ASSETSTAT":"INS","SP_SCIEN":"Pyrus ussuriensis","SP_COMM":"Ussurian Pear","DBH":3,"WIRES":"Y","OWNER":"HRM","MAINTBY":"HRM","MODDATE":1763665873000,"dbhLabel":"16 to 30.9cm","wiresLabel":"Yes"}},{"type":"Feature","id":47787,"geometry":{"type":"Point","coordinates":[-63.5797308428549,44.6414944446609]},"properties":{"OBJECTID":47787,"ASSETID":"TRE128898","TREEID":"TRE128898","ASSETCODE":"TRE","ASSETSTAT":"INS","SP_SCIEN":"Tilia (genus)","SP_COMM":"Linden","DBH":6,"WIRES":"N","OWNER":"HRM","MAINTBY":"HRM","MODDATE":1759832803000,"dbhLabel":"61 to 76.9 cm","wiresLabel":"No"}},{"type":"Feature","id":47790,"geometry":{"type":"Point","coordinates":[-63.5796142190732,44.6409807509719]},"properties":{"OBJECTID":47790,"ASSETID":"TRE128817","TREEID":"TRE128817","ASSETCODE":"TRE","ASSETSTAT":"INS","SP_SCIEN":"Tilia (genus)","SP_COMM":"Linden","DBH":5,"WIRES":"N","OWNER":"HRM","MAINTBY":"HRM","MODDATE":1759832803000,"dbhLabel":"46 to 60.9 cm","wiresLabel":"No"}},{"type":"Feature","id":47796,"geometry":{"type":"Point","coordinates":[-63.5793775794711,44.6410458289297]},"properties":{"OBJECTID":47796,"ASSETID":"TRE128844","TREEID":"TRE128844","ASSETCODE":"TRE","ASSETSTAT":"INS","SP_SCIEN":"Prunus maackii","SP_COMM":"Amur Chokecherry","DBH":3,"WIRES":"N","OWNER":"HRM","MAINTBY":"HRM","MODDATE":1759832803000,"dbhLabel":"16 to 30.9cm","wiresLabel":"No"}},{"type":"Feature","id":47804,"geometry":{"type":"Point","coordinates":[-63.5938849796442,44.6464941615846]},"properties":{"OBJECTID":47804,"ASSETID":"TRE128279","TREEID":"TRE128279","ASSETCODE":"TRE","ASSETSTAT":"INS","SP_SCIEN":"Pinus nigra","SP_COMM":"Austrian Pine","DBH":3,"WIRES":"N","OWNER":"HRM","MAINTBY":"HRM","MODDATE":1759832803000,"dbhLabel":"16 to 30.9cm","wiresLabel":"No"}},{"type":"Feature","id":47817,"geometry":{"type":"Point","coordinates":[-63.5798472573292,44.641977689265]},"properties":{"OBJECTID":47817,"ASSETID":"TRE128903","TREEID":"TRE128903","ASSETCODE":"TRE","ASSETSTAT":"INS","SP_SCIEN":"Tilia (genus)","SP_COMM":"Linden","DBH":3,"WIRES":"N","OWNER":"HRM","MAINTBY":"HRM","MODDATE":1759832803000,"dbhLabel":"16 to 30.9cm","wiresLabel":"No"}},{"type":"Feature","id":47820,"geometry":{"type":"Point","coordinates":[-63.5952226205096,44.6451553864492]},"properties":{"OBJECTID":47820,"ASSETID":"TRE128259","TREEID":"TRE128259","ASSETCODE":"TRE","ASSETSTAT":"INS","SP_SCIEN":"Tilia (genus)","SP_COMM":"Linden","DBH":5,"WIRES":"Y","OWNER":"HRM","MAINTBY":"HRM","MODDATE":1759832803000,"dbhLabel":"46 to 60.9 cm","wiresLabel":"Yes"}},{"type":"Feature","id":47837,"geometry":{"type":"Point","coordinates":[-63.6214945965953,44.642728407175]},"properties":{"OBJECTID":47837,"ASSETID":"TRE151068","TREEID":"TRE151068","ASSETCODE":"TRE","ASSETSTAT":"INS","SP_SCIEN":"Unknown Species","SP_COMM":"Unknown Species","DBH":4,"WIRES":"Y","OWNER":"HRM","MAINTBY":null,"MODDATE":1759832202000,"dbhLabel":"31 to 45.9 cm","wiresLabel":"Yes"}},{"type":"Feature","id":47843,"geometry":{"type":"Point","coordinates":[-63.5930751448223,44.6461106612653]},"properties":{"OBJECTID":47843,"ASSETID":"TRE128277","TREEID":"TRE128277","ASSETCODE":"TRE","ASSETSTAT":"INS","SP_SCIEN":"Unknown Species","SP_COMM":"Unknown Species","DBH":1,"WIRES":"Y","OWNER":"HRM","MAINTBY":"HRM","MODDATE":1759832803000,"dbhLabel":"0 to 7.9 cm","wiresLabel":"Yes"}},{"type":"Feature","id":47849,"geometry":{"type":"Point","coordinates":[-63.5951098900263,44.6451880445299]},"properties":{"OBJECTID":47849,"ASSETID":"TRE128260","TREEID":"TRE128260","ASSETCODE":"TRE","ASSETSTAT":"INS","SP_SCIEN":"Acer saccharum","SP_COMM":"Sugar Maple","DBH":6,"WIRES":"Y","OWNER":"HRM","MAINTBY":"HRM","MODDATE":1759832803000,"dbhLabel":"61 to 76.9 cm","wiresLabel":"Yes"}},{"type":"Feature","id":47853,"geometry":{"type":"Point","coordinates":[-63.5700764867997,44.6396977659558]},"properties":{"OBJECTID":47853,"ASSETID":"TRE128751","TREEID":"TRE128751","ASSETCODE":"TRE","ASSETSTAT":"INS","SP_SCIEN":"Acer rubrum","SP_COMM":"Red Maple","DBH":3,"WIRES":"N","OWNER":"HRM","MAINTBY":"HRM","MODDATE":1759832803000,"dbhLabel":"16 to 30.9cm","wiresLabel":"No"}},{"type":"Feature","id":47863,"geometry":{"type":"Point","coordinates":[-63.579856357263,44.6415686780976]},"properties":{"OBJECTID":47863,"ASSETID":"TRE128888","TREEID":"TRE128888","ASSETCODE":"TRE","ASSETSTAT":"INS","SP_SCIEN":"Tilia (genus)","SP_COMM":"Linden","DBH":5,"WIRES":"N","OWNER":"HRM","MAINTBY":"HRM","MODDATE":1759832803000,"dbhLabel":"46 to 60.9 cm","wiresLabel":"No"}},{"type":"Feature","id":47866,"geometry":{"type":"Point","coordinates":[-63.5697030858822,44.6392580377143]},"properties":{"OBJECTID":47866,"ASSETID":"TRE128739","TREEID":"TRE128739","ASSETCODE":"TRE","ASSETSTAT":"INS","SP_SCIEN":"Ulmus americana","SP_COMM":"American Elm","DBH":4,"WIRES":"Y","OWNER":"HRM","MAINTBY":"HRM","MODDATE":1759832803000,"dbhLabel":"31 to 45.9 cm","wiresLabel":"Yes"}},{"type":"Feature","id":47882,"geometry":{"type":"Point","coordinates":[-63.5790734763913,44.640442156098]},"properties":{"OBJECTID":47882,"ASSETID":"TRE128836","TREEID":"TRE128836","ASSETCODE":"TRE","ASSETSTAT":"INS","SP_SCIEN":"Acer freemanii  ","SP_COMM":"Freeman Maple","DBH":1,"WIRES":"N","OWNER":"HRM","MAINTBY":"HRM","MODDATE":1759832803000,"dbhLabel":"0 to 7.9 cm","wiresLabel":"No"}},{"type":"Feature","id":47889,"geometry":{"type":"Point","coordinates":[-63.5953108602233,44.6452490350345]},"properties":{"OBJECTID":47889,"ASSETID":"TRE128296","TREEID":"TRE128296","ASSETCODE":"TRE","ASSETSTAT":"INS","SP_SCIEN":"Ulmus americana","SP_COMM":"American Elm","DBH":6,"WIRES":"Y","OWNER":"HRM","MAINTBY":"HRM","MODDATE":1759832803000,"dbhLabel":"61 to 76.9 cm","wiresLabel":"Yes"}},{"type":"Feature","id":47894,"geometry":{"type":"Point","coordinates":[-63.5800770984812,44.6420470938627]},"properties":{"OBJECTID":47894,"ASSETID":"TRE128900","TREEID":"TRE128900","ASSETCODE":"TRE","ASSETSTAT":"INS","SP_SCIEN":"Ulmus americana","SP_COMM":"American Elm","DBH":5,"WIRES":"N","OWNER":"HRM","MAINTBY":"HRM","MODDATE":1759832803000,"dbhLabel":"46 to 60.9 cm","wiresLabel":"No"}},{"type":"Feature","id":47901,"geometry":{"type":"Point","coordinates":[-63.5951881835932,44.6452816323455]},"properties":{"OBJECTID":47901,"ASSETID":"TRE128295","TREEID":"TRE128295","ASSETCODE":"TRE","ASSETSTAT":"INS","SP_SCIEN":"Liguidambar styraciflua","SP_COMM":"Sweetgum","DBH":3,"WIRES":"Y","OWNER":"HRM","MAINTBY":"HRM","MODDATE":1759832803000,"dbhLabel":"16 to 30.9cm","wiresLabel":"Yes"}},{"type":"Feature","id":47913,"geometry":{"type":"Point","coordinates":[-63.5944990437179,44.646301307353]},"properties":{"OBJECTID":47913,"ASSETID":"TRE128282","TREEID":"TRE128282","ASSETCODE":"TRE","ASSETSTAT":"INS","SP_SCIEN":"Ulmus carpinifolia","SP_COMM":"Smoothleaf Elm","DBH":6,"WIRES":"N","OWNER":"HRM","MAINTBY":"HRM","MODDATE":1759832803000,"dbhLabel":"61 to 76.9 cm","wiresLabel":"No"}},{"type":"Feature","id":47915,"geometry":{"type":"Point","coordinates":[-63.5927485874536,44.6459217900212]},"properties":{"OBJECTID":47915,"ASSETID":"TRE130546","TREEID":"TRE130546","ASSETCODE":"TRE","ASSETSTAT":"INS","SP_SCIEN":"Syringa reticulata","SP_COMM":"Japanese Tree Lilac","DBH":1,"WIRES":"N","OWNER":"HRM","MAINTBY":"HRM","MODDATE":1763667528000,"dbhLabel":"0 to 7.9 cm","wiresLabel":"No"}},{"type":"Feature","id":47918,"geometry":{"type":"Point","coordinates":[-63.5793222630126,44.6405088070373]},"properties":{"OBJECTID":47918,"ASSETID":"TRE128832","TREEID":"TRE128832","ASSETCODE":"TRE","ASSETSTAT":"INS","SP_SCIEN":"Tilia (genus)","SP_COMM":"Linden","DBH":5,"WIRES":"N","OWNER":"HRM","MAINTBY":"HRM","MODDATE":1759832803000,"dbhLabel":"46 to 60.9 cm","wiresLabel":"No"}},{"type":"Feature","id":47953,"geometry":{"type":"Point","coordinates":[-63.5939495604283,44.6454926487287]},"properties":{"OBJECTID":47953,"ASSETID":"TRE128269","TREEID":"TRE128269","ASSETCODE":"TRE","ASSETSTAT":"INS","SP_SCIEN":"Tilia (genus)","SP_COMM":"Linden","DBH":5,"WIRES":"Y","OWNER":"HRM","MAINTBY":"HRM","MODDATE":1759832803000,"dbhLabel":"46 to 60.9 cm","wiresLabel":"Yes"}},{"type":"Feature","id":47960,"geometry":{"type":"Point","coordinates":[-63.5798674272023,44.6418261336283]},"properties":{"OBJECTID":47960,"ASSETID":"TRE128893","TREEID":"TRE128893","ASSETCODE":"TRE","ASSETSTAT":"INS","SP_SCIEN":"Tilia (genus)","SP_COMM":"Linden","DBH":4,"WIRES":"N","OWNER":"HRM","MAINTBY":"HRM","MODDATE":1759832803000,"dbhLabel":"31 to 45.9 cm","wiresLabel":"No"}},{"type":"Feature","id":47961,"geometry":{"type":"Point","coordinates":[-63.5948389662214,44.6453727056957]},"properties":{"OBJECTID":47961,"ASSETID":"TRE128292","TREEID":"TRE128292","ASSETCODE":"TRE","ASSETSTAT":"INS","SP_SCIEN":"Ulmus americana","SP_COMM":"American Elm","DBH":7,"WIRES":"Y","OWNER":"HRM","MAINTBY":"HRM","MODDATE":1759832803000,"dbhLabel":"77 to 90.9 cm","wiresLabel":"Yes"}},{"type":"Feature","id":47979,"geometry":{"type":"Point","coordinates":[-63.569029138315,44.6397985624155]},"properties":{"OBJECTID":47979,"ASSETID":"TRE128729","TREEID":"TRE128729","ASSETCODE":"TRE","ASSETSTAT":"INS","SP_SCIEN":"Acer Platanoides","SP_COMM":"Norway Maple","DBH":5,"WIRES":"Y","OWNER":"HRM","MAINTBY":"HRM","MODDATE":1759832803000,"dbhLabel":"46 to 60.9 cm","wiresLabel":"Yes"}},{"type":"Feature","id":47991,"geometry":{"type":"Point","coordinates":[-63.5689848208288,44.6395114683001]},"properties":{"OBJECTID":47991,"ASSETID":"TRE128735","TREEID":"TRE128735","ASSETCODE":"TRE","ASSETSTAT":"INS","SP_SCIEN":"Acer Platanoides","SP_COMM":"Norway Maple","DBH":7,"WIRES":"Y","OWNER":"HRM","MAINTBY":"HRM","MODDATE":1759832803000,"dbhLabel":"77 to 90.9 cm","wiresLabel":"Yes"}},{"type":"Feature","id":48005,"geometry":{"type":"Point","coordinates":[-63.5931892362533,44.6459835543647]},"properties":{"OBJECTID":48005,"ASSETID":"TRE133682","TREEID":"TRE133682","ASSETCODE":"TRE","ASSETSTAT":"INS","SP_SCIEN":"Ginkgo biloba","SP_COMM":"Ginkgo","DBH":1,"WIRES":"N","OWNER":"HRM","MAINTBY":"HRM","MODDATE":1759832803000,"dbhLabel":"0 to 7.9 cm","wiresLabel":"No"}},{"type":"Feature","id":48010,"geometry":{"type":"Point","coordinates":[-63.5697305779232,44.6397857294849]},"properties":{"OBJECTID":48010,"ASSETID":"TRE133581","TREEID":"TRE133581","ASSETCODE":"TRE","ASSETSTAT":"INS","SP_SCIEN":"Liriodendron tulipifera","SP_COMM":"Tulip Tree","DBH":2,"WIRES":"N","OWNER":"HRM","MAINTBY":"HRM","MODDATE":1759832803000,"dbhLabel":"8 to 15.9 cm","wiresLabel":"No"}},{"type":"Feature","id":48015,"geometry":{"type":"Point","coordinates":[-63.6045657399632,44.6531374917237]},"properties":{"OBJECTID":48015,"ASSETID":"TRE134630","TREEID":"TRE134630","ASSETCODE":"TRE","ASSETSTAT":"INS","SP_SCIEN":"Quercus rubra","SP_COMM":"Northern Red Oak","DBH":3,"WIRES":"Y","OWNER":"HRM","MAINTBY":"HRM","MODDATE":1759832803000,"dbhLabel":"16 to 30.9cm","wiresLabel":"Yes"}},{"type":"Feature","id":48018,"geometry":{"type":"Point","coordinates":[-63.592224499537,44.6459397914197]},"properties":{"OBJECTID":48018,"ASSETID":"TRE133981","TREEID":"TRE133981","ASSETCODE":"TRE","ASSETSTAT":"INS","SP_SCIEN":"Tilia (genus)","SP_COMM":"Linden","DBH":7,"WIRES":"N","OWNER":"HRM","MAINTBY":"HRM","MODDATE":1759832803000,"dbhLabel":"77 to 90.9 cm","wiresLabel":"No"}},{"type":"Feature","id":48034,"geometry":{"type":"Point","coordinates":[-63.5927848389669,44.6455201930002]},"properties":{"OBJECTID":48034,"ASSETID":"TRE133978","TREEID":"TRE133978","ASSETCODE":"TRE","ASSETSTAT":"INS","SP_SCIEN":"Acer Platanoides","SP_COMM":"Norway Maple","DBH":5,"WIRES":"Y","OWNER":"HRM","MAINTBY":"HRM","MODDATE":1759832803000,"dbhLabel":"46 to 60.9 cm","wiresLabel":"Yes"}},{"type":"Feature","id":48052,"geometry":{"type":"Point","coordinates":[-63.5917278812036,44.6460684904555]},"properties":{"OBJECTID":48052,"ASSETID":"TRE133983","TREEID":"TRE133983","ASSETCODE":"TRE","ASSETSTAT":"INS","SP_SCIEN":"Acer Platanoides","SP_COMM":"Norway Maple","DBH":5,"WIRES":"N","OWNER":"HRM","MAINTBY":"HRM","MODDATE":1759832803000,"dbhLabel":"46 to 60.9 cm","wiresLabel":"No"}},{"type":"Feature","id":48056,"geometry":{"type":"Point","coordinates":[-63.6061758748886,44.6515983927775]},"properties":{"OBJECTID":48056,"ASSETID":"TRE134543","TREEID":"TRE134543","ASSETCODE":"TRE","ASSETSTAT":"INS","SP_SCIEN":"Acer Platanoides","SP_COMM":"Norway Maple","DBH":5,"WIRES":"Y","OWNER":"HRM","MAINTBY":"HRM","MODDATE":1759832803000,"dbhLabel":"46 to 60.9 cm","wiresLabel":"Yes"}},{"type":"Feature","id":48066,"geometry":{"type":"Point","coordinates":[-63.5696247339248,44.6401065467843]},"properties":{"OBJECTID":48066,"ASSETID":"TRE133590","TREEID":"TRE133590","ASSETCODE":"TRE","ASSETSTAT":"INS","SP_SCIEN":"Quercus rubra","SP_COMM":"Northern Red Oak","DBH":3,"WIRES":"N","OWNER":"HRM","MAINTBY":"HRM","MODDATE":1759832803000,"dbhLabel":"16 to 30.9cm","wiresLabel":"No"}},{"type":"Feature","id":48109,"geometry":{"type":"Point","coordinates":[-63.5929080159586,44.6454280781101]},"properties":{"OBJECTID":48109,"ASSETID":"TRE130543","TREEID":"TRE130543","ASSETCODE":"TRE","ASSETSTAT":"INS","SP_SCIEN":"Tilia (genus)","SP_COMM":"Linden","DBH":6,"WIRES":"Y","OWNER":"HRM","MAINTBY":"HRM","MODDATE":1759832803000,"dbhLabel":"61 to 76.9 cm","wiresLabel":"Yes"}},{"type":"Feature","id":48110,"geometry":{"type":"Point","coordinates":[-63.5897769065948,44.6516392117997]},"properties":{"OBJECTID":48110,"ASSETID":"TRE141560","TREEID":"TRE141560","ASSETCODE":"TRE","ASSETSTAT":"INS","SP_SCIEN":"Tilia (genus)","SP_COMM":"Linden","DBH":6,"WIRES":"Y","OWNER":"HRM","MAINTBY":"HRM","MODDATE":1759832803000,"dbhLabel":"61 to 76.9 cm","wiresLabel":"Yes"}},{"type":"Feature","id":48118,"geometry":{"type":"Point","coordinates":[-63.607454704849,44.6525429303321]},"properties":{"OBJECTID":48118,"ASSETID":"TRE134550","TREEID":"TRE134550","ASSETCODE":"TRE","ASSETSTAT":"INS","SP_SCIEN":"Acer Platanoides","SP_COMM":"Norway Maple","DBH":3,"WIRES":"Y","OWNER":"HRM","MAINTBY":"HRM","MODDATE":1759832803000,"dbhLabel":"16 to 30.9cm","wiresLabel":"Yes"}},{"type":"Feature","id":48160,"geometry":{"type":"Point","coordinates":[-63.6047984063168,44.653299286493]},"properties":{"OBJECTID":48160,"ASSETID":"TRE134631","TREEID":"TRE134631","ASSETCODE":"TRE","ASSETSTAT":"INS","SP_SCIEN":"Platanus hybrida","SP_COMM":"London Planetree","DBH":3,"WIRES":"Y","OWNER":"HRM","MAINTBY":"HRM","MODDATE":1759832803000,"dbhLabel":"16 to 30.9cm","wiresLabel":"Yes"}},{"type":"Feature","id":48184,"geometry":{"type":"Point","coordinates":[-63.6042276482262,44.6527412174046]},"properties":{"OBJECTID":48184,"ASSETID":"TRE134679","TREEID":"TRE134679","ASSETCODE":"TRE","ASSETSTAT":"INS","SP_SCIEN":"Acer Platanoides","SP_COMM":"Norway Maple","DBH":5,"WIRES":"Y","OWNER":"HRM","MAINTBY":"HRM","MODDATE":1759832803000,"dbhLabel":"46 to 60.9 cm","wiresLabel":"Yes"}},{"type":"Feature","id":48198,"geometry":{"type":"Point","coordinates":[-63.6064578416832,44.6519783107186]},"properties":{"OBJECTID":48198,"ASSETID":"TRE134580","TREEID":"TRE134580","ASSETCODE":"TRE","ASSETSTAT":"INS","SP_SCIEN":"Acer Platanoides","SP_COMM":"Norway Maple","DBH":4,"WIRES":"Y","OWNER":"HRM","MAINTBY":"HRM","MODDATE":1759832803000,"dbhLabel":"31 to 45.9 cm","wiresLabel":"Yes"}},{"type":"Feature","id":48200,"geometry":{"type":"Point","coordinates":[-63.5928427632347,44.6456287676778]},"properties":{"OBJECTID":48200,"ASSETID":"TRE133979","TREEID":"TRE133979","ASSETCODE":"TRE","ASSETSTAT":"INS","SP_SCIEN":"Tilia (genus)","SP_COMM":"Linden","DBH":5,"WIRES":"Y","OWNER":"HRM","MAINTBY":"HRM","MODDATE":1759832803000,"dbhLabel":"46 to 60.9 cm","wiresLabel":"Yes"}},{"type":"Feature","id":48218,"geometry":{"type":"Point","coordinates":[-63.5923561242857,44.6459067649911]},"properties":{"OBJECTID":48218,"ASSETID":"TRE133684","TREEID":"TRE133684","ASSETCODE":"TRE","ASSETSTAT":"INS","SP_SCIEN":"Tilia (genus)","SP_COMM":"Linden","DBH":5,"WIRES":"N","OWNER":"HRM","MAINTBY":"HRM","MODDATE":1759832803000,"dbhLabel":"46 to 60.9 cm","wiresLabel":"No"}},{"type":"Feature","id":48225,"geometry":{"type":"Point","coordinates":[-63.5928447880374,44.6453208746187]},"properties":{"OBJECTID":48225,"ASSETID":"TRE130542","TREEID":"TRE130542","ASSETCODE":"TRE","ASSETSTAT":"INS","SP_SCIEN":"Tilia (genus)","SP_COMM":"Linden","DBH":6,"WIRES":"Y","OWNER":"HRM","MAINTBY":"HRM","MODDATE":1759832803000,"dbhLabel":"61 to 76.9 cm","wiresLabel":"Yes"}},{"type":"Feature","id":48228,"geometry":{"type":"Point","coordinates":[-63.6050776512161,44.6509721379273]},"properties":{"OBJECTID":48228,"ASSETID":"TRE134588","TREEID":"TRE134588","ASSETCODE":"TRE","ASSETSTAT":"INS","SP_SCIEN":"Ulmus americana","SP_COMM":"American Elm","DBH":5,"WIRES":"Y","OWNER":"HRM","MAINTBY":"HRM","MODDATE":1759832803000,"dbhLabel":"46 to 60.9 cm","wiresLabel":"Yes"}},{"type":"Feature","id":48272,"geometry":{"type":"Point","coordinates":[-63.5896425482727,44.6515317635257]},"properties":{"OBJECTID":48272,"ASSETID":"TRE141559","TREEID":"TRE141559","ASSETCODE":"TRE","ASSETSTAT":"INS","SP_SCIEN":"Quercus bicolor","SP_COMM":"Swamp White Oak","DBH":8,"WIRES":"N","OWNER":"HRM","MAINTBY":"HRM","MODDATE":1759832803000,"dbhLabel":"91 to 106.9 cm","wiresLabel":"No"}},{"type":"Feature","id":48304,"geometry":{"type":"Point","coordinates":[-63.5920954897841,44.6460872440484]},"properties":{"OBJECTID":48304,"ASSETID":"TRE130550","TREEID":"TRE130550","ASSETCODE":"TRE","ASSETSTAT":"INS","SP_SCIEN":"Ulmus americana","SP_COMM":"American Elm","DBH":8,"WIRES":"Y","OWNER":"HRM","MAINTBY":"HRM","MODDATE":1759832803000,"dbhLabel":"91 to 106.9 cm","wiresLabel":"Yes"}},{"type":"Feature","id":48335,"geometry":{"type":"Point","coordinates":[-63.6055946783745,44.6513505249527]},"properties":{"OBJECTID":48335,"ASSETID":"TRE134584","TREEID":"TRE134584","ASSETCODE":"TRE","ASSETSTAT":"INS","SP_SCIEN":"Acer Platanoides","SP_COMM":"Norway Maple","DBH":4,"WIRES":"Y","OWNER":"HRM","MAINTBY":"HRM","MODDATE":1759832803000,"dbhLabel":"31 to 45.9 cm","wiresLabel":"Yes"}},{"type":"Feature","id":48362,"geometry":{"type":"Point","coordinates":[-63.6053086988055,44.6511403542676]},"properties":{"OBJECTID":48362,"ASSETID":"TRE134586","TREEID":"TRE134586","ASSETCODE":"TRE","ASSETSTAT":"INS","SP_SCIEN":"Acer Platanoides","SP_COMM":"Norway Maple","DBH":4,"WIRES":"Y","OWNER":"HRM","MAINTBY":"HRM","MODDATE":1759832803000,"dbhLabel":"31 to 45.9 cm","wiresLabel":"Yes"}},{"type":"Feature","id":48384,"geometry":{"type":"Point","coordinates":[-63.6067641123979,44.6520285848705]},"properties":{"OBJECTID":48384,"ASSETID":"TRE134546","TREEID":"TRE134546","ASSETCODE":"TRE","ASSETSTAT":"INS","SP_SCIEN":"Acer Platanoides","SP_COMM":"Norway Maple","DBH":6,"WIRES":"Y","OWNER":"HRM","MAINTBY":"HRM","MODDATE":1759832803000,"dbhLabel":"61 to 76.9 cm","wiresLabel":"Yes"}},{"type":"Feature","id":48410,"geometry":{"type":"Point","coordinates":[-63.5701830018396,44.6398871432441]},"properties":{"OBJECTID":48410,"ASSETID":"TRE133582","TREEID":"TRE133582","ASSETCODE":"TRE","ASSETSTAT":"INS","SP_SCIEN":"Acer Platanoides","SP_COMM":"Norway Maple","DBH":5,"WIRES":"N","OWNER":"HRM","MAINTBY":"HRM","MODDATE":1759832803000,"dbhLabel":"46 to 60.9 cm","wiresLabel":"No"}},{"type":"Feature","id":48460,"geometry":{"type":"Point","coordinates":[-63.6049476991305,44.6534125486337]},"properties":{"OBJECTID":48460,"ASSETID":"TRE134632","TREEID":"TRE134632","ASSETCODE":"TRE","ASSETSTAT":"INS","SP_SCIEN":"Ulmus americana","SP_COMM":"American Elm","DBH":6,"WIRES":"Y","OWNER":"HRM","MAINTBY":"HRM","MODDATE":1759832803000,"dbhLabel":"61 to 76.9 cm","wiresLabel":"Yes"}},{"type":"Feature","id":48468,"geometry":{"type":"Point","coordinates":[-63.6059730838065,44.6513887220948]},"properties":{"OBJECTID":48468,"ASSETID":"TRE134536","TREEID":"TRE134536","ASSETCODE":"TRE","ASSETSTAT":"INS","SP_SCIEN":"Tilia (genus)","SP_COMM":"Linden","DBH":2,"WIRES":"N","OWNER":"HRM","MAINTBY":"HRM","MODDATE":1759832803000,"dbhLabel":"8 to 15.9 cm","wiresLabel":"No"}},{"type":"Feature","id":48481,"geometry":{"type":"Point","coordinates":[-63.5929755000977,44.645099564468]},"properties":{"OBJECTID":48481,"ASSETID":"TRE130327","TREEID":"TRE130327","ASSETCODE":"TRE","ASSETSTAT":"INS","SP_SCIEN":"Quercus rubra","SP_COMM":"Northern Red Oak","DBH":3,"WIRES":"N","OWNER":"HRM","MAINTBY":"HRM","MODDATE":1759832803000,"dbhLabel":"16 to 30.9cm","wiresLabel":"No"}},{"type":"Feature","id":48486,"geometry":{"type":"Point","coordinates":[-63.5933017933617,44.6457744922781]},"properties":{"OBJECTID":48486,"ASSETID":"TRE133680","TREEID":"TRE133680","ASSETCODE":"TRE","ASSETSTAT":"INS","SP_SCIEN":"Quercus rubra","SP_COMM":"Northern Red Oak","DBH":1,"WIRES":"Y","OWNER":"HRM","MAINTBY":"HRM","MODDATE":1759832803000,"dbhLabel":"0 to 7.9 cm","wiresLabel":"Yes"}},{"type":"Feature","id":48495,"geometry":{"type":"Point","coordinates":[-63.5927984709013,44.6452335956766]},"properties":{"OBJECTID":48495,"ASSETID":"TRE130541","TREEID":"TRE130541","ASSETCODE":"TRE","ASSETSTAT":"INS","SP_SCIEN":"Acer Platanoides","SP_COMM":"Norway Maple","DBH":4,"WIRES":"Y","OWNER":"HRM","MAINTBY":"HRM","MODDATE":1759832803000,"dbhLabel":"31 to 45.9 cm","wiresLabel":"Yes"}},{"type":"Feature","id":48546,"geometry":{"type":"Point","coordinates":[-63.5918547700341,44.6460344185048]},"properties":{"OBJECTID":48546,"ASSETID":"TRE133982","TREEID":"TRE133982","ASSETCODE":"TRE","ASSETSTAT":"INS","SP_SCIEN":"Ulmus americana","SP_COMM":"American Elm","DBH":7,"WIRES":"Y","OWNER":"HRM","MAINTBY":"HRM","MODDATE":1759832803000,"dbhLabel":"77 to 90.9 cm","wiresLabel":"Yes"}},{"type":"Feature","id":48559,"geometry":{"type":"Point","coordinates":[-63.6050517707527,44.6533287575867]},"properties":{"OBJECTID":48559,"ASSETID":"TRE134675","TREEID":"TRE134675","ASSETCODE":"TRE","ASSETSTAT":"INS","SP_SCIEN":"Acer Platanoides","SP_COMM":"Norway Maple","DBH":7,"WIRES":"Y","OWNER":"HRM","MAINTBY":"HRM","MODDATE":1759832803000,"dbhLabel":"77 to 90.9 cm","wiresLabel":"Yes"}},{"type":"Feature","id":48567,"geometry":{"type":"Point","coordinates":[-63.6053958955752,44.6512001658386]},"properties":{"OBJECTID":48567,"ASSETID":"TRE134585","TREEID":"TRE134585","ASSETCODE":"TRE","ASSETSTAT":"INS","SP_SCIEN":"Ulmus americana","SP_COMM":"American Elm","DBH":4,"WIRES":"Y","OWNER":"HRM","MAINTBY":"HRM","MODDATE":1759832803000,"dbhLabel":"31 to 45.9 cm","wiresLabel":"Yes"}},{"type":"Feature","id":48582,"geometry":{"type":"Point","coordinates":[-63.5933228175326,44.6462457344509]},"properties":{"OBJECTID":48582,"ASSETID":"TRE133683","TREEID":"TRE133683","ASSETCODE":"TRE","ASSETSTAT":"INS","SP_SCIEN":"Ginkgo biloba","SP_COMM":"Ginkgo","DBH":1,"WIRES":"N","OWNER":"HRM","MAINTBY":"HRM","MODDATE":1759832803000,"dbhLabel":"0 to 7.9 cm","wiresLabel":"No"}},{"type":"Feature","id":48608,"geometry":{"type":"Point","coordinates":[-63.5922382949649,44.6460511384394]},"properties":{"OBJECTID":48608,"ASSETID":"TRE130549","TREEID":"TRE130549","ASSETCODE":"TRE","ASSETSTAT":"INS","SP_SCIEN":"Quercus bicolor","SP_COMM":"Swamp White Oak","DBH":1,"WIRES":"N","OWNER":"HRM","MAINTBY":"HRM","MODDATE":1759832803000,"dbhLabel":"0 to 7.9 cm","wiresLabel":"No"}},{"type":"Feature","id":48620,"geometry":{"type":"Point","coordinates":[-63.606018846682,44.6514792036757]},"properties":{"OBJECTID":48620,"ASSETID":"TRE134539","TREEID":"TRE134539","ASSETCODE":"TRE","ASSETSTAT":"INS","SP_SCIEN":"Ulmus americana","SP_COMM":"American Elm","DBH":6,"WIRES":"Y","OWNER":"HRM","MAINTBY":"HRM","MODDATE":1759832803000,"dbhLabel":"61 to 76.9 cm","wiresLabel":"Yes"}},{"type":"Feature","id":48641,"geometry":{"type":"Point","coordinates":[-63.6051387537234,44.6533927519465]},"properties":{"OBJECTID":48641,"ASSETID":"TRE134674","TREEID":"TRE134674","ASSETCODE":"TRE","ASSETSTAT":"INS","SP_SCIEN":"Ulmus americana","SP_COMM":"American Elm","DBH":6,"WIRES":"Y","OWNER":"HRM","MAINTBY":"HRM","MODDATE":1759832803000,"dbhLabel":"61 to 76.9 cm","wiresLabel":"Yes"}},{"type":"Feature","id":48654,"geometry":{"type":"Point","coordinates":[-63.5929587249581,44.6455506797773]},"properties":{"OBJECTID":48654,"ASSETID":"TRE130544","TREEID":"TRE130544","ASSETCODE":"TRE","ASSETSTAT":"INS","SP_SCIEN":"Acer Platanoides","SP_COMM":"Norway Maple","DBH":5,"WIRES":"Y","OWNER":"HRM","MAINTBY":"HRM","MODDATE":1759832803000,"dbhLabel":"46 to 60.9 cm","wiresLabel":"Yes"}},{"type":"Feature","id":48655,"geometry":{"type":"Point","coordinates":[-63.6091352128954,44.6538375281146]},"properties":{"OBJECTID":48655,"ASSETID":"TRE134559","TREEID":"TRE134559","ASSETCODE":"TRE","ASSETSTAT":"INS","SP_SCIEN":"Ulmus americana","SP_COMM":"American Elm","DBH":3,"WIRES":"Y","OWNER":"HRM","MAINTBY":"HRM","MODDATE":1759832803000,"dbhLabel":"16 to 30.9cm","wiresLabel":"Yes"}},{"type":"Feature","id":48675,"geometry":{"type":"Point","coordinates":[-63.6060459093282,44.6514000468387]},"properties":{"OBJECTID":48675,"ASSETID":"TRE134537","TREEID":"TRE134537","ASSETCODE":"TRE","ASSETSTAT":"INS","SP_SCIEN":"Pinus resinosa","SP_COMM":"Red Pine","DBH":5,"WIRES":"N","OWNER":"HRM","MAINTBY":"HRM","MODDATE":1759832803000,"dbhLabel":"46 to 60.9 cm","wiresLabel":"No"}},{"type":"Feature","id":48678,"geometry":{"type":"Point","coordinates":[-63.6040603612591,44.6526250859222]},"properties":{"OBJECTID":48678,"ASSETID":"TRE134680","TREEID":"TRE134680","ASSETCODE":"TRE","ASSETSTAT":"INS","SP_SCIEN":"Acer Platanoides","SP_COMM":"Norway Maple","DBH":6,"WIRES":"N","OWNER":"HRM","MAINTBY":"HRM","MODDATE":1759832803000,"dbhLabel":"61 to 76.9 cm","wiresLabel":"No"}},{"type":"Feature","id":48681,"geometry":{"type":"Point","coordinates":[-63.6061497653548,44.65150065809]},"properties":{"OBJECTID":48681,"ASSETID":"TRE134541","TREEID":"TRE134541","ASSETCODE":"TRE","ASSETSTAT":"INS","SP_SCIEN":"Ulmus americana","SP_COMM":"American Elm","DBH":2,"WIRES":"N","OWNER":"HRM","MAINTBY":"HRM","MODDATE":1759832803000,"dbhLabel":"8 to 15.9 cm","wiresLabel":"No"}},{"type":"Feature","id":48699,"geometry":{"type":"Point","coordinates":[-63.5701548522319,44.6398423108177]},"properties":{"OBJECTID":48699,"ASSETID":"TRE133583","TREEID":"TRE133583","ASSETCODE":"TRE","ASSETSTAT":"INS","SP_SCIEN":"Acer Platanoides","SP_COMM":"Norway Maple","DBH":5,"WIRES":"N","OWNER":"HRM","MAINTBY":"HRM","MODDATE":1759832803000,"dbhLabel":"46 to 60.9 cm","wiresLabel":"No"}},{"type":"Feature","id":48721,"geometry":{"type":"Point","coordinates":[-63.5926220067452,44.6467795875851]},"properties":{"OBJECTID":48721,"ASSETID":"TRE130560","TREEID":"TRE130560","ASSETCODE":"TRE","ASSETSTAT":"INS","SP_SCIEN":"Ulmus americana","SP_COMM":"American Elm","DBH":7,"WIRES":"N","OWNER":"HRM","MAINTBY":"HRM","MODDATE":1759832803000,"dbhLabel":"77 to 90.9 cm","wiresLabel":"No"}},{"type":"Feature","id":48769,"geometry":{"type":"Point","coordinates":[-63.569791408241,44.6400651552478]},"properties":{"OBJECTID":48769,"ASSETID":"TRE133588","TREEID":"TRE133588","ASSETCODE":"TRE","ASSETSTAT":"INS","SP_SCIEN":"Acer Platanoides","SP_COMM":"Norway Maple","DBH":6,"WIRES":"N","OWNER":"HRM","MAINTBY":"HRM","MODDATE":1759832803000,"dbhLabel":"61 to 76.9 cm","wiresLabel":"No"}},{"type":"Feature","id":48777,"geometry":{"type":"Point","coordinates":[-63.6069705039277,44.6523490520084]},"properties":{"OBJECTID":48777,"ASSETID":"TRE134576","TREEID":"TRE134576","ASSETCODE":"TRE","ASSETSTAT":"INS","SP_SCIEN":"Acer Platanoides","SP_COMM":"Norway Maple","DBH":4,"WIRES":"Y","OWNER":"HRM","MAINTBY":"HRM","MODDATE":1759832803000,"dbhLabel":"31 to 45.9 cm","wiresLabel":"Yes"}},{"type":"Feature","id":48788,"geometry":{"type":"Point","coordinates":[-63.5698865793554,44.6400415054846]},"properties":{"OBJECTID":48788,"ASSETID":"TRE133587","TREEID":"TRE133587","ASSETCODE":"TRE","ASSETSTAT":"INS","SP_SCIEN":"Acer Platanoides","SP_COMM":"Norway Maple","DBH":5,"WIRES":"N","OWNER":"HRM","MAINTBY":"HRM","MODDATE":1759832803000,"dbhLabel":"46 to 60.9 cm","wiresLabel":"No"}},{"type":"Feature","id":48810,"geometry":{"type":"Point","coordinates":[-63.6058851791643,44.6513166746628]},"properties":{"OBJECTID":48810,"ASSETID":"TRE134533","TREEID":"TRE134533","ASSETCODE":"TRE","ASSETSTAT":"INS","SP_SCIEN":"Acer saccharum","SP_COMM":"Sugar Maple","DBH":2,"WIRES":"Y","OWNER":"HRM","MAINTBY":"HRM","MODDATE":1759832803000,"dbhLabel":"8 to 15.9 cm","wiresLabel":"Yes"}},{"type":"Feature","id":48828,"geometry":{"type":"Point","coordinates":[-63.6067574100675,44.6521941103064]},"properties":{"OBJECTID":48828,"ASSETID":"TRE134577","TREEID":"TRE134577","ASSETCODE":"TRE","ASSETSTAT":"INS","SP_SCIEN":"Ulmus americana","SP_COMM":"American Elm","DBH":5,"WIRES":"Y","OWNER":"HRM","MAINTBY":"HRM","MODDATE":1759832803000,"dbhLabel":"46 to 60.9 cm","wiresLabel":"Yes"}},{"type":"Feature","id":48857,"geometry":{"type":"Point","coordinates":[-63.6057560077147,44.6514687129167]},"properties":{"OBJECTID":48857,"ASSETID":"TRE134582","TREEID":"TRE134582","ASSETCODE":"TRE","ASSETSTAT":"INS","SP_SCIEN":"Ulmus americana","SP_COMM":"American Elm","DBH":6,"WIRES":"Y","OWNER":"HRM","MAINTBY":"HRM","MODDATE":1759832803000,"dbhLabel":"61 to 76.9 cm","wiresLabel":"Yes"}},{"type":"Feature","id":48874,"geometry":{"type":"Point","coordinates":[-63.607270850253,44.6524051194365]},"properties":{"OBJECTID":48874,"ASSETID":"TRE134548","TREEID":"TRE134548","ASSETCODE":"TRE","ASSETSTAT":"INS","SP_SCIEN":"Acer Platanoides","SP_COMM":"Norway Maple","DBH":6,"WIRES":"Y","OWNER":"HRM","MAINTBY":"HRM","MODDATE":1759832803000,"dbhLabel":"61 to 76.9 cm","wiresLabel":"Yes"}},{"type":"Feature","id":48879,"geometry":{"type":"Point","coordinates":[-63.5696877246909,44.6399195403074]},"properties":{"OBJECTID":48879,"ASSETID":"TRE133579","TREEID":"TRE133579","ASSETCODE":"TRE","ASSETSTAT":"INS","SP_SCIEN":"Acer Platanoides","SP_COMM":"Norway Maple","DBH":4,"WIRES":"N","OWNER":"HRM","MAINTBY":"HRM","MODDATE":1759832803000,"dbhLabel":"31 to 45.9 cm","wiresLabel":"No"}},{"type":"Feature","id":48885,"geometry":{"type":"Point","coordinates":[-63.6049649512755,44.6508917239998]},"properties":{"OBJECTID":48885,"ASSETID":"TRE134589","TREEID":"TRE134589","ASSETCODE":"TRE","ASSETSTAT":"INS","SP_SCIEN":"Acer Platanoides","SP_COMM":"Norway Maple","DBH":7,"WIRES":"Y","OWNER":"HRM","MAINTBY":"HRM","MODDATE":1759832803000,"dbhLabel":"77 to 90.9 cm","wiresLabel":"Yes"}},{"type":"Feature","id":48902,"geometry":{"type":"Point","coordinates":[-63.5693270735622,44.640180448344]},"properties":{"OBJECTID":48902,"ASSETID":"TRE133593","TREEID":"TRE133593","ASSETCODE":"TRE","ASSETSTAT":"INS","SP_SCIEN":"Acer Platanoides","SP_COMM":"Norway Maple","DBH":4,"WIRES":"N","OWNER":"HRM","MAINTBY":"HRM","MODDATE":1759832803000,"dbhLabel":"31 to 45.9 cm","wiresLabel":"No"}},{"type":"Feature","id":48912,"geometry":{"type":"Point","coordinates":[-63.6056792430804,44.6514101803769]},"properties":{"OBJECTID":48912,"ASSETID":"TRE134583","TREEID":"TRE134583","ASSETCODE":"TRE","ASSETSTAT":"INS","SP_SCIEN":"Acer Platanoides","SP_COMM":"Norway Maple","DBH":5,"WIRES":"Y","OWNER":"HRM","MAINTBY":"HRM","MODDATE":1759832803000,"dbhLabel":"46 to 60.9 cm","wiresLabel":"Yes"}},{"type":"Feature","id":48958,"geometry":{"type":"Point","coordinates":[-63.6066575587305,44.6521199722648]},"properties":{"OBJECTID":48958,"ASSETID":"TRE134578","TREEID":"TRE134578","ASSETCODE":"TRE","ASSETSTAT":"INS","SP_SCIEN":"Ulmus americana","SP_COMM":"American Elm","DBH":5,"WIRES":"Y","OWNER":"HRM","MAINTBY":"HRM","MODDATE":1759832803000,"dbhLabel":"46 to 60.9 cm","wiresLabel":"Yes"}},{"type":"Feature","id":48959,"geometry":{"type":"Point","coordinates":[-63.6037229944626,44.652376988594]},"properties":{"OBJECTID":48959,"ASSETID":"TRE134682","TREEID":"TRE134682","ASSETCODE":"TRE","ASSETSTAT":"INS","SP_SCIEN":"Acer Platanoides","SP_COMM":"Norway Maple","DBH":6,"WIRES":"N","OWNER":"HRM","MAINTBY":"HRM","MODDATE":1759832803000,"dbhLabel":"61 to 76.9 cm","wiresLabel":"No"}},{"type":"Feature","id":48985,"geometry":{"type":"Point","coordinates":[-63.56970800865,44.6400858507001]},"properties":{"OBJECTID":48985,"ASSETID":"TRE133589","TREEID":"TRE133589","ASSETCODE":"TRE","ASSETSTAT":"INS","SP_SCIEN":"Acer Platanoides","SP_COMM":"Norway Maple","DBH":7,"WIRES":"N","OWNER":"HRM","MAINTBY":"HRM","MODDATE":1759832803000,"dbhLabel":"77 to 90.9 cm","wiresLabel":"No"}},{"type":"Feature","id":48990,"geometry":{"type":"Point","coordinates":[-63.5924750675176,44.6458769219936]},"properties":{"OBJECTID":48990,"ASSETID":"TRE133980","TREEID":"TRE133980","ASSETCODE":"TRE","ASSETSTAT":"INS","SP_SCIEN":"Tilia (genus)","SP_COMM":"Linden","DBH":8,"WIRES":"Y","OWNER":"HRM","MAINTBY":"HRM","MODDATE":1759832803000,"dbhLabel":"91 to 106.9 cm","wiresLabel":"Yes"}},{"type":"Feature","id":49006,"geometry":{"type":"Point","coordinates":[-63.6043830459906,44.6509749549148]},"properties":{"OBJECTID":49006,"ASSETID":"TRE134834","TREEID":"TRE134834","ASSETCODE":"TRE","ASSETSTAT":"INS","SP_SCIEN":"Acer saccharum","SP_COMM":"Sugar Maple","DBH":1,"WIRES":"N","OWNER":"HRM","MAINTBY":"HRM","MODDATE":1759832803000,"dbhLabel":"0 to 7.9 cm","wiresLabel":"No"}},{"type":"Feature","id":49017,"geometry":{"type":"Point","coordinates":[-63.6073533685967,44.6524668462023]},"properties":{"OBJECTID":49017,"ASSETID":"TRE134549","TREEID":"TRE134549","ASSETCODE":"TRE","ASSETSTAT":"INS","SP_SCIEN":"Ulmus americana","SP_COMM":"American Elm","DBH":5,"WIRES":"Y","OWNER":"HRM","MAINTBY":"HRM","MODDATE":1759832803000,"dbhLabel":"46 to 60.9 cm","wiresLabel":"Yes"}},{"type":"Feature","id":49021,"geometry":{"type":"Point","coordinates":[-63.6045933209374,44.6509764324271]},"properties":{"OBJECTID":49021,"ASSETID":"TRE134838","TREEID":"TRE134838","ASSETCODE":"TRE","ASSETSTAT":"INS","SP_SCIEN":"Acer Platanoides","SP_COMM":"Norway Maple","DBH":6,"WIRES":"Y","OWNER":"HRM","MAINTBY":"HRM","MODDATE":1759832803000,"dbhLabel":"61 to 76.9 cm","wiresLabel":"Yes"}},{"type":"Feature","id":49026,"geometry":{"type":"Point","coordinates":[-63.6046833518918,44.6527554917062]},"properties":{"OBJECTID":49026,"ASSETID":"TRE134878","TREEID":"TRE134878","ASSETCODE":"TRE","ASSETSTAT":"INS","SP_SCIEN":"Acer Platanoides","SP_COMM":"Norway Maple","DBH":7,"WIRES":"Y","OWNER":"HRM","MAINTBY":"HRM","MODDATE":1759832803000,"dbhLabel":"77 to 90.9 cm","wiresLabel":"Yes"}},{"type":"Feature","id":49029,"geometry":{"type":"Point","coordinates":[-63.6060538046213,44.6527982756084]},"properties":{"OBJECTID":49029,"ASSETID":"TRE134985","TREEID":"TRE134985","ASSETCODE":"TRE","ASSETSTAT":"INS","SP_SCIEN":"Syringa reticulata","SP_COMM":"Japanese Tree Lilac","DBH":2,"WIRES":"Y","OWNER":"HRM","MAINTBY":"HRM","MODDATE":1763667528000,"dbhLabel":"8 to 15.9 cm","wiresLabel":"Yes"}},{"type":"Feature","id":49032,"geometry":{"type":"Point","coordinates":[-63.6036921283494,44.6533658830405]},"properties":{"OBJECTID":49032,"ASSETID":"TRE134940","TREEID":"TRE134940","ASSETCODE":"TRE","ASSETSTAT":"INS","SP_SCIEN":"Ulmus americana","SP_COMM":"American Elm","DBH":4,"WIRES":"N","OWNER":"HRM","MAINTBY":"HRM","MODDATE":1759832803000,"dbhLabel":"31 to 45.9 cm","wiresLabel":"No"}},{"type":"Feature","id":49034,"geometry":{"type":"Point","coordinates":[-63.6057068078849,44.6532015744819]},"properties":{"OBJECTID":49034,"ASSETID":"TRE134970","TREEID":"TRE134970","ASSETCODE":"TRE","ASSETSTAT":"INS","SP_SCIEN":"Liguidambar styraciflua","SP_COMM":"Sweetgum","DBH":3,"WIRES":"Y","OWNER":"HRM","MAINTBY":"HRM","MODDATE":1759832803000,"dbhLabel":"16 to 30.9cm","wiresLabel":"Yes"}},{"type":"Feature","id":49040,"geometry":{"type":"Point","coordinates":[-63.6038374793557,44.6523849159716]},"properties":{"OBJECTID":49040,"ASSETID":"TRE134850","TREEID":"TRE134850","ASSETCODE":"TRE","ASSETSTAT":"INS","SP_SCIEN":"Acer Platanoides","SP_COMM":"Norway Maple","DBH":5,"WIRES":"N","OWNER":"HRM","MAINTBY":"HRM","MODDATE":1759832803000,"dbhLabel":"46 to 60.9 cm","wiresLabel":"No"}},{"type":"Feature","id":49043,"geometry":{"type":"Point","coordinates":[-63.6093507070539,44.6545942169366]},"properties":{"OBJECTID":49043,"ASSETID":"TRE135161","TREEID":"TRE135161","ASSETCODE":"TRE","ASSETSTAT":"INS","SP_SCIEN":"Acer Platanoides","SP_COMM":"Norway Maple","DBH":5,"WIRES":"Y","OWNER":"HRM","MAINTBY":"HRM","MODDATE":1759832803000,"dbhLabel":"46 to 60.9 cm","wiresLabel":"Yes"}},{"type":"Feature","id":49047,"geometry":{"type":"Point","coordinates":[-63.6074134200751,44.65282851189]},"properties":{"OBJECTID":49047,"ASSETID":"TRE135039","TREEID":"TRE135039","ASSETCODE":"TRE","ASSETSTAT":"INS","SP_SCIEN":"Ulmus americana","SP_COMM":"American Elm","DBH":5,"WIRES":"Y","OWNER":"HRM","MAINTBY":"HRM","MODDATE":1759832803000,"dbhLabel":"46 to 60.9 cm","wiresLabel":"Yes"}},{"type":"Feature","id":49050,"geometry":{"type":"Point","coordinates":[-63.605455728763,44.6532293790152]},"properties":{"OBJECTID":49050,"ASSETID":"TRE134991","TREEID":"TRE134991","ASSETCODE":"TRE","ASSETSTAT":"INS","SP_SCIEN":"Acer rubrum","SP_COMM":"Red Maple","DBH":3,"WIRES":"Y","OWNER":"HRM","MAINTBY":"HRM","MODDATE":1759832803000,"dbhLabel":"16 to 30.9cm","wiresLabel":"Yes"}},{"type":"Feature","id":49070,"geometry":{"type":"Point","coordinates":[-63.5934279653367,44.6457434368017]},"properties":{"OBJECTID":49070,"ASSETID":"TRE133679","TREEID":"TRE133679","ASSETCODE":"TRE","ASSETSTAT":"INS","SP_SCIEN":"Quercus rubra","SP_COMM":"Northern Red Oak","DBH":1,"WIRES":"Y","OWNER":"HRM","MAINTBY":"HRM","MODDATE":1759832803000,"dbhLabel":"0 to 7.9 cm","wiresLabel":"Yes"}},{"type":"Feature","id":49071,"geometry":{"type":"Point","coordinates":[-63.5796644869998,44.6416116268472]},"properties":{"OBJECTID":49071,"ASSETID":"TRE133831","TREEID":"TRE133831","ASSETCODE":"TRE","ASSETSTAT":"INS","SP_SCIEN":"Ulmus americana","SP_COMM":"American Elm","DBH":3,"WIRES":"N","OWNER":"HRM","MAINTBY":"HRM","MODDATE":1759832803000,"dbhLabel":"16 to 30.9cm","wiresLabel":"No"}},{"type":"Feature","id":49074,"geometry":{"type":"Point","coordinates":[-63.6059970059425,44.6518093599804]},"properties":{"OBJECTID":49074,"ASSETID":"TRE134891","TREEID":"TRE134891","ASSETCODE":"TRE","ASSETSTAT":"INS","SP_SCIEN":"Acer freemanii  ","SP_COMM":"Freeman Maple","DBH":2,"WIRES":"N","OWNER":"HRM","MAINTBY":"HRM","MODDATE":1759832803000,"dbhLabel":"8 to 15.9 cm","wiresLabel":"No"}},{"type":"Feature","id":49090,"geometry":{"type":"Point","coordinates":[-63.569318502736,44.6400779069403]},"properties":{"OBJECTID":49090,"ASSETID":"TRE133577","TREEID":"TRE133577","ASSETCODE":"TRE","ASSETSTAT":"INS","SP_SCIEN":"Ginkgo biloba","SP_COMM":"Ginkgo","DBH":1,"WIRES":"N","OWNER":"HRM","MAINTBY":"HRM","MODDATE":1759832803000,"dbhLabel":"0 to 7.9 cm","wiresLabel":"No"}},{"type":"Feature","id":49095,"geometry":{"type":"Point","coordinates":[-63.6048841199679,44.6517836962347]},"properties":{"OBJECTID":49095,"ASSETID":"TRE134869","TREEID":"TRE134869","ASSETCODE":"TRE","ASSETSTAT":"INS","SP_SCIEN":"Ulmus americana","SP_COMM":"American Elm","DBH":6,"WIRES":"Y","OWNER":"HRM","MAINTBY":"HRM","MODDATE":1759832803000,"dbhLabel":"61 to 76.9 cm","wiresLabel":"Yes"}},{"type":"Feature","id":49100,"geometry":{"type":"Point","coordinates":[-63.6037739379223,44.6525754730597]},"properties":{"OBJECTID":49100,"ASSETID":"TRE134625","TREEID":"TRE134625","ASSETCODE":"TRE","ASSETSTAT":"INS","SP_SCIEN":"Ulmus americana","SP_COMM":"American Elm","DBH":7,"WIRES":"Y","OWNER":"HRM","MAINTBY":"HRM","MODDATE":1759832803000,"dbhLabel":"77 to 90.9 cm","wiresLabel":"Yes"}},{"type":"Feature","id":49113,"geometry":{"type":"Point","coordinates":[-63.6053723938507,44.6534348656696]},"properties":{"OBJECTID":49113,"ASSETID":"TRE134967","TREEID":"TRE134967","ASSETCODE":"TRE","ASSETSTAT":"INS","SP_SCIEN":"Carya cordiformis","SP_COMM":"Bitternut Hickory","DBH":3,"WIRES":"Y","OWNER":"HRM","MAINTBY":"HRM","MODDATE":1759832803000,"dbhLabel":"16 to 30.9cm","wiresLabel":"Yes"}},{"type":"Feature","id":49116,"geometry":{"type":"Point","coordinates":[-63.5795948585822,44.6411664315845]},"properties":{"OBJECTID":49116,"ASSETID":"TRE134077","TREEID":"TRE134077","ASSETCODE":"TRE","ASSETSTAT":"INS","SP_SCIEN":"Tilia (genus)","SP_COMM":"Linden","DBH":6,"WIRES":"N","OWNER":"HRM","MAINTBY":"HRM","MODDATE":1759832803000,"dbhLabel":"61 to 76.9 cm","wiresLabel":"No"}},{"type":"Feature","id":49139,"geometry":{"type":"Point","coordinates":[-63.5920401427829,44.6477691584104]},"properties":{"OBJECTID":49139,"ASSETID":"TRE135363","TREEID":"TRE135363","ASSETCODE":"TRE","ASSETSTAT":"INS","SP_SCIEN":"Acer rubrum","SP_COMM":"Red Maple","DBH":3,"WIRES":"N","OWNER":"HRM","MAINTBY":"HRM","MODDATE":1759832803000,"dbhLabel":"16 to 30.9cm","wiresLabel":"No"}},{"type":"Feature","id":49141,"geometry":{"type":"Point","coordinates":[-63.607312907578,44.652901704523]},"properties":{"OBJECTID":49141,"ASSETID":"TRE135040","TREEID":"TRE135040","ASSETCODE":"TRE","ASSETSTAT":"INS","SP_SCIEN":"Carya cordiformis","SP_COMM":"Bitternut Hickory","DBH":2,"WIRES":"N","OWNER":"HRM","MAINTBY":"HRM","MODDATE":1759832803000,"dbhLabel":"8 to 15.9 cm","wiresLabel":"No"}},{"type":"Feature","id":49142,"geometry":{"type":"Point","coordinates":[-63.6051933398516,44.6510557617498]},"properties":{"OBJECTID":49142,"ASSETID":"TRE134587","TREEID":"TRE134587","ASSETCODE":"TRE","ASSETSTAT":"INS","SP_SCIEN":"Acer Platanoides","SP_COMM":"Norway Maple","DBH":4,"WIRES":"Y","OWNER":"HRM","MAINTBY":"HRM","MODDATE":1759832803000,"dbhLabel":"31 to 45.9 cm","wiresLabel":"Yes"}},{"type":"Feature","id":49155,"geometry":{"type":"Point","coordinates":[-63.5920707861138,44.6476635557146]},"properties":{"OBJECTID":49155,"ASSETID":"TRE135357","TREEID":"TRE135357","ASSETCODE":"TRE","ASSETSTAT":"INS","SP_SCIEN":"Ulmus americana","SP_COMM":"American Elm","DBH":6,"WIRES":"Y","OWNER":"HRM","MAINTBY":"HRM","MODDATE":1759832803000,"dbhLabel":"61 to 76.9 cm","wiresLabel":"Yes"}},{"type":"Feature","id":49156,"geometry":{"type":"Point","coordinates":[-63.6070667898514,44.6524255650929]},"properties":{"OBJECTID":49156,"ASSETID":"TRE134575","TREEID":"TRE134575","ASSETCODE":"TRE","ASSETSTAT":"INS","SP_SCIEN":"Ulmus americana","SP_COMM":"American Elm","DBH":6,"WIRES":"Y","OWNER":"HRM","MAINTBY":"HRM","MODDATE":1759832803000,"dbhLabel":"61 to 76.9 cm","wiresLabel":"Yes"}},{"type":"Feature","id":49160,"geometry":{"type":"Point","coordinates":[-63.6059854015056,44.6530381958997]},"properties":{"OBJECTID":49160,"ASSETID":"TRE134973","TREEID":"TRE134973","ASSETCODE":"TRE","ASSETSTAT":"INS","SP_SCIEN":"Tilia (genus)","SP_COMM":"Linden","DBH":5,"WIRES":"Y","OWNER":"HRM","MAINTBY":"HRM","MODDATE":1759832803000,"dbhLabel":"46 to 60.9 cm","wiresLabel":"Yes"}},{"type":"Feature","id":49162,"geometry":{"type":"Point","coordinates":[-63.6069577433591,44.653160766784]},"properties":{"OBJECTID":49162,"ASSETID":"TRE135043","TREEID":"TRE135043","ASSETCODE":"TRE","ASSETSTAT":"INS","SP_SCIEN":"Quercus rubra","SP_COMM":"Northern Red Oak","DBH":3,"WIRES":"N","OWNER":"HRM","MAINTBY":"HRM","MODDATE":1759832803000,"dbhLabel":"16 to 30.9cm","wiresLabel":"No"}},{"type":"Feature","id":49171,"geometry":{"type":"Point","coordinates":[-63.606093467936,44.6514639391606]},"properties":{"OBJECTID":49171,"ASSETID":"TRE134538","TREEID":"TRE134538","ASSETCODE":"TRE","ASSETSTAT":"INS","SP_SCIEN":"Fagus sylvatica","SP_COMM":"European Beech","DBH":2,"WIRES":"N","OWNER":"HRM","MAINTBY":"HRM","MODDATE":1759832803000,"dbhLabel":"8 to 15.9 cm","wiresLabel":"No"}},{"type":"Feature","id":49172,"geometry":{"type":"Point","coordinates":[-63.6051695039539,44.6515743751464]},"properties":{"OBJECTID":49172,"ASSETID":"TRE134866","TREEID":"TRE134866","ASSETCODE":"TRE","ASSETSTAT":"INS","SP_SCIEN":"Ulmus americana","SP_COMM":"American Elm","DBH":7,"WIRES":"Y","OWNER":"HRM","MAINTBY":"HRM","MODDATE":1759832803000,"dbhLabel":"77 to 90.9 cm","wiresLabel":"Yes"}},{"type":"Feature","id":49178,"geometry":{"type":"Point","coordinates":[-63.6044873017676,44.6510575530393]},"properties":{"OBJECTID":49178,"ASSETID":"TRE134839","TREEID":"TRE134839","ASSETCODE":"TRE","ASSETSTAT":"INS","SP_SCIEN":"Acer Platanoides","SP_COMM":"Norway Maple","DBH":4,"WIRES":"Y","OWNER":"HRM","MAINTBY":"HRM","MODDATE":1759832803000,"dbhLabel":"31 to 45.9 cm","wiresLabel":"Yes"}},{"type":"Feature","id":49180,"geometry":{"type":"Point","coordinates":[-63.6094049230763,44.6545530517267]},"properties":{"OBJECTID":49180,"ASSETID":"TRE135160","TREEID":"TRE135160","ASSETCODE":"TRE","ASSETSTAT":"INS","SP_SCIEN":"Fagus sylvatica","SP_COMM":"European Beech","DBH":1,"WIRES":"Y","OWNER":"HRM","MAINTBY":"HRM","MODDATE":1759832803000,"dbhLabel":"0 to 7.9 cm","wiresLabel":"Yes"}},{"type":"Feature","id":49186,"geometry":{"type":"Point","coordinates":[-63.6041593565017,44.6523034821654]},"properties":{"OBJECTID":49186,"ASSETID":"TRE134875","TREEID":"TRE134875","ASSETCODE":"TRE","ASSETSTAT":"INS","SP_SCIEN":"Ulmus americana","SP_COMM":"American Elm","DBH":5,"WIRES":"Y","OWNER":"HRM","MAINTBY":"HRM","MODDATE":1759832803000,"dbhLabel":"46 to 60.9 cm","wiresLabel":"Yes"}},{"type":"Feature","id":49197,"geometry":{"type":"Point","coordinates":[-63.6058547316661,44.6520755934317]},"properties":{"OBJECTID":49197,"ASSETID":"TRE134893","TREEID":"TRE134893","ASSETCODE":"TRE","ASSETSTAT":"INS","SP_SCIEN":"Robinia pseudoacacia","SP_COMM":"Black Locust","DBH":4,"WIRES":"Y","OWNER":"HRM","MAINTBY":"HRM","MODDATE":1759832803000,"dbhLabel":"31 to 45.9 cm","wiresLabel":"Yes"}},{"type":"Feature","id":49206,"geometry":{"type":"Point","coordinates":[-63.6049189449565,44.6527540442742]},"properties":{"OBJECTID":49206,"ASSETID":"TRE134909","TREEID":"TRE134909","ASSETCODE":"TRE","ASSETSTAT":"INS","SP_SCIEN":"Ginkgo biloba","SP_COMM":"Ginkgo","DBH":1,"WIRES":"Y","OWNER":"HRM","MAINTBY":"HRM","MODDATE":1759832803000,"dbhLabel":"0 to 7.9 cm","wiresLabel":"Yes"}},{"type":"Feature","id":49211,"geometry":{"type":"Point","coordinates":[-63.59200196079,44.6476144907898]},"properties":{"OBJECTID":49211,"ASSETID":"TRE135358","TREEID":"TRE135358","ASSETCODE":"TRE","ASSETSTAT":"INS","SP_SCIEN":"Acer rubrum","SP_COMM":"Red Maple","DBH":3,"WIRES":"N","OWNER":"HRM","MAINTBY":"HRM","MODDATE":1759832803000,"dbhLabel":"16 to 30.9cm","wiresLabel":"No"}},{"type":"Feature","id":49216,"geometry":{"type":"Point","coordinates":[-63.6067697735808,44.6524235929955]},"properties":{"OBJECTID":49216,"ASSETID":"TRE134978","TREEID":"TRE134978","ASSETCODE":"TRE","ASSETSTAT":"INS","SP_SCIEN":"Acer Platanoides","SP_COMM":"Norway Maple","DBH":3,"WIRES":"N","OWNER":"HRM","MAINTBY":"HRM","MODDATE":1759832803000,"dbhLabel":"16 to 30.9cm","wiresLabel":"No"}},{"type":"Feature","id":49224,"geometry":{"type":"Point","coordinates":[-63.604616634914,44.6519718185951]},"properties":{"OBJECTID":49224,"ASSETID":"TRE134871","TREEID":"TRE134871","ASSETCODE":"TRE","ASSETSTAT":"INS","SP_SCIEN":"Ulmus americana","SP_COMM":"American Elm","DBH":6,"WIRES":"Y","OWNER":"HRM","MAINTBY":"HRM","MODDATE":1759832803000,"dbhLabel":"61 to 76.9 cm","wiresLabel":"Yes"}},{"type":"Feature","id":49229,"geometry":{"type":"Point","coordinates":[-63.6039822653216,44.6525694666772]},"properties":{"OBJECTID":49229,"ASSETID":"TRE134681","TREEID":"TRE134681","ASSETCODE":"TRE","ASSETSTAT":"INS","SP_SCIEN":"Tilia (genus)","SP_COMM":"Linden","DBH":5,"WIRES":"N","OWNER":"HRM","MAINTBY":"HRM","MODDATE":1759832803000,"dbhLabel":"46 to 60.9 cm","wiresLabel":"No"}},{"type":"Feature","id":49231,"geometry":{"type":"Point","coordinates":[-63.5797307449386,44.6417390488476]},"properties":{"OBJECTID":49231,"ASSETID":"TRE133830","TREEID":"TRE133830","ASSETCODE":"TRE","ASSETSTAT":"INS","SP_SCIEN":"Ulmus americana","SP_COMM":"American Elm","DBH":2,"WIRES":"N","OWNER":"HRM","MAINTBY":"HRM","MODDATE":1759832803000,"dbhLabel":"8 to 15.9 cm","wiresLabel":"No"}},{"type":"Feature","id":49233,"geometry":{"type":"Point","coordinates":[-63.605748628953,44.6521974742604]},"properties":{"OBJECTID":49233,"ASSETID":"TRE134895","TREEID":"TRE134895","ASSETCODE":"TRE","ASSETSTAT":"INS","SP_SCIEN":"Acer Platanoides","SP_COMM":"Norway Maple","DBH":6,"WIRES":"Y","OWNER":"HRM","MAINTBY":"HRM","MODDATE":1759832803000,"dbhLabel":"61 to 76.9 cm","wiresLabel":"Yes"}},{"type":"Feature","id":49239,"geometry":{"type":"Point","coordinates":[-63.6037104099638,44.6516142138745]},"properties":{"OBJECTID":49239,"ASSETID":"TRE134846","TREEID":"TRE134846","ASSETCODE":"TRE","ASSETSTAT":"INS","SP_SCIEN":"Betula lenta","SP_COMM":"Black Birch","DBH":1,"WIRES":"Y","OWNER":"HRM","MAINTBY":"HRM","MODDATE":1759832803000,"dbhLabel":"0 to 7.9 cm","wiresLabel":"Yes"}},{"type":"Feature","id":49245,"geometry":{"type":"Point","coordinates":[-63.6074702717545,44.6529328584134]},"properties":{"OBJECTID":49245,"ASSETID":"TRE135038","TREEID":"TRE135038","ASSETCODE":"TRE","ASSETSTAT":"INS","SP_SCIEN":"Ulmus americana","SP_COMM":"American Elm","DBH":6,"WIRES":"Y","OWNER":"HRM","MAINTBY":"HRM","MODDATE":1759832803000,"dbhLabel":"61 to 76.9 cm","wiresLabel":"Yes"}},{"type":"Feature","id":49258,"geometry":{"type":"Point","coordinates":[-63.605719011498,44.6530416722757]},"properties":{"OBJECTID":49258,"ASSETID":"TRE134989","TREEID":"TRE134989","ASSETCODE":"TRE","ASSETSTAT":"INS","SP_SCIEN":"Acer Platanoides","SP_COMM":"Norway Maple","DBH":4,"WIRES":"Y","OWNER":"HRM","MAINTBY":"HRM","MODDATE":1759832803000,"dbhLabel":"31 to 45.9 cm","wiresLabel":"Yes"}},{"type":"Feature","id":49263,"geometry":{"type":"Point","coordinates":[-63.6059752694076,44.6513531361449]},"properties":{"OBJECTID":49263,"ASSETID":"TRE134535","TREEID":"TRE134535","ASSETCODE":"TRE","ASSETSTAT":"INS","SP_SCIEN":"Quercus macrocarpa","SP_COMM":"Bur Oak","DBH":2,"WIRES":"N","OWNER":"HRM","MAINTBY":"HRM","MODDATE":1759832803000,"dbhLabel":"8 to 15.9 cm","wiresLabel":"No"}},{"type":"Feature","id":49268,"geometry":{"type":"Point","coordinates":[-63.6054861969225,44.6533519871986]},"properties":{"OBJECTID":49268,"ASSETID":"TRE134968","TREEID":"TRE134968","ASSETCODE":"TRE","ASSETSTAT":"INS","SP_SCIEN":"Ginkgo biloba","SP_COMM":"Ginkgo","DBH":1,"WIRES":"N","OWNER":"HRM","MAINTBY":"HRM","MODDATE":1759832803000,"dbhLabel":"0 to 7.9 cm","wiresLabel":"No"}},{"type":"Feature","id":49272,"geometry":{"type":"Point","coordinates":[-63.6094433763603,44.654395891468]},"properties":{"OBJECTID":49272,"ASSETID":"TRE135158","TREEID":"TRE135158","ASSETCODE":"TRE","ASSETSTAT":"INS","SP_SCIEN":"Acer Platanoides","SP_COMM":"Norway Maple","DBH":6,"WIRES":"Y","OWNER":"HRM","MAINTBY":"HRM","MODDATE":1759832803000,"dbhLabel":"61 to 76.9 cm","wiresLabel":"Yes"}},{"type":"Feature","id":49274,"geometry":{"type":"Point","coordinates":[-63.5921942487698,44.6477660728463]},"properties":{"OBJECTID":49274,"ASSETID":"TRE135355","TREEID":"TRE135355","ASSETCODE":"TRE","ASSETSTAT":"INS","SP_SCIEN":"Aesculus x carnea","SP_COMM":"Red Horsechestnut","DBH":2,"WIRES":"N","OWNER":"HRM","MAINTBY":"HRM","MODDATE":1759832803000,"dbhLabel":"8 to 15.9 cm","wiresLabel":"No"}},{"type":"Feature","id":49277,"geometry":{"type":"Point","coordinates":[-63.6044716288608,44.6520751326764]},"properties":{"OBJECTID":49277,"ASSETID":"TRE134872","TREEID":"TRE134872","ASSETCODE":"TRE","ASSETSTAT":"INS","SP_SCIEN":"Ulmus americana","SP_COMM":"American Elm","DBH":7,"WIRES":"Y","OWNER":"HRM","MAINTBY":"HRM","MODDATE":1759832803000,"dbhLabel":"77 to 90.9 cm","wiresLabel":"Yes"}},{"type":"Feature","id":49278,"geometry":{"type":"Point","coordinates":[-63.5927259220606,44.6453952041408]},"properties":{"OBJECTID":49278,"ASSETID":"TRE133977","TREEID":"TRE133977","ASSETCODE":"TRE","ASSETSTAT":"INS","SP_SCIEN":"Ulmus americana","SP_COMM":"American Elm","DBH":5,"WIRES":"Y","OWNER":"HRM","MAINTBY":"HRM","MODDATE":1759832803000,"dbhLabel":"46 to 60.9 cm","wiresLabel":"Yes"}},{"type":"Feature","id":49294,"geometry":{"type":"Point","coordinates":[-63.6045226280161,44.6528690686784]},"properties":{"OBJECTID":49294,"ASSETID":"TRE134877","TREEID":"TRE134877","ASSETCODE":"TRE","ASSETSTAT":"INS","SP_SCIEN":"Acer Platanoides","SP_COMM":"Norway Maple","DBH":4,"WIRES":"N","OWNER":"HRM","MAINTBY":"HRM","MODDATE":1759832803000,"dbhLabel":"31 to 45.9 cm","wiresLabel":"No"}},{"type":"Feature","id":49295,"geometry":{"type":"Point","coordinates":[-63.60601214525,44.6528263257272]},"properties":{"OBJECTID":49295,"ASSETID":"TRE134986","TREEID":"TRE134986","ASSETCODE":"TRE","ASSETSTAT":"INS","SP_SCIEN":"Liguidambar styraciflua","SP_COMM":"Sweetgum","DBH":1,"WIRES":"Y","OWNER":"HRM","MAINTBY":"HRM","MODDATE":1759832803000,"dbhLabel":"0 to 7.9 cm","wiresLabel":"Yes"}},{"type":"Feature","id":49302,"geometry":{"type":"Point","coordinates":[-63.6094632677557,44.6542619236063]},"properties":{"OBJECTID":49302,"ASSETID":"TRE134562","TREEID":"TRE134562","ASSETCODE":"TRE","ASSETSTAT":"INS","SP_SCIEN":"Acer Platanoides","SP_COMM":"Norway Maple","DBH":5,"WIRES":"Y","OWNER":"HRM","MAINTBY":"HRM","MODDATE":1759832803000,"dbhLabel":"46 to 60.9 cm","wiresLabel":"Yes"}},{"type":"Feature","id":49316,"geometry":{"type":"Point","coordinates":[-63.6058879055512,44.65188512992]},"properties":{"OBJECTID":49316,"ASSETID":"TRE134889","TREEID":"TRE134889","ASSETCODE":"TRE","ASSETSTAT":"INS","SP_SCIEN":"Ulmus americana","SP_COMM":"American Elm","DBH":6,"WIRES":"N","OWNER":"HRM","MAINTBY":"HRM","MODDATE":1759832803000,"dbhLabel":"61 to 76.9 cm","wiresLabel":"No"}},{"type":"Feature","id":49346,"geometry":{"type":"Point","coordinates":[-63.5796003589666,44.6414818728856]},"properties":{"OBJECTID":49346,"ASSETID":"TRE133833","TREEID":"TRE133833","ASSETCODE":"TRE","ASSETSTAT":"INS","SP_SCIEN":"Celtis occidentalis","SP_COMM":"Northern Hackberry","DBH":3,"WIRES":"N","OWNER":"HRM","MAINTBY":"HRM","MODDATE":1759832803000,"dbhLabel":"16 to 30.9cm","wiresLabel":"No"}},{"type":"Feature","id":49351,"geometry":{"type":"Point","coordinates":[-63.6071876554779,44.6525164712995]},"properties":{"OBJECTID":49351,"ASSETID":"TRE134574","TREEID":"TRE134574","ASSETCODE":"TRE","ASSETSTAT":"INS","SP_SCIEN":"Ulmus americana","SP_COMM":"American Elm","DBH":7,"WIRES":"Y","OWNER":"HRM","MAINTBY":"HRM","MODDATE":1759832803000,"dbhLabel":"77 to 90.9 cm","wiresLabel":"Yes"}},{"type":"Feature","id":49355,"geometry":{"type":"Point","coordinates":[-63.6046467141029,44.651799969731]},"properties":{"OBJECTID":49355,"ASSETID":"TRE134856","TREEID":"TRE134856","ASSETCODE":"TRE","ASSETSTAT":"INS","SP_SCIEN":"Quercus rubra","SP_COMM":"Northern Red Oak","DBH":3,"WIRES":"N","OWNER":"HRM","MAINTBY":"HRM","MODDATE":1759832803000,"dbhLabel":"16 to 30.9cm","wiresLabel":"No"}},{"type":"Feature","id":49358,"geometry":{"type":"Point","coordinates":[-63.6055885725255,44.6531323583262]},"properties":{"OBJECTID":49358,"ASSETID":"TRE134990","TREEID":"TRE134990","ASSETCODE":"TRE","ASSETSTAT":"INS","SP_SCIEN":"Quercus rubra","SP_COMM":"Northern Red Oak","DBH":3,"WIRES":"Y","OWNER":"HRM","MAINTBY":"HRM","MODDATE":1759832803000,"dbhLabel":"16 to 30.9cm","wiresLabel":"Yes"}},{"type":"Feature","id":49359,"geometry":{"type":"Point","coordinates":[-63.6066845342401,44.6524866265903]},"properties":{"OBJECTID":49359,"ASSETID":"TRE134977","TREEID":"TRE134977","ASSETCODE":"TRE","ASSETSTAT":"INS","SP_SCIEN":"Pyrus ussuriensis","SP_COMM":"Ussurian Pear","DBH":3,"WIRES":"Y","OWNER":"HRM","MAINTBY":"HRM","MODDATE":1763665830000,"dbhLabel":"16 to 30.9cm","wiresLabel":"Yes"}},{"type":"Feature","id":49368,"geometry":{"type":"Point","coordinates":[-63.6039685067247,44.6512776856789]},"properties":{"OBJECTID":49368,"ASSETID":"TRE134830","TREEID":"TRE134830","ASSETCODE":"TRE","ASSETSTAT":"INS","SP_SCIEN":"Tilia (genus)","SP_COMM":"Linden","DBH":1,"WIRES":"N","OWNER":"HRM","MAINTBY":"HRM","MODDATE":1759832803000,"dbhLabel":"0 to 7.9 cm","wiresLabel":"No"}},{"type":"Feature","id":49374,"geometry":{"type":"Point","coordinates":[-63.5797452132045,44.6417671727055]},"properties":{"OBJECTID":49374,"ASSETID":"TRE133829","TREEID":"TRE133829","ASSETCODE":"TRE","ASSETSTAT":"INS","SP_SCIEN":"Unknown Species","SP_COMM":"Unknown Species","DBH":2,"WIRES":"N","OWNER":"HRM","MAINTBY":"HRM","MODDATE":1759832803000,"dbhLabel":"8 to 15.9 cm","wiresLabel":"No"}},{"type":"Feature","id":49380,"geometry":{"type":"Point","coordinates":[-63.5796317937134,44.641545907801]},"properties":{"OBJECTID":49380,"ASSETID":"TRE133832","TREEID":"TRE133832","ASSETCODE":"TRE","ASSETSTAT":"INS","SP_SCIEN":"Ulmus americana","SP_COMM":"American Elm","DBH":5,"WIRES":"N","OWNER":"HRM","MAINTBY":"HRM","MODDATE":1759832803000,"dbhLabel":"46 to 60.9 cm","wiresLabel":"No"}},{"type":"Feature","id":49389,"geometry":{"type":"Point","coordinates":[-63.5804250905509,44.6422737596612]},"properties":{"OBJECTID":49389,"ASSETID":"TRE141916","TREEID":"TRE141916","ASSETCODE":"TRE","ASSETSTAT":"INS","SP_SCIEN":"Ulmus glabra","SP_COMM":"Wych elm","DBH":null,"WIRES":null,"OWNER":null,"MAINTBY":null,"MODDATE":1759832803000,"dbhLabel":"Unknown diameter band","wiresLabel":"Unknown"}},{"type":"Feature","id":49392,"geometry":{"type":"Point","coordinates":[-63.6054650263262,44.6521899251742]},"properties":{"OBJECTID":49392,"ASSETID":"TRE134884","TREEID":"TRE134884","ASSETCODE":"TRE","ASSETSTAT":"INS","SP_SCIEN":"Acer Platanoides","SP_COMM":"Norway Maple","DBH":5,"WIRES":"Y","OWNER":"HRM","MAINTBY":"HRM","MODDATE":1759832803000,"dbhLabel":"46 to 60.9 cm","wiresLabel":"Yes"}},{"type":"Feature","id":49397,"geometry":{"type":"Point","coordinates":[-63.6040435942043,44.6513713147942]},"properties":{"OBJECTID":49397,"ASSETID":"TRE134843","TREEID":"TRE134843","ASSETCODE":"TRE","ASSETSTAT":"INS","SP_SCIEN":"Acer (genus)","SP_COMM":"Maple","DBH":3,"WIRES":"Y","OWNER":"HRM","MAINTBY":"HRM","MODDATE":1763664227000,"dbhLabel":"16 to 30.9cm","wiresLabel":"Yes"}},{"type":"Feature","id":49428,"geometry":{"type":"Point","coordinates":[-63.6049550051287,44.6517244393255]},"properties":{"OBJECTID":49428,"ASSETID":"TRE134868","TREEID":"TRE134868","ASSETCODE":"TRE","ASSETSTAT":"INS","SP_SCIEN":"Acer Platanoides","SP_COMM":"Norway Maple","DBH":6,"WIRES":"Y","OWNER":"HRM","MAINTBY":"HRM","MODDATE":1759832803000,"dbhLabel":"61 to 76.9 cm","wiresLabel":"Yes"}},{"type":"Feature","id":49447,"geometry":{"type":"Point","coordinates":[-63.6042534720957,44.6522340853652]},"properties":{"OBJECTID":49447,"ASSETID":"TRE134874","TREEID":"TRE134874","ASSETCODE":"TRE","ASSETSTAT":"INS","SP_SCIEN":"Ulmus americana","SP_COMM":"American Elm","DBH":5,"WIRES":"Y","OWNER":"HRM","MAINTBY":"HRM","MODDATE":1759832803000,"dbhLabel":"46 to 60.9 cm","wiresLabel":"Yes"}},{"type":"Feature","id":49454,"geometry":{"type":"Point","coordinates":[-63.6055038613942,44.6523291859411]},"properties":{"OBJECTID":49454,"ASSETID":"TRE134901","TREEID":"TRE134901","ASSETCODE":"TRE","ASSETSTAT":"INS","SP_SCIEN":"Robinia pseudoacacia","SP_COMM":"Black Locust","DBH":4,"WIRES":"Y","OWNER":"HRM","MAINTBY":"HRM","MODDATE":1759832803000,"dbhLabel":"31 to 45.9 cm","wiresLabel":"Yes"}},{"type":"Feature","id":49457,"geometry":{"type":"Point","coordinates":[-63.6068915851333,44.6521020929256]},"properties":{"OBJECTID":49457,"ASSETID":"TRE134547","TREEID":"TRE134547","ASSETCODE":"TRE","ASSETSTAT":"INS","SP_SCIEN":"Ulmus americana","SP_COMM":"American Elm","DBH":6,"WIRES":"Y","OWNER":"HRM","MAINTBY":"HRM","MODDATE":1759832803000,"dbhLabel":"61 to 76.9 cm","wiresLabel":"Yes"}},{"type":"Feature","id":49465,"geometry":{"type":"Point","coordinates":[-63.6044992511575,44.6508954983079]},"properties":{"OBJECTID":49465,"ASSETID":"TRE134835","TREEID":"TRE134835","ASSETCODE":"TRE","ASSETSTAT":"INS","SP_SCIEN":"Acer Platanoides","SP_COMM":"Norway Maple","DBH":6,"WIRES":"N","OWNER":"HRM","MAINTBY":"HRM","MODDATE":1759832803000,"dbhLabel":"61 to 76.9 cm","wiresLabel":"No"}},{"type":"Feature","id":49474,"geometry":{"type":"Point","coordinates":[-63.6053592200571,44.6514371121777]},"properties":{"OBJECTID":49474,"ASSETID":"TRE134864","TREEID":"TRE134864","ASSETCODE":"TRE","ASSETSTAT":"INS","SP_SCIEN":"Ulmus americana","SP_COMM":"American Elm","DBH":5,"WIRES":"Y","OWNER":"HRM","MAINTBY":"HRM","MODDATE":1759832803000,"dbhLabel":"46 to 60.9 cm","wiresLabel":"Yes"}},{"type":"Feature","id":49476,"geometry":{"type":"Point","coordinates":[-63.5811786019028,44.6430046210969]},"properties":{"OBJECTID":49476,"ASSETID":"TRE141903","TREEID":"TRE141903","ASSETCODE":"TRE","ASSETSTAT":"INS","SP_SCIEN":"Picea glauca","SP_COMM":"White Spruce","DBH":null,"WIRES":null,"OWNER":null,"MAINTBY":null,"MODDATE":1759832803000,"dbhLabel":"Unknown diameter band","wiresLabel":"Unknown"}},{"type":"Feature","id":49479,"geometry":{"type":"Point","coordinates":[-63.6065530316623,44.6518740551403]},"properties":{"OBJECTID":49479,"ASSETID":"TRE134545","TREEID":"TRE134545","ASSETCODE":"TRE","ASSETSTAT":"INS","SP_SCIEN":"Platanus hybrida","SP_COMM":"London Planetree","DBH":3,"WIRES":"Y","OWNER":"HRM","MAINTBY":"HRM","MODDATE":1759832803000,"dbhLabel":"16 to 30.9cm","wiresLabel":"Yes"}},{"type":"Feature","id":49488,"geometry":{"type":"Point","coordinates":[-63.6054507161637,44.6523662717748]},"properties":{"OBJECTID":49488,"ASSETID":"TRE134903","TREEID":"TRE134903","ASSETCODE":"TRE","ASSETSTAT":"INS","SP_SCIEN":"Robinia pseudoacacia","SP_COMM":"Black Locust","DBH":4,"WIRES":"Y","OWNER":"HRM","MAINTBY":"HRM","MODDATE":1759832803000,"dbhLabel":"31 to 45.9 cm","wiresLabel":"Yes"}},{"type":"Feature","id":49491,"geometry":{"type":"Point","coordinates":[-63.5794398749411,44.6411630855267]},"properties":{"OBJECTID":49491,"ASSETID":"TRE133836","TREEID":"TRE133836","ASSETCODE":"TRE","ASSETSTAT":"INS","SP_SCIEN":"Ulmus americana","SP_COMM":"American Elm","DBH":4,"WIRES":"N","OWNER":"HRM","MAINTBY":"HRM","MODDATE":1759832803000,"dbhLabel":"31 to 45.9 cm","wiresLabel":"No"}},{"type":"Feature","id":49498,"geometry":{"type":"Point","coordinates":[-63.6066137658604,44.6523896583386]},"properties":{"OBJECTID":49498,"ASSETID":"TRE134980","TREEID":"TRE134980","ASSETCODE":"TRE","ASSETSTAT":"INS","SP_SCIEN":"Acer Platanoides","SP_COMM":"Norway Maple","DBH":4,"WIRES":"Y","OWNER":"HRM","MAINTBY":"HRM","MODDATE":1759832803000,"dbhLabel":"31 to 45.9 cm","wiresLabel":"Yes"}},{"type":"Feature","id":49503,"geometry":{"type":"Point","coordinates":[-63.6071510985374,44.6530197493762]},"properties":{"OBJECTID":49503,"ASSETID":"TRE135041","TREEID":"TRE135041","ASSETCODE":"TRE","ASSETSTAT":"INS","SP_SCIEN":"Tilia (genus)","SP_COMM":"Linden","DBH":4,"WIRES":"N","OWNER":"HRM","MAINTBY":"HRM","MODDATE":1759832803000,"dbhLabel":"31 to 45.9 cm","wiresLabel":"No"}},{"type":"Feature","id":49507,"geometry":{"type":"Point","coordinates":[-63.6060060358077,44.6519683753856]},"properties":{"OBJECTID":49507,"ASSETID":"TRE134892","TREEID":"TRE134892","ASSETCODE":"TRE","ASSETSTAT":"INS","SP_SCIEN":"Syringa reticulata","SP_COMM":"Japanese Tree Lilac","DBH":2,"WIRES":"Y","OWNER":"HRM","MAINTBY":"HRM","MODDATE":1763667528000,"dbhLabel":"8 to 15.9 cm","wiresLabel":"Yes"}},{"type":"Feature","id":49518,"geometry":{"type":"Point","coordinates":[-63.6061490440077,44.6527303709269]},"properties":{"OBJECTID":49518,"ASSETID":"TRE134984","TREEID":"TRE134984","ASSETCODE":"TRE","ASSETSTAT":"INS","SP_SCIEN":"Acer Platanoides","SP_COMM":"Norway Maple","DBH":5,"WIRES":"Y","OWNER":"HRM","MAINTBY":"HRM","MODDATE":1759832803000,"dbhLabel":"46 to 60.9 cm","wiresLabel":"Yes"}},{"type":"Feature","id":49531,"geometry":{"type":"Point","coordinates":[-63.6089885458572,44.6548564347844]},"properties":{"OBJECTID":49531,"ASSETID":"TRE135163","TREEID":"TRE135163","ASSETCODE":"TRE","ASSETSTAT":"INS","SP_SCIEN":"Acer Platanoides","SP_COMM":"Norway Maple","DBH":5,"WIRES":"Y","OWNER":"HRM","MAINTBY":"HRM","MODDATE":1759832803000,"dbhLabel":"46 to 60.9 cm","wiresLabel":"Yes"}},{"type":"Feature","id":49534,"geometry":{"type":"Point","coordinates":[-63.6062247315619,44.6515696071505]},"properties":{"OBJECTID":49534,"ASSETID":"TRE134542","TREEID":"TRE134542","ASSETCODE":"TRE","ASSETSTAT":"INS","SP_SCIEN":"Pinus resinosa","SP_COMM":"Red Pine","DBH":4,"WIRES":"N","OWNER":"HRM","MAINTBY":"HRM","MODDATE":1759832803000,"dbhLabel":"31 to 45.9 cm","wiresLabel":"No"}},{"type":"Feature","id":49536,"geometry":{"type":"Point","coordinates":[-63.6052690777116,44.6524987198917]},"properties":{"OBJECTID":49536,"ASSETID":"TRE134905","TREEID":"TRE134905","ASSETCODE":"TRE","ASSETSTAT":"INS","SP_SCIEN":"Syringa reticulata","SP_COMM":"Japanese Tree Lilac","DBH":1,"WIRES":"Y","OWNER":"HRM","MAINTBY":"HRM","MODDATE":1763667528000,"dbhLabel":"0 to 7.9 cm","wiresLabel":"Yes"}},{"type":"Feature","id":49539,"geometry":{"type":"Point","coordinates":[-63.6037105761521,44.6514618130177]},"properties":{"OBJECTID":49539,"ASSETID":"TRE134828","TREEID":"TRE134828","ASSETCODE":"TRE","ASSETSTAT":"INS","SP_SCIEN":"Tilia (genus)","SP_COMM":"Linden","DBH":6,"WIRES":"Y","OWNER":"HRM","MAINTBY":"HRM","MODDATE":1759832803000,"dbhLabel":"61 to 76.9 cm","wiresLabel":"Yes"}},{"type":"Feature","id":49542,"geometry":{"type":"Point","coordinates":[-63.6039640097584,44.6527045088463]},"properties":{"OBJECTID":49542,"ASSETID":"TRE134627","TREEID":"TRE134627","ASSETCODE":"TRE","ASSETSTAT":"INS","SP_SCIEN":"Acer Platanoides","SP_COMM":"Norway Maple","DBH":6,"WIRES":"Y","OWNER":"HRM","MAINTBY":"HRM","MODDATE":1759832803000,"dbhLabel":"61 to 76.9 cm","wiresLabel":"Yes"}},{"type":"Feature","id":49550,"geometry":{"type":"Point","coordinates":[-63.6056241314377,44.6532568422893]},"properties":{"OBJECTID":49550,"ASSETID":"TRE134969","TREEID":"TRE134969","ASSETCODE":"TRE","ASSETSTAT":"INS","SP_SCIEN":"Acer rubrum","SP_COMM":"Red Maple","DBH":3,"WIRES":"Y","OWNER":"HRM","MAINTBY":"HRM","MODDATE":1759832803000,"dbhLabel":"16 to 30.9cm","wiresLabel":"Yes"}},{"type":"Feature","id":49553,"geometry":{"type":"Point","coordinates":[-63.6055333782378,44.6521396658603]},"properties":{"OBJECTID":49553,"ASSETID":"TRE134885","TREEID":"TRE134885","ASSETCODE":"TRE","ASSETSTAT":"INS","SP_SCIEN":"Fraxinus pennsylvanica","SP_COMM":"Green Ash","DBH":3,"WIRES":"N","OWNER":"HRM","MAINTBY":"HRM","MODDATE":1759832803000,"dbhLabel":"16 to 30.9cm","wiresLabel":"No"}},{"type":"Feature","id":49578,"geometry":{"type":"Point","coordinates":[-63.6051466588979,44.6508463134168]},"properties":{"OBJECTID":49578,"ASSETID":"TRE134526","TREEID":"TRE134526","ASSETCODE":"TRE","ASSETSTAT":"INS","SP_SCIEN":"Ulmus americana","SP_COMM":"American Elm","DBH":7,"WIRES":"Y","OWNER":"HRM","MAINTBY":"HRM","MODDATE":1759832803000,"dbhLabel":"77 to 90.9 cm","wiresLabel":"Yes"}},{"type":"Feature","id":49579,"geometry":{"type":"Point","coordinates":[-63.5926714356454,44.6452877187343]},"properties":{"OBJECTID":49579,"ASSETID":"TRE133976","TREEID":"TRE133976","ASSETCODE":"TRE","ASSETSTAT":"INS","SP_SCIEN":"Ulmus americana","SP_COMM":"American Elm","DBH":5,"WIRES":"Y","OWNER":"HRM","MAINTBY":"HRM","MODDATE":1759832803000,"dbhLabel":"46 to 60.9 cm","wiresLabel":"Yes"}},{"type":"Feature","id":49583,"geometry":{"type":"Point","coordinates":[-63.6048537847591,44.6526311549253]},"properties":{"OBJECTID":49583,"ASSETID":"TRE134879","TREEID":"TRE134879","ASSETCODE":"TRE","ASSETSTAT":"INS","SP_SCIEN":"Acer Platanoides","SP_COMM":"Norway Maple","DBH":5,"WIRES":"N","OWNER":"HRM","MAINTBY":"HRM","MODDATE":1759832803000,"dbhLabel":"46 to 60.9 cm","wiresLabel":"No"}},{"type":"Feature","id":49585,"geometry":{"type":"Point","coordinates":[-63.6043768530051,44.6528485036775]},"properties":{"OBJECTID":49585,"ASSETID":"TRE134678","TREEID":"TRE134678","ASSETCODE":"TRE","ASSETSTAT":"INS","SP_SCIEN":"Acer Platanoides","SP_COMM":"Norway Maple","DBH":9,"WIRES":"N","OWNER":"HRM","MAINTBY":"HRM","MODDATE":1759832803000,"dbhLabel":">107 cm","wiresLabel":"No"}},{"type":"Feature","id":49593,"geometry":{"type":"Point","coordinates":[-63.6056211948451,44.6522420511053]},"properties":{"OBJECTID":49593,"ASSETID":"TRE134897","TREEID":"TRE134897","ASSETCODE":"TRE","ASSETSTAT":"INS","SP_SCIEN":"Robinia pseudoacacia","SP_COMM":"Black Locust","DBH":4,"WIRES":"Y","OWNER":"HRM","MAINTBY":"HRM","MODDATE":1759832803000,"dbhLabel":"31 to 45.9 cm","wiresLabel":"Yes"}},{"type":"Feature","id":49595,"geometry":{"type":"Point","coordinates":[-63.6052543390527,44.6513622312218]},"properties":{"OBJECTID":49595,"ASSETID":"TRE134861","TREEID":"TRE134861","ASSETCODE":"TRE","ASSETSTAT":"INS","SP_SCIEN":"Ulmus americana","SP_COMM":"American Elm","DBH":6,"WIRES":"N","OWNER":"HRM","MAINTBY":"HRM","MODDATE":1759832803000,"dbhLabel":"61 to 76.9 cm","wiresLabel":"No"}},{"type":"Feature","id":49601,"geometry":{"type":"Point","coordinates":[-63.5807758656013,44.6424923079338]},"properties":{"OBJECTID":49601,"ASSETID":"TRE141908","TREEID":"TRE141908","ASSETCODE":"TRE","ASSETSTAT":"INS","SP_SCIEN":"Gymnocladus dioicus","SP_COMM":"Kentucky Coffeetree","DBH":null,"WIRES":null,"OWNER":null,"MAINTBY":null,"MODDATE":1759832803000,"dbhLabel":"Unknown diameter band","wiresLabel":"Unknown"}},{"type":"Feature","id":49604,"geometry":{"type":"Point","coordinates":[-63.6089689266514,44.6547436675098]},"properties":{"OBJECTID":49604,"ASSETID":"TRE135156","TREEID":"TRE135156","ASSETCODE":"TRE","ASSETSTAT":"INS","SP_SCIEN":"Acer Platanoides","SP_COMM":"Norway Maple","DBH":5,"WIRES":"Y","OWNER":"HRM","MAINTBY":"HRM","MODDATE":1759832803000,"dbhLabel":"46 to 60.9 cm","wiresLabel":"Yes"}},{"type":"Feature","id":49608,"geometry":{"type":"Point","coordinates":[-63.6043200857673,44.6520379987277]},"properties":{"OBJECTID":49608,"ASSETID":"TRE134853","TREEID":"TRE134853","ASSETCODE":"TRE","ASSETSTAT":"INS","SP_SCIEN":"Acer freemanii  ","SP_COMM":"Freeman Maple","DBH":3,"WIRES":"Y","OWNER":"HRM","MAINTBY":"HRM","MODDATE":1759832803000,"dbhLabel":"16 to 30.9cm","wiresLabel":"Yes"}},{"type":"Feature","id":49611,"geometry":{"type":"Point","coordinates":[-63.5932633257046,44.6457836815412]},"properties":{"OBJECTID":49611,"ASSETID":"TRE133681","TREEID":"TRE133681","ASSETCODE":"TRE","ASSETSTAT":"INS","SP_SCIEN":"Quercus rubra","SP_COMM":"Northern Red Oak","DBH":1,"WIRES":"Y","OWNER":"HRM","MAINTBY":"HRM","MODDATE":1759832803000,"dbhLabel":"0 to 7.9 cm","wiresLabel":"Yes"}},{"type":"Feature","id":49615,"geometry":{"type":"Point","coordinates":[-63.6061270712158,44.6529369687242]},"properties":{"OBJECTID":49615,"ASSETID":"TRE134974","TREEID":"TRE134974","ASSETCODE":"TRE","ASSETSTAT":"INS","SP_SCIEN":"Tilia (genus)","SP_COMM":"Linden","DBH":6,"WIRES":"Y","OWNER":"HRM","MAINTBY":"HRM","MODDATE":1759832803000,"dbhLabel":"61 to 76.9 cm","wiresLabel":"Yes"}},{"type":"Feature","id":49622,"geometry":{"type":"Point","coordinates":[-63.6041954705728,44.6511123499848]},"properties":{"OBJECTID":49622,"ASSETID":"TRE134832","TREEID":"TRE134832","ASSETCODE":"TRE","ASSETSTAT":"INS","SP_SCIEN":"Acer Platanoides","SP_COMM":"Norway Maple","DBH":6,"WIRES":"N","OWNER":"HRM","MAINTBY":"HRM","MODDATE":1759832803000,"dbhLabel":"61 to 76.9 cm","wiresLabel":"No"}},{"type":"Feature","id":49625,"geometry":{"type":"Point","coordinates":[-63.6048383975166,44.6528134688386]},"properties":{"OBJECTID":49625,"ASSETID":"TRE134910","TREEID":"TRE134910","ASSETCODE":"TRE","ASSETSTAT":"INS","SP_SCIEN":"Ginkgo biloba","SP_COMM":"Ginkgo","DBH":1,"WIRES":"Y","OWNER":"HRM","MAINTBY":"HRM","MODDATE":1759832803000,"dbhLabel":"0 to 7.9 cm","wiresLabel":"Yes"}},{"type":"Feature","id":49627,"geometry":{"type":"Point","coordinates":[-63.6048471057849,44.6516572925839]},"properties":{"OBJECTID":49627,"ASSETID":"TRE134858","TREEID":"TRE134858","ASSETCODE":"TRE","ASSETSTAT":"INS","SP_SCIEN":"Quercus alba","SP_COMM":"White Oak","DBH":3,"WIRES":"N","OWNER":"HRM","MAINTBY":"HRM","MODDATE":1759832803000,"dbhLabel":"16 to 30.9cm","wiresLabel":"No"}},{"type":"Feature","id":49628,"geometry":{"type":"Point","coordinates":[-63.6059433522655,44.6518467573652]},"properties":{"OBJECTID":49628,"ASSETID":"TRE134890","TREEID":"TRE134890","ASSETCODE":"TRE","ASSETSTAT":"INS","SP_SCIEN":"Syringa reticulata","SP_COMM":"Japanese Tree Lilac","DBH":1,"WIRES":"N","OWNER":"HRM","MAINTBY":"HRM","MODDATE":1763667528000,"dbhLabel":"0 to 7.9 cm","wiresLabel":"No"}},{"type":"Feature","id":49630,"geometry":{"type":"Point","coordinates":[-63.6068160790388,44.6534095368589]},"properties":{"OBJECTID":49630,"ASSETID":"TRE135032","TREEID":"TRE135032","ASSETCODE":"TRE","ASSETSTAT":"INS","SP_SCIEN":"Ulmus americana","SP_COMM":"American Elm","DBH":6,"WIRES":"Y","OWNER":"HRM","MAINTBY":"HRM","MODDATE":1759832803000,"dbhLabel":"61 to 76.9 cm","wiresLabel":"Yes"}},{"type":"Feature","id":49634,"geometry":{"type":"Point","coordinates":[-63.6064513414738,44.6517964913634]},"properties":{"OBJECTID":49634,"ASSETID":"TRE134544","TREEID":"TRE134544","ASSETCODE":"TRE","ASSETSTAT":"INS","SP_SCIEN":"Ulmus americana","SP_COMM":"American Elm","DBH":3,"WIRES":"Y","OWNER":"HRM","MAINTBY":"HRM","MODDATE":1759832803000,"dbhLabel":"16 to 30.9cm","wiresLabel":"Yes"}},{"type":"Feature","id":49664,"geometry":{"type":"Point","coordinates":[-63.6039097371422,44.651472798408]},"properties":{"OBJECTID":49664,"ASSETID":"TRE134844","TREEID":"TRE134844","ASSETCODE":"TRE","ASSETSTAT":"INS","SP_SCIEN":"Acer Platanoides","SP_COMM":"Norway Maple","DBH":6,"WIRES":"Y","OWNER":"HRM","MAINTBY":"HRM","MODDATE":1759832803000,"dbhLabel":"61 to 76.9 cm","wiresLabel":"Yes"}},{"type":"Feature","id":49672,"geometry":{"type":"Point","coordinates":[-63.6046689878304,44.6530564027775]},"properties":{"OBJECTID":49672,"ASSETID":"TRE134677","TREEID":"TRE134677","ASSETCODE":"TRE","ASSETSTAT":"INS","SP_SCIEN":"Ulmus americana","SP_COMM":"American Elm","DBH":7,"WIRES":"N","OWNER":"HRM","MAINTBY":"HRM","MODDATE":1759832803000,"dbhLabel":"77 to 90.9 cm","wiresLabel":"No"}},{"type":"Feature","id":49680,"geometry":{"type":"Point","coordinates":[-63.6068201349323,44.6532619188014]},"properties":{"OBJECTID":49680,"ASSETID":"TRE135044","TREEID":"TRE135044","ASSETCODE":"TRE","ASSETSTAT":"INS","SP_SCIEN":"Acer saccharum","SP_COMM":"Sugar Maple","DBH":2,"WIRES":"Y","OWNER":"HRM","MAINTBY":"HRM","MODDATE":1759832803000,"dbhLabel":"8 to 15.9 cm","wiresLabel":"Yes"}},{"type":"Feature","id":49682,"geometry":{"type":"Point","coordinates":[-63.6041810696805,44.6528577857591]},"properties":{"OBJECTID":49682,"ASSETID":"TRE134629","TREEID":"TRE134629","ASSETCODE":"TRE","ASSETSTAT":"INS","SP_SCIEN":"Ulmus americana","SP_COMM":"American Elm","DBH":6,"WIRES":"Y","OWNER":"HRM","MAINTBY":"HRM","MODDATE":1759832803000,"dbhLabel":"61 to 76.9 cm","wiresLabel":"Yes"}},{"type":"Feature","id":49686,"geometry":{"type":"Point","coordinates":[-63.6092134624448,44.6546955274872]},"properties":{"OBJECTID":49686,"ASSETID":"TRE135162","TREEID":"TRE135162","ASSETCODE":"TRE","ASSETSTAT":"INS","SP_SCIEN":"Acer Platanoides","SP_COMM":"Norway Maple","DBH":5,"WIRES":"Y","OWNER":"HRM","MAINTBY":"HRM","MODDATE":1759832803000,"dbhLabel":"46 to 60.9 cm","wiresLabel":"Yes"}},{"type":"Feature","id":49689,"geometry":{"type":"Point","coordinates":[-63.5795664502596,44.6414148306151]},"properties":{"OBJECTID":49689,"ASSETID":"TRE133834","TREEID":"TRE133834","ASSETCODE":"TRE","ASSETSTAT":"INS","SP_SCIEN":"Celtis occidentalis","SP_COMM":"Northern Hackberry","DBH":3,"WIRES":"N","OWNER":"HRM","MAINTBY":"HRM","MODDATE":1759832803000,"dbhLabel":"16 to 30.9cm","wiresLabel":"No"}},{"type":"Feature","id":49699,"geometry":{"type":"Point","coordinates":[-63.6039561719575,44.6522997641851]},"properties":{"OBJECTID":49699,"ASSETID":"TRE134851","TREEID":"TRE134851","ASSETCODE":"TRE","ASSETSTAT":"INS","SP_SCIEN":"Ulmus americana","SP_COMM":"American Elm","DBH":7,"WIRES":"N","OWNER":"HRM","MAINTBY":"HRM","MODDATE":1759832803000,"dbhLabel":"77 to 90.9 cm","wiresLabel":"No"}},{"type":"Feature","id":49702,"geometry":{"type":"Point","coordinates":[-63.5794725251085,44.6412299293063]},"properties":{"OBJECTID":49702,"ASSETID":"TRE133835","TREEID":"TRE133835","ASSETCODE":"TRE","ASSETSTAT":"INS","SP_SCIEN":"Ulmus americana","SP_COMM":"American Elm","DBH":5,"WIRES":"N","OWNER":"HRM","MAINTBY":"HRM","MODDATE":1759832803000,"dbhLabel":"46 to 60.9 cm","wiresLabel":"No"}},{"type":"Feature","id":49714,"geometry":{"type":"Point","coordinates":[-63.6063828655947,44.652700530801]},"properties":{"OBJECTID":49714,"ASSETID":"TRE134975","TREEID":"TRE134975","ASSETCODE":"TRE","ASSETSTAT":"INS","SP_SCIEN":"Carya cordiformis","SP_COMM":"Bitternut Hickory","DBH":3,"WIRES":"Y","OWNER":"HRM","MAINTBY":"HRM","MODDATE":1759832803000,"dbhLabel":"16 to 30.9cm","wiresLabel":"Yes"}},{"type":"Feature","id":49719,"geometry":{"type":"Point","coordinates":[-63.6057932904939,44.6531366251874]},"properties":{"OBJECTID":49719,"ASSETID":"TRE134971","TREEID":"TRE134971","ASSETCODE":"TRE","ASSETSTAT":"INS","SP_SCIEN":"Acer rubrum","SP_COMM":"Red Maple","DBH":1,"WIRES":"N","OWNER":"HRM","MAINTBY":"HRM","MODDATE":1759832803000,"dbhLabel":"0 to 7.9 cm","wiresLabel":"No"}},{"type":"Feature","id":49721,"geometry":{"type":"Point","coordinates":[-63.6053784709536,44.6512756272695]},"properties":{"OBJECTID":49721,"ASSETID":"TRE134862","TREEID":"TRE134862","ASSETCODE":"TRE","ASSETSTAT":"INS","SP_SCIEN":"Ulmus americana","SP_COMM":"American Elm","DBH":6,"WIRES":"N","OWNER":"HRM","MAINTBY":"HRM","MODDATE":1759832803000,"dbhLabel":"61 to 76.9 cm","wiresLabel":"No"}},{"type":"Feature","id":49723,"geometry":{"type":"Point","coordinates":[-63.5921565473757,44.6477422747561]},"properties":{"OBJECTID":49723,"ASSETID":"TRE135356","TREEID":"TRE135356","ASSETCODE":"TRE","ASSETSTAT":"INS","SP_SCIEN":"Aesculus x carnea","SP_COMM":"Red Horsechestnut","DBH":6,"WIRES":"Y","OWNER":"HRM","MAINTBY":"HRM","MODDATE":1759832803000,"dbhLabel":"61 to 76.9 cm","wiresLabel":"Yes"}},{"type":"Feature","id":49736,"geometry":{"type":"Point","coordinates":[-63.6052693049853,44.6533653897046]},"properties":{"OBJECTID":49736,"ASSETID":"TRE134992","TREEID":"TRE134992","ASSETCODE":"TRE","ASSETSTAT":"INS","SP_SCIEN":"Acer Platanoides","SP_COMM":"Norway Maple","DBH":5,"WIRES":"Y","OWNER":"HRM","MAINTBY":"HRM","MODDATE":1759832803000,"dbhLabel":"46 to 60.9 cm","wiresLabel":"Yes"}},{"type":"Feature","id":49746,"geometry":{"type":"Point","coordinates":[-63.6057351299692,44.6512848917091]},"properties":{"OBJECTID":49746,"ASSETID":"TRE134529","TREEID":"TRE134529","ASSETCODE":"TRE","ASSETSTAT":"INS","SP_SCIEN":"Acer Platanoides","SP_COMM":"Norway Maple","DBH":5,"WIRES":"Y","OWNER":"HRM","MAINTBY":"HRM","MODDATE":1759832803000,"dbhLabel":"46 to 60.9 cm","wiresLabel":"Yes"}},{"type":"Feature","id":49755,"geometry":{"type":"Point","coordinates":[-63.605503969192,44.6513379617039]},"properties":{"OBJECTID":49755,"ASSETID":"TRE134863","TREEID":"TRE134863","ASSETCODE":"TRE","ASSETSTAT":"INS","SP_SCIEN":"Ulmus americana","SP_COMM":"American Elm","DBH":6,"WIRES":"Y","OWNER":"HRM","MAINTBY":"HRM","MODDATE":1759832803000,"dbhLabel":"61 to 76.9 cm","wiresLabel":"Yes"}},{"type":"Feature","id":49762,"geometry":{"type":"Point","coordinates":[-63.6094981187954,44.654486793308]},"properties":{"OBJECTID":49762,"ASSETID":"TRE135159","TREEID":"TRE135159","ASSETCODE":"TRE","ASSETSTAT":"INS","SP_SCIEN":"Acer Platanoides","SP_COMM":"Norway Maple","DBH":5,"WIRES":"Y","OWNER":"HRM","MAINTBY":"HRM","MODDATE":1759832803000,"dbhLabel":"46 to 60.9 cm","wiresLabel":"Yes"}},{"type":"Feature","id":49764,"geometry":{"type":"Point","coordinates":[-63.5919820640048,44.6476615725905]},"properties":{"OBJECTID":49764,"ASSETID":"TRE135361","TREEID":"TRE135361","ASSETCODE":"TRE","ASSETSTAT":"INS","SP_SCIEN":"Ulmus americana","SP_COMM":"American Elm","DBH":4,"WIRES":"N","OWNER":"HRM","MAINTBY":"HRM","MODDATE":1759832803000,"dbhLabel":"31 to 45.9 cm","wiresLabel":"No"}},{"type":"Feature","id":49780,"geometry":{"type":"Point","coordinates":[-63.6070332278941,44.6531058100971]},"properties":{"OBJECTID":49780,"ASSETID":"TRE135042","TREEID":"TRE135042","ASSETCODE":"TRE","ASSETSTAT":"INS","SP_SCIEN":"Ulmus americana","SP_COMM":"American Elm","DBH":7,"WIRES":"Y","OWNER":"HRM","MAINTBY":"HRM","MODDATE":1759832803000,"dbhLabel":"77 to 90.9 cm","wiresLabel":"Yes"}},{"type":"Feature","id":49796,"geometry":{"type":"Point","coordinates":[-63.6043609609094,44.6521599965815]},"properties":{"OBJECTID":49796,"ASSETID":"TRE134873","TREEID":"TRE134873","ASSETCODE":"TRE","ASSETSTAT":"INS","SP_SCIEN":"Ulmus americana","SP_COMM":"American Elm","DBH":6,"WIRES":"Y","OWNER":"HRM","MAINTBY":"HRM","MODDATE":1759832803000,"dbhLabel":"61 to 76.9 cm","wiresLabel":"Yes"}},{"type":"Feature","id":49812,"geometry":{"type":"Point","coordinates":[-63.6065890406305,44.6534268406631]},"properties":{"OBJECTID":49812,"ASSETID":"TRE135046","TREEID":"TRE135046","ASSETCODE":"TRE","ASSETSTAT":"INS","SP_SCIEN":"Acer Platanoides","SP_COMM":"Norway Maple","DBH":5,"WIRES":"Y","OWNER":"HRM","MAINTBY":"HRM","MODDATE":1759832803000,"dbhLabel":"46 to 60.9 cm","wiresLabel":"Yes"}},{"type":"Feature","id":49825,"geometry":{"type":"Point","coordinates":[-63.6047846450249,44.6518499289844]},"properties":{"OBJECTID":49825,"ASSETID":"TRE134870","TREEID":"TRE134870","ASSETCODE":"TRE","ASSETSTAT":"INS","SP_SCIEN":"Ulmus americana","SP_COMM":"American Elm","DBH":7,"WIRES":"Y","OWNER":"HRM","MAINTBY":"HRM","MODDATE":1759832803000,"dbhLabel":"77 to 90.9 cm","wiresLabel":"Yes"}},{"type":"Feature","id":49843,"geometry":{"type":"Point","coordinates":[-63.6055721387457,44.6522837675369]},"properties":{"OBJECTID":49843,"ASSETID":"TRE134899","TREEID":"TRE134899","ASSETCODE":"TRE","ASSETSTAT":"INS","SP_SCIEN":"Robinia pseudoacacia","SP_COMM":"Black Locust","DBH":6,"WIRES":"Y","OWNER":"HRM","MAINTBY":"HRM","MODDATE":1759832803000,"dbhLabel":"61 to 76.9 cm","wiresLabel":"Yes"}},{"type":"Feature","id":49844,"geometry":{"type":"Point","coordinates":[-63.6047399511446,44.6508697472453]},"properties":{"OBJECTID":49844,"ASSETID":"TRE134837","TREEID":"TRE134837","ASSETCODE":"TRE","ASSETSTAT":"INS","SP_SCIEN":"Acer Platanoides","SP_COMM":"Norway Maple","DBH":6,"WIRES":"Y","OWNER":"HRM","MAINTBY":"HRM","MODDATE":1759832803000,"dbhLabel":"61 to 76.9 cm","wiresLabel":"Yes"}},{"type":"Feature","id":49854,"geometry":{"type":"Point","coordinates":[-63.6064670018042,44.6535173503768]},"properties":{"OBJECTID":49854,"ASSETID":"TRE135047","TREEID":"TRE135047","ASSETCODE":"TRE","ASSETSTAT":"INS","SP_SCIEN":"Acer Platanoides","SP_COMM":"Norway Maple","DBH":6,"WIRES":"Y","OWNER":"HRM","MAINTBY":"HRM","MODDATE":1759832803000,"dbhLabel":"61 to 76.9 cm","wiresLabel":"Yes"}},{"type":"Feature","id":49861,"geometry":{"type":"Point","coordinates":[-63.6053275733079,44.6522899969768]},"properties":{"OBJECTID":49861,"ASSETID":"TRE134883","TREEID":"TRE134883","ASSETCODE":"TRE","ASSETSTAT":"INS","SP_SCIEN":"Acer saccharum","SP_COMM":"Sugar Maple","DBH":2,"WIRES":"N","OWNER":"HRM","MAINTBY":"HRM","MODDATE":1759832803000,"dbhLabel":"8 to 15.9 cm","wiresLabel":"No"}},{"type":"Feature","id":49871,"geometry":{"type":"Point","coordinates":[-63.6064790230593,44.6526343789032]},"properties":{"OBJECTID":49871,"ASSETID":"TRE134976","TREEID":"TRE134976","ASSETCODE":"TRE","ASSETSTAT":"INS","SP_SCIEN":"Acer rubrum","SP_COMM":"Red Maple","DBH":1,"WIRES":"N","OWNER":"HRM","MAINTBY":"HRM","MODDATE":1759832803000,"dbhLabel":"0 to 7.9 cm","wiresLabel":"No"}},{"type":"Feature","id":49873,"geometry":{"type":"Point","coordinates":[-63.6049467675775,44.6527337699971]},"properties":{"OBJECTID":49873,"ASSETID":"TRE134908","TREEID":"TRE134908","ASSETCODE":"TRE","ASSETSTAT":"INS","SP_SCIEN":"Acer saccharum","SP_COMM":"Sugar Maple","DBH":2,"WIRES":"Y","OWNER":"HRM","MAINTBY":"HRM","MODDATE":1759832803000,"dbhLabel":"8 to 15.9 cm","wiresLabel":"Yes"}},{"type":"Feature","id":49886,"geometry":{"type":"Point","coordinates":[-63.6066985156192,44.6533506592812]},"properties":{"OBJECTID":49886,"ASSETID":"TRE135045","TREEID":"TRE135045","ASSETCODE":"TRE","ASSETSTAT":"INS","SP_SCIEN":"Acer Platanoides","SP_COMM":"Norway Maple","DBH":4,"WIRES":"N","OWNER":"HRM","MAINTBY":"HRM","MODDATE":1759832803000,"dbhLabel":"31 to 45.9 cm","wiresLabel":"No"}},{"type":"Feature","id":49889,"geometry":{"type":"Point","coordinates":[-63.609035574459,44.6539326791005]},"properties":{"OBJECTID":49889,"ASSETID":"TRE134566","TREEID":"TRE134566","ASSETCODE":"TRE","ASSETSTAT":"INS","SP_SCIEN":"Acer Platanoides","SP_COMM":"Norway Maple","DBH":5,"WIRES":"Y","OWNER":"HRM","MAINTBY":"HRM","MODDATE":1759832803000,"dbhLabel":"46 to 60.9 cm","wiresLabel":"Yes"}},{"type":"Feature","id":49917,"geometry":{"type":"Point","coordinates":[-63.6056756570058,44.6520372740442]},"properties":{"OBJECTID":49917,"ASSETID":"TRE134887","TREEID":"TRE134887","ASSETCODE":"TRE","ASSETSTAT":"INS","SP_SCIEN":"Acer rubrum","SP_COMM":"Red Maple","DBH":2,"WIRES":"N","OWNER":"HRM","MAINTBY":"HRM","MODDATE":1763666663000,"dbhLabel":"8 to 15.9 cm","wiresLabel":"No"}},{"type":"Feature","id":49925,"geometry":{"type":"Point","coordinates":[-63.6041354505354,44.6513093427419]},"properties":{"OBJECTID":49925,"ASSETID":"TRE134842","TREEID":"TRE134842","ASSETCODE":"TRE","ASSETSTAT":"INS","SP_SCIEN":"Acer Platanoides","SP_COMM":"Norway Maple","DBH":6,"WIRES":"Y","OWNER":"HRM","MAINTBY":"HRM","MODDATE":1759832803000,"dbhLabel":"61 to 76.9 cm","wiresLabel":"Yes"}},{"type":"Feature","id":49928,"geometry":{"type":"Point","coordinates":[-63.6052833726027,44.651491947747]},"properties":{"OBJECTID":49928,"ASSETID":"TRE134865","TREEID":"TRE134865","ASSETCODE":"TRE","ASSETSTAT":"INS","SP_SCIEN":"Acer Platanoides","SP_COMM":"Norway Maple","DBH":6,"WIRES":"Y","OWNER":"HRM","MAINTBY":"HRM","MODDATE":1759832803000,"dbhLabel":"61 to 76.9 cm","wiresLabel":"Yes"}},{"type":"Feature","id":49944,"geometry":{"type":"Point","coordinates":[-63.6069055036303,44.6533442139609]},"properties":{"OBJECTID":49944,"ASSETID":"TRE135033","TREEID":"TRE135033","ASSETCODE":"TRE","ASSETSTAT":"INS","SP_SCIEN":"Ulmus americana","SP_COMM":"American Elm","DBH":7,"WIRES":"Y","OWNER":"HRM","MAINTBY":"HRM","MODDATE":1759832803000,"dbhLabel":"77 to 90.9 cm","wiresLabel":"Yes"}},{"type":"Feature","id":49948,"geometry":{"type":"Point","coordinates":[-63.6042858069544,44.651049187084]},"properties":{"OBJECTID":49948,"ASSETID":"TRE134833","TREEID":"TRE134833","ASSETCODE":"TRE","ASSETSTAT":"INS","SP_SCIEN":"Acer Platanoides","SP_COMM":"Norway Maple","DBH":6,"WIRES":"Y","OWNER":"HRM","MAINTBY":"HRM","MODDATE":1759832803000,"dbhLabel":"61 to 76.9 cm","wiresLabel":"Yes"}},{"type":"Feature","id":49950,"geometry":{"type":"Point","coordinates":[-63.6059025849213,44.6530558078318]},"properties":{"OBJECTID":49950,"ASSETID":"TRE134972","TREEID":"TRE134972","ASSETCODE":"TRE","ASSETSTAT":"INS","SP_SCIEN":"Ulmus americana","SP_COMM":"American Elm","DBH":2,"WIRES":"N","OWNER":"HRM","MAINTBY":"HRM","MODDATE":1759832803000,"dbhLabel":"8 to 15.9 cm","wiresLabel":"No"}},{"type":"Feature","id":49965,"geometry":{"type":"Point","coordinates":[-63.6052768625118,44.6509387622403]},"properties":{"OBJECTID":49965,"ASSETID":"TRE134527","TREEID":"TRE134527","ASSETCODE":"TRE","ASSETSTAT":"INS","SP_SCIEN":"Ulmus americana","SP_COMM":"American Elm","DBH":6,"WIRES":"Y","OWNER":"HRM","MAINTBY":"HRM","MODDATE":1759832803000,"dbhLabel":"61 to 76.9 cm","wiresLabel":"Yes"}},{"type":"Feature","id":49974,"geometry":{"type":"Point","coordinates":[-63.6069974201485,44.6532808189643]},"properties":{"OBJECTID":49974,"ASSETID":"TRE135034","TREEID":"TRE135034","ASSETCODE":"TRE","ASSETSTAT":"INS","SP_SCIEN":"Ulmus americana","SP_COMM":"American Elm","DBH":8,"WIRES":"Y","OWNER":"HRM","MAINTBY":"HRM","MODDATE":1759832803000,"dbhLabel":"91 to 106.9 cm","wiresLabel":"Yes"}},{"type":"Feature","id":49984,"geometry":{"type":"Point","coordinates":[-63.6045537537424,44.6518656407348]},"properties":{"OBJECTID":49984,"ASSETID":"TRE134855","TREEID":"TRE134855","ASSETCODE":"TRE","ASSETSTAT":"INS","SP_SCIEN":"Ulmus americana","SP_COMM":"American Elm","DBH":6,"WIRES":"N","OWNER":"HRM","MAINTBY":"HRM","MODDATE":1759832803000,"dbhLabel":"61 to 76.9 cm","wiresLabel":"No"}},{"type":"Feature","id":49985,"geometry":{"type":"Point","coordinates":[-63.6056353684636,44.6520680079038]},"properties":{"OBJECTID":49985,"ASSETID":"TRE134886","TREEID":"TRE134886","ASSETCODE":"TRE","ASSETSTAT":"INS","SP_SCIEN":"Acer rubrum","SP_COMM":"Red Maple","DBH":3,"WIRES":"N","OWNER":"HRM","MAINTBY":"HRM","MODDATE":1759832803000,"dbhLabel":"16 to 30.9cm","wiresLabel":"No"}},{"type":"Feature","id":49997,"geometry":{"type":"Point","coordinates":[-63.6092406086344,44.6539040754777]},"properties":{"OBJECTID":49997,"ASSETID":"TRE134560","TREEID":"TRE134560","ASSETCODE":"TRE","ASSETSTAT":"INS","SP_SCIEN":"Acer Platanoides","SP_COMM":"Norway Maple","DBH":3,"WIRES":"Y","OWNER":"HRM","MAINTBY":"HRM","MODDATE":1759832803000,"dbhLabel":"16 to 30.9cm","wiresLabel":"Yes"}},{"type":"Feature","id":49999,"geometry":{"type":"Point","coordinates":[-63.6091209548352,44.6539988097074]},"properties":{"OBJECTID":49999,"ASSETID":"TRE134565","TREEID":"TRE134565","ASSETCODE":"TRE","ASSETSTAT":"INS","SP_SCIEN":"Ulmus americana","SP_COMM":"American Elm","DBH":5,"WIRES":"Y","OWNER":"HRM","MAINTBY":"HRM","MODDATE":1759832803000,"dbhLabel":"46 to 60.9 cm","wiresLabel":"Yes"}},{"type":"Feature","id":50039,"geometry":{"type":"Point","coordinates":[-63.5808203735304,44.6425874340701]},"properties":{"OBJECTID":50039,"ASSETID":"TRE142027","TREEID":"TRE142027","ASSETCODE":"TRE","ASSETSTAT":"INS","SP_SCIEN":"Quercus robur","SP_COMM":"English Oak","DBH":null,"WIRES":null,"OWNER":null,"MAINTBY":null,"MODDATE":1759832803000,"dbhLabel":"Unknown diameter band","wiresLabel":"Unknown"}},{"type":"Feature","id":50051,"geometry":{"type":"Point","coordinates":[-63.5811310019725,44.6420755972325]},"properties":{"OBJECTID":50051,"ASSETID":"TRE141951","TREEID":"TRE141951","ASSETCODE":"TRE","ASSETSTAT":"INS","SP_SCIEN":"Ulmus glabra","SP_COMM":"Wych elm","DBH":null,"WIRES":null,"OWNER":null,"MAINTBY":null,"MODDATE":1759832803000,"dbhLabel":"Unknown diameter band","wiresLabel":"Unknown"}},{"type":"Feature","id":50101,"geometry":{"type":"Point","coordinates":[-63.580203939701,44.6425152082466]},"properties":{"OBJECTID":50101,"ASSETID":"TRE142326","TREEID":"TRE142326","ASSETCODE":"TRE","ASSETSTAT":"INS","SP_SCIEN":"Tsuga canadensis","SP_COMM":"Eastern Hemlock","DBH":null,"WIRES":null,"OWNER":null,"MAINTBY":null,"MODDATE":1759832803000,"dbhLabel":"Unknown diameter band","wiresLabel":"Unknown"}},{"type":"Feature","id":50140,"geometry":{"type":"Point","coordinates":[-63.5810159780903,44.6426150148744]},"properties":{"OBJECTID":50140,"ASSETID":"TRE142341","TREEID":"TRE142341","ASSETCODE":"TRE","ASSETSTAT":"INS","SP_SCIEN":"Chamaecyparis pisifera","SP_COMM":"Sawara False Cypress","DBH":null,"WIRES":null,"OWNER":null,"MAINTBY":null,"MODDATE":1759832803000,"dbhLabel":"Unknown diameter band","wiresLabel":"Unknown"}},{"type":"Feature","id":50172,"geometry":{"type":"Point","coordinates":[-63.5804808804216,44.6426521081977]},"properties":{"OBJECTID":50172,"ASSETID":"TRE142209","TREEID":"TRE142209","ASSETCODE":"TRE","ASSETSTAT":"INS","SP_SCIEN":"Quercus rubra","SP_COMM":"Northern Red Oak","DBH":null,"WIRES":null,"OWNER":null,"MAINTBY":null,"MODDATE":1759832803000,"dbhLabel":"Unknown diameter band","wiresLabel":"Unknown"}},{"type":"Feature","id":50180,"geometry":{"type":"Point","coordinates":[-63.5806366186475,44.6428577563222]},"properties":{"OBJECTID":50180,"ASSETID":"TRE141957","TREEID":"TRE141957","ASSETCODE":"TRE","ASSETSTAT":"INS","SP_SCIEN":"Magnolia tripetala","SP_COMM":"Umbrella Magnolia","DBH":null,"WIRES":null,"OWNER":null,"MAINTBY":null,"MODDATE":1759832803000,"dbhLabel":"Unknown diameter band","wiresLabel":"Unknown"}},{"type":"Feature","id":50210,"geometry":{"type":"Point","coordinates":[-63.5810779070477,44.6426383401764]},"properties":{"OBJECTID":50210,"ASSETID":"TRE142345","TREEID":"TRE142345","ASSETCODE":"TRE","ASSETSTAT":"INS","SP_SCIEN":"Chamaecyparis pisifera","SP_COMM":"Sawara False Cypress","DBH":null,"WIRES":null,"OWNER":null,"MAINTBY":null,"MODDATE":1759832803000,"dbhLabel":"Unknown diameter band","wiresLabel":"Unknown"}},{"type":"Feature","id":50224,"geometry":{"type":"Point","coordinates":[-63.5806322456487,44.6426462183919]},"properties":{"OBJECTID":50224,"ASSETID":"TRE141910","TREEID":"TRE141910","ASSETCODE":"TRE","ASSETSTAT":"INS","SP_SCIEN":"Acer Platanoides","SP_COMM":"Norway Maple","DBH":null,"WIRES":null,"OWNER":null,"MAINTBY":null,"MODDATE":1759832803000,"dbhLabel":"Unknown diameter band","wiresLabel":"Unknown"}},{"type":"Feature","id":50241,"geometry":{"type":"Point","coordinates":[-63.5807194945206,44.6426293709233]},"properties":{"OBJECTID":50241,"ASSETID":"TRE142365","TREEID":"TRE142365","ASSETCODE":"TRE","ASSETSTAT":"INS","SP_SCIEN":"Pinus sylvestris","SP_COMM":"Scotch Pine","DBH":null,"WIRES":null,"OWNER":null,"MAINTBY":null,"MODDATE":1759832803000,"dbhLabel":"Unknown diameter band","wiresLabel":"Unknown"}},{"type":"Feature","id":50246,"geometry":{"type":"Point","coordinates":[-63.5810672395536,44.642161932413]},"properties":{"OBJECTID":50246,"ASSETID":"TRE141871","TREEID":"TRE141871","ASSETCODE":"TRE","ASSETSTAT":"INS","SP_SCIEN":"Tilia europaea","SP_COMM":"European Linden","DBH":null,"WIRES":null,"OWNER":null,"MAINTBY":null,"MODDATE":1759832803000,"dbhLabel":"Unknown diameter band","wiresLabel":"Unknown"}},{"type":"Feature","id":50325,"geometry":{"type":"Point","coordinates":[-63.5809692701871,44.6421154252275]},"properties":{"OBJECTID":50325,"ASSETID":"TRE142078","TREEID":"TRE142078","ASSETCODE":"TRE","ASSETSTAT":"INS","SP_SCIEN":"Acer Platanoides","SP_COMM":"Norway Maple","DBH":null,"WIRES":null,"OWNER":null,"MAINTBY":null,"MODDATE":1759832803000,"dbhLabel":"Unknown diameter band","wiresLabel":"Unknown"}},{"type":"Feature","id":50359,"geometry":{"type":"Point","coordinates":[-63.5809849682467,44.6429695061703]},"properties":{"OBJECTID":50359,"ASSETID":"TRE141998","TREEID":"TRE141998","ASSETCODE":"TRE","ASSETSTAT":"INS","SP_SCIEN":"Thuja occidentalis","SP_COMM":"Northern White Cedar","DBH":null,"WIRES":null,"OWNER":null,"MAINTBY":null,"MODDATE":1759832803000,"dbhLabel":"Unknown diameter band","wiresLabel":"Unknown"}},{"type":"Feature","id":50360,"geometry":{"type":"Point","coordinates":[-63.5810081735271,44.642291047613]},"properties":{"OBJECTID":50360,"ASSETID":"TRE142204","TREEID":"TRE142204","ASSETCODE":"TRE","ASSETSTAT":"INS","SP_SCIEN":"Acer Platanoides","SP_COMM":"Norway Maple","DBH":null,"WIRES":null,"OWNER":null,"MAINTBY":null,"MODDATE":1759832803000,"dbhLabel":"Unknown diameter band","wiresLabel":"Unknown"}},{"type":"Feature","id":50371,"geometry":{"type":"Point","coordinates":[-63.5810380766463,44.64226240693]},"properties":{"OBJECTID":50371,"ASSETID":"TRE141945","TREEID":"TRE141945","ASSETCODE":"TRE","ASSETSTAT":"INS","SP_SCIEN":"Sorbus aucuparia","SP_COMM":"European Mountain Ash","DBH":null,"WIRES":null,"OWNER":null,"MAINTBY":null,"MODDATE":1759832803000,"dbhLabel":"Unknown diameter band","wiresLabel":"Unknown"}},{"type":"Feature","id":50374,"geometry":{"type":"Point","coordinates":[-63.5804790882826,44.6428976617568]},"properties":{"OBJECTID":50374,"ASSETID":"TRE141972","TREEID":"TRE141972","ASSETCODE":"TRE","ASSETSTAT":"INS","SP_SCIEN":"Amelanchier canadensis","SP_COMM":"Eastern Serviceberry","DBH":null,"WIRES":null,"OWNER":null,"MAINTBY":null,"MODDATE":1759832803000,"dbhLabel":"Unknown diameter band","wiresLabel":"Unknown"}},{"type":"Feature","id":50376,"geometry":{"type":"Point","coordinates":[-63.5802529958003,44.6423151214992]},"properties":{"OBJECTID":50376,"ASSETID":"TRE142074","TREEID":"TRE142074","ASSETCODE":"TRE","ASSETSTAT":"INS","SP_SCIEN":"Ulmus glabra","SP_COMM":"Wych elm","DBH":null,"WIRES":null,"OWNER":null,"MAINTBY":null,"MODDATE":1759832803000,"dbhLabel":"Unknown diameter band","wiresLabel":"Unknown"}},{"type":"Feature","id":50396,"geometry":{"type":"Point","coordinates":[-63.5803252895195,44.6425317400056]},"properties":{"OBJECTID":50396,"ASSETID":"TRE142340","TREEID":"TRE142340","ASSETCODE":"TRE","ASSETSTAT":"INS","SP_SCIEN":"Tsuga canadensis","SP_COMM":"Eastern Hemlock","DBH":null,"WIRES":null,"OWNER":null,"MAINTBY":null,"MODDATE":1759832803000,"dbhLabel":"Unknown diameter band","wiresLabel":"Unknown"}},{"type":"Feature","id":50413,"geometry":{"type":"Point","coordinates":[-63.5802451049989,44.6427657170986]},"properties":{"OBJECTID":50413,"ASSETID":"TRE142287","TREEID":"TRE142287","ASSETCODE":"TRE","ASSETSTAT":"INS","SP_SCIEN":"Aesculus Hippocastanum","SP_COMM":"Horsechestnut","DBH":null,"WIRES":null,"OWNER":null,"MAINTBY":null,"MODDATE":1759832803000,"dbhLabel":"Unknown diameter band","wiresLabel":"Unknown"}},{"type":"Feature","id":50415,"geometry":{"type":"Point","coordinates":[-63.5808549703469,44.642288072971]},"properties":{"OBJECTID":50415,"ASSETID":"TRE141929","TREEID":"TRE141929","ASSETCODE":"TRE","ASSETSTAT":"INS","SP_SCIEN":"Acer Platanoides","SP_COMM":"Norway Maple","DBH":null,"WIRES":null,"OWNER":null,"MAINTBY":null,"MODDATE":1759832803000,"dbhLabel":"Unknown diameter band","wiresLabel":"Unknown"}},{"type":"Feature","id":50420,"geometry":{"type":"Point","coordinates":[-63.5803691389834,44.6429948676629]},"properties":{"OBJECTID":50420,"ASSETID":"TRE142288","TREEID":"TRE142288","ASSETCODE":"TRE","ASSETSTAT":"INS","SP_SCIEN":"Syringa vulgaris","SP_COMM":"Common Lilac","DBH":null,"WIRES":null,"OWNER":null,"MAINTBY":null,"MODDATE":1759832803000,"dbhLabel":"Unknown diameter band","wiresLabel":"Unknown"}},{"type":"Feature","id":50442,"geometry":{"type":"Point","coordinates":[-63.5810445400247,44.6426801753674]},"properties":{"OBJECTID":50442,"ASSETID":"TRE142359","TREEID":"TRE142359","ASSETCODE":"TRE","ASSETSTAT":"INS","SP_SCIEN":"Chamaecyparis pisifera","SP_COMM":"Sawara False Cypress","DBH":null,"WIRES":null,"OWNER":null,"MAINTBY":null,"MODDATE":1759832803000,"dbhLabel":"Unknown diameter band","wiresLabel":"Unknown"}},{"type":"Feature","id":50443,"geometry":{"type":"Point","coordinates":[-63.5804075949624,44.6425770433285]},"properties":{"OBJECTID":50443,"ASSETID":"TRE142052","TREEID":"TRE142052","ASSETCODE":"TRE","ASSETSTAT":"INS","SP_SCIEN":"Quercus robur","SP_COMM":"English Oak","DBH":null,"WIRES":null,"OWNER":null,"MAINTBY":null,"MODDATE":1759832803000,"dbhLabel":"Unknown diameter band","wiresLabel":"Unknown"}},{"type":"Feature","id":50445,"geometry":{"type":"Point","coordinates":[-63.5806262781402,44.6427367072193]},"properties":{"OBJECTID":50445,"ASSETID":"TRE142191","TREEID":"TRE142191","ASSETCODE":"TRE","ASSETSTAT":"INS","SP_SCIEN":"Ulmus glabra","SP_COMM":"Wych elm","DBH":null,"WIRES":null,"OWNER":null,"MAINTBY":null,"MODDATE":1759832803000,"dbhLabel":"Unknown diameter band","wiresLabel":"Unknown"}},{"type":"Feature","id":50477,"geometry":{"type":"Point","coordinates":[-63.5807461475351,44.6429449480793]},"properties":{"OBJECTID":50477,"ASSETID":"TRE141963","TREEID":"TRE141963","ASSETCODE":"TRE","ASSETSTAT":"INS","SP_SCIEN":"Acer palmatum","SP_COMM":"Japanese Maple","DBH":null,"WIRES":null,"OWNER":null,"MAINTBY":null,"MODDATE":1759832803000,"dbhLabel":"Unknown diameter band","wiresLabel":"Unknown"}},{"type":"Feature","id":50481,"geometry":{"type":"Point","coordinates":[-63.5811593563961,44.6426189610146]},"properties":{"OBJECTID":50481,"ASSETID":"TRE142007","TREEID":"TRE142007","ASSETCODE":"TRE","ASSETSTAT":"INS","SP_SCIEN":"Cercidiphyllum japonicum","SP_COMM":"Katsura Tree","DBH":null,"WIRES":null,"OWNER":null,"MAINTBY":null,"MODDATE":1759832803000,"dbhLabel":"Unknown diameter band","wiresLabel":"Unknown"}},{"type":"Feature","id":50497,"geometry":{"type":"Point","coordinates":[-63.5807813246633,44.6427371456784]},"properties":{"OBJECTID":50497,"ASSETID":"TRE142129","TREEID":"TRE142129","ASSETCODE":"TRE","ASSETSTAT":"INS","SP_SCIEN":"Ulmus glabra","SP_COMM":"Wych elm","DBH":null,"WIRES":null,"OWNER":null,"MAINTBY":null,"MODDATE":1759832803000,"dbhLabel":"Unknown diameter band","wiresLabel":"Unknown"}},{"type":"Feature","id":50503,"geometry":{"type":"Point","coordinates":[-63.5809909294669,44.6427720594125]},"properties":{"OBJECTID":50503,"ASSETID":"TRE141958","TREEID":"TRE141958","ASSETCODE":"TRE","ASSETSTAT":"INS","SP_SCIEN":"Castanea dentata","SP_COMM":"American Chestnut","DBH":null,"WIRES":null,"OWNER":null,"MAINTBY":null,"MODDATE":1759832803000,"dbhLabel":"Unknown diameter band","wiresLabel":"Unknown"}},{"type":"Feature","id":50514,"geometry":{"type":"Point","coordinates":[-63.5810218449874,44.6428328338672]},"properties":{"OBJECTID":50514,"ASSETID":"TRE141973","TREEID":"TRE141973","ASSETCODE":"TRE","ASSETSTAT":"INS","SP_SCIEN":"Juglans cinerea","SP_COMM":"Butternut","DBH":null,"WIRES":null,"OWNER":null,"MAINTBY":null,"MODDATE":1759832803000,"dbhLabel":"Unknown diameter band","wiresLabel":"Unknown"}},{"type":"Feature","id":50517,"geometry":{"type":"Point","coordinates":[-63.5803693590707,44.6426972893483]},"properties":{"OBJECTID":50517,"ASSETID":"TRE141995","TREEID":"TRE141995","ASSETCODE":"TRE","ASSETSTAT":"INS","SP_SCIEN":"Cercis canadensis","SP_COMM":"Eastern Redbud","DBH":null,"WIRES":null,"OWNER":null,"MAINTBY":null,"MODDATE":1759832803000,"dbhLabel":"Unknown diameter band","wiresLabel":"Unknown"}},{"type":"Feature","id":50536,"geometry":{"type":"Point","coordinates":[-63.5812908517874,44.6421142459772]},"properties":{"OBJECTID":50536,"ASSETID":"TRE142077","TREEID":"TRE142077","ASSETCODE":"TRE","ASSETSTAT":"INS","SP_SCIEN":"Aesculus Hippocastanum","SP_COMM":"Horsechestnut","DBH":null,"WIRES":null,"OWNER":null,"MAINTBY":null,"MODDATE":1759832803000,"dbhLabel":"Unknown diameter band","wiresLabel":"Unknown"}},{"type":"Feature","id":50553,"geometry":{"type":"Point","coordinates":[-63.5811866103836,44.6425614920465]},"properties":{"OBJECTID":50553,"ASSETID":"TRE142001","TREEID":"TRE142001","ASSETCODE":"TRE","ASSETSTAT":"INS","SP_SCIEN":"Aesculus x carnea","SP_COMM":"Red Horsechestnut","DBH":null,"WIRES":null,"OWNER":null,"MAINTBY":null,"MODDATE":1759832803000,"dbhLabel":"Unknown diameter band","wiresLabel":"Unknown"}},{"type":"Feature","id":50565,"geometry":{"type":"Point","coordinates":[-63.5808817087014,44.6426337574399]},"properties":{"OBJECTID":50565,"ASSETID":"TRE142303","TREEID":"TRE142303","ASSETCODE":"TRE","ASSETSTAT":"INS","SP_SCIEN":"Acer pensylvanicum","SP_COMM":"Striped Maple","DBH":null,"WIRES":null,"OWNER":null,"MAINTBY":null,"MODDATE":1759832803000,"dbhLabel":"Unknown diameter band","wiresLabel":"Unknown"}},{"type":"Feature","id":50570,"geometry":{"type":"Point","coordinates":[-63.5804985260287,44.6427957355462]},"properties":{"OBJECTID":50570,"ASSETID":"TRE141902","TREEID":"TRE141902","ASSETCODE":"TRE","ASSETSTAT":"INS","SP_SCIEN":"Cercis canadensis","SP_COMM":"Eastern Redbud","DBH":null,"WIRES":null,"OWNER":null,"MAINTBY":null,"MODDATE":1759832803000,"dbhLabel":"Unknown diameter band","wiresLabel":"Unknown"}},{"type":"Feature","id":50574,"geometry":{"type":"Point","coordinates":[-63.5804455658512,44.6429578755446]},"properties":{"OBJECTID":50574,"ASSETID":"TRE141887","TREEID":"TRE141887","ASSETCODE":"TRE","ASSETSTAT":"INS","SP_SCIEN":"Ulmus glabra","SP_COMM":"Wych elm","DBH":null,"WIRES":null,"OWNER":null,"MAINTBY":null,"MODDATE":1759832803000,"dbhLabel":"Unknown diameter band","wiresLabel":"Unknown"}},{"type":"Feature","id":50577,"geometry":{"type":"Point","coordinates":[-63.5805667845156,44.6429215199972]},"properties":{"OBJECTID":50577,"ASSETID":"TRE142003","TREEID":"TRE142003","ASSETCODE":"TRE","ASSETSTAT":"INS","SP_SCIEN":"Quercus rubra","SP_COMM":"Northern Red Oak","DBH":null,"WIRES":null,"OWNER":null,"MAINTBY":null,"MODDATE":1759832803000,"dbhLabel":"Unknown diameter band","wiresLabel":"Unknown"}},{"type":"Feature","id":50584,"geometry":{"type":"Point","coordinates":[-63.5802401085693,44.6425641317572]},"properties":{"OBJECTID":50584,"ASSETID":"TRE142014","TREEID":"TRE142014","ASSETCODE":"TRE","ASSETSTAT":"INS","SP_SCIEN":"Quercus robur","SP_COMM":"English Oak","DBH":null,"WIRES":null,"OWNER":null,"MAINTBY":null,"MODDATE":1759832803000,"dbhLabel":"Unknown diameter band","wiresLabel":"Unknown"}},{"type":"Feature","id":50595,"geometry":{"type":"Point","coordinates":[-63.5801800903285,44.642609956605]},"properties":{"OBJECTID":50595,"ASSETID":"TRE142290","TREEID":"TRE142290","ASSETCODE":"TRE","ASSETSTAT":"INS","SP_SCIEN":"Robinia pseudoacacia","SP_COMM":"Black Locust","DBH":null,"WIRES":null,"OWNER":null,"MAINTBY":null,"MODDATE":1759832803000,"dbhLabel":"Unknown diameter band","wiresLabel":"Unknown"}},{"type":"Feature","id":50614,"geometry":{"type":"Point","coordinates":[-63.5805187776485,44.6423120426756]},"properties":{"OBJECTID":50614,"ASSETID":"TRE142008","TREEID":"TRE142008","ASSETCODE":"TRE","ASSETSTAT":"INS","SP_SCIEN":"Quercus rubra","SP_COMM":"Northern Red Oak","DBH":null,"WIRES":null,"OWNER":null,"MAINTBY":null,"MODDATE":1759832803000,"dbhLabel":"Unknown diameter band","wiresLabel":"Unknown"}},{"type":"Feature","id":50624,"geometry":{"type":"Point","coordinates":[-63.5802720787119,44.6426211418098]},"properties":{"OBJECTID":50624,"ASSETID":"TRE142277","TREEID":"TRE142277","ASSETCODE":"TRE","ASSETSTAT":"INS","SP_SCIEN":"Cornus kousa","SP_COMM":"Kousa Dogwood","DBH":null,"WIRES":null,"OWNER":null,"MAINTBY":null,"MODDATE":1759832803000,"dbhLabel":"Unknown diameter band","wiresLabel":"Unknown"}},{"type":"Feature","id":50632,"geometry":{"type":"Point","coordinates":[-63.5803187381061,44.6424415563752]},"properties":{"OBJECTID":50632,"ASSETID":"TRE142321","TREEID":"TRE142321","ASSETCODE":"TRE","ASSETSTAT":"INS","SP_SCIEN":"Tsuga canadensis","SP_COMM":"Eastern Hemlock","DBH":null,"WIRES":null,"OWNER":null,"MAINTBY":null,"MODDATE":1759832803000,"dbhLabel":"Unknown diameter band","wiresLabel":"Unknown"}},{"type":"Feature","id":50634,"geometry":{"type":"Point","coordinates":[-63.580643575201,44.6429497250931]},"properties":{"OBJECTID":50634,"ASSETID":"TRE142350","TREEID":"TRE142350","ASSETCODE":"TRE","ASSETSTAT":"INS","SP_SCIEN":"Chamaecyparis pisifera","SP_COMM":"Sawara False Cypress","DBH":null,"WIRES":null,"OWNER":null,"MAINTBY":null,"MODDATE":1759832803000,"dbhLabel":"Unknown diameter band","wiresLabel":"Unknown"}},{"type":"Feature","id":50639,"geometry":{"type":"Point","coordinates":[-63.6067098020524,44.6534876787221]},"properties":{"OBJECTID":50639,"ASSETID":"TRE135031","TREEID":"TRE135031","ASSETCODE":"TRE","ASSETSTAT":"INS","SP_SCIEN":"Ulmus americana","SP_COMM":"American Elm","DBH":7,"WIRES":"Y","OWNER":"HRM","MAINTBY":"HRM","MODDATE":1759832803000,"dbhLabel":"77 to 90.9 cm","wiresLabel":"Yes"}},{"type":"Feature","id":50647,"geometry":{"type":"Point","coordinates":[-63.5803987402687,44.6424766876003]},"properties":{"OBJECTID":50647,"ASSETID":"TRE141935","TREEID":"TRE141935","ASSETCODE":"TRE","ASSETSTAT":"INS","SP_SCIEN":"Quercus robur","SP_COMM":"English Oak","DBH":null,"WIRES":null,"OWNER":null,"MAINTBY":null,"MODDATE":1759832803000,"dbhLabel":"Unknown diameter band","wiresLabel":"Unknown"}},{"type":"Feature","id":50704,"geometry":{"type":"Point","coordinates":[-63.5809111806292,44.6423804964466]},"properties":{"OBJECTID":50704,"ASSETID":"TRE141898","TREEID":"TRE141898","ASSETCODE":"TRE","ASSETSTAT":"INS","SP_SCIEN":"Aesculus Hippocastanum","SP_COMM":"Horsechestnut","DBH":null,"WIRES":null,"OWNER":null,"MAINTBY":null,"MODDATE":1759832803000,"dbhLabel":"Unknown diameter band","wiresLabel":"Unknown"}},{"type":"Feature","id":50712,"geometry":{"type":"Point","coordinates":[-63.5805033670498,44.6427578178074]},"properties":{"OBJECTID":50712,"ASSETID":"TRE142415","TREEID":"TRE142415","ASSETCODE":"TRE","ASSETSTAT":"INS","SP_SCIEN":"Pinus strobus","SP_COMM":"Eastern White Pine","DBH":null,"WIRES":null,"OWNER":null,"MAINTBY":null,"MODDATE":1759832803000,"dbhLabel":"Unknown diameter band","wiresLabel":"Unknown"}},{"type":"Feature","id":50723,"geometry":{"type":"Point","coordinates":[-63.5805021165949,44.6428434335657]},"properties":{"OBJECTID":50723,"ASSETID":"TRE141889","TREEID":"TRE141889","ASSETCODE":"TRE","ASSETSTAT":"INS","SP_SCIEN":"Syringa reticulata","SP_COMM":"Japanese Tree Lilac","DBH":null,"WIRES":null,"OWNER":null,"MAINTBY":null,"MODDATE":1759832803000,"dbhLabel":"Unknown diameter band","wiresLabel":"Unknown"}},{"type":"Feature","id":50817,"geometry":{"type":"Point","coordinates":[-63.5806557608479,44.6424584019808]},"properties":{"OBJECTID":50817,"ASSETID":"TRE142033","TREEID":"TRE142033","ASSETCODE":"TRE","ASSETSTAT":"INS","SP_SCIEN":"Corylus maxima","SP_COMM":"Giant Hazel","DBH":null,"WIRES":null,"OWNER":null,"MAINTBY":null,"MODDATE":1759832803000,"dbhLabel":"Unknown diameter band","wiresLabel":"Unknown"}},{"type":"Feature","id":50826,"geometry":{"type":"Point","coordinates":[-63.5810795608461,44.6421142913575]},"properties":{"OBJECTID":50826,"ASSETID":"TRE142335","TREEID":"TRE142335","ASSETCODE":"TRE","ASSETSTAT":"INS","SP_SCIEN":"Ginkgo biloba","SP_COMM":"Ginkgo","DBH":null,"WIRES":null,"OWNER":null,"MAINTBY":null,"MODDATE":1759832803000,"dbhLabel":"Unknown diameter band","wiresLabel":"Unknown"}},{"type":"Feature","id":50854,"geometry":{"type":"Point","coordinates":[-63.580390609617,44.6424250373737]},"properties":{"OBJECTID":50854,"ASSETID":"TRE142051","TREEID":"TRE142051","ASSETCODE":"TRE","ASSETSTAT":"INS","SP_SCIEN":"Pinus heldreichii","SP_COMM":"Bosnian Pine","DBH":null,"WIRES":null,"OWNER":null,"MAINTBY":null,"MODDATE":1759832803000,"dbhLabel":"Unknown diameter band","wiresLabel":"Unknown"}},{"type":"Feature","id":50864,"geometry":{"type":"Point","coordinates":[-63.5812689293012,44.6421901870935]},"properties":{"OBJECTID":50864,"ASSETID":"TRE142021","TREEID":"TRE142021","ASSETCODE":"TRE","ASSETSTAT":"INS","SP_SCIEN":"Acer pseudoplatanus","SP_COMM":"Sycamore Maple","DBH":null,"WIRES":null,"OWNER":null,"MAINTBY":null,"MODDATE":1759832803000,"dbhLabel":"Unknown diameter band","wiresLabel":"Unknown"}},{"type":"Feature","id":50887,"geometry":{"type":"Point","coordinates":[-63.5810920905477,44.6429827551228]},"properties":{"OBJECTID":50887,"ASSETID":"TRE142301","TREEID":"TRE142301","ASSETCODE":"TRE","ASSETSTAT":"INS","SP_SCIEN":"Acer saccharum","SP_COMM":"Sugar Maple","DBH":null,"WIRES":null,"OWNER":null,"MAINTBY":null,"MODDATE":1759832803000,"dbhLabel":"Unknown diameter band","wiresLabel":"Unknown"}},{"type":"Feature","id":50919,"geometry":{"type":"Point","coordinates":[-63.5807865753162,44.6429887803944]},"properties":{"OBJECTID":50919,"ASSETID":"TRE141991","TREEID":"TRE141991","ASSETCODE":"TRE","ASSETSTAT":"INS","SP_SCIEN":"Acer Platanoides","SP_COMM":"Norway Maple","DBH":null,"WIRES":null,"OWNER":null,"MAINTBY":null,"MODDATE":1759832803000,"dbhLabel":"Unknown diameter band","wiresLabel":"Unknown"}},{"type":"Feature","id":50936,"geometry":{"type":"Point","coordinates":[-63.580812149454,44.6426709728296]},"properties":{"OBJECTID":50936,"ASSETID":"TRE141965","TREEID":"TRE141965","ASSETCODE":"TRE","ASSETSTAT":"INS","SP_SCIEN":"Pinus heldreichii","SP_COMM":"Bosnian Pine","DBH":null,"WIRES":null,"OWNER":null,"MAINTBY":null,"MODDATE":1759832803000,"dbhLabel":"Unknown diameter band","wiresLabel":"Unknown"}},{"type":"Feature","id":50937,"geometry":{"type":"Point","coordinates":[-63.5803076753534,44.6428808367315]},"properties":{"OBJECTID":50937,"ASSETID":"TRE142286","TREEID":"TRE142286","ASSETCODE":"TRE","ASSETSTAT":"INS","SP_SCIEN":"Acer pseudoplatanus","SP_COMM":"Sycamore Maple","DBH":null,"WIRES":null,"OWNER":null,"MAINTBY":null,"MODDATE":1759832803000,"dbhLabel":"Unknown diameter band","wiresLabel":"Unknown"}},{"type":"Feature","id":50961,"geometry":{"type":"Point","coordinates":[-63.5803275272228,44.6428147164571]},"properties":{"OBJECTID":50961,"ASSETID":"TRE142283","TREEID":"TRE142283","ASSETCODE":"TRE","ASSETSTAT":"INS","SP_SCIEN":"Fagus sylvatica","SP_COMM":"European Beech","DBH":null,"WIRES":null,"OWNER":null,"MAINTBY":null,"MODDATE":1759832803000,"dbhLabel":"Unknown diameter band","wiresLabel":"Unknown"}},{"type":"Feature","id":50971,"geometry":{"type":"Point","coordinates":[-63.5807907686519,44.6429072221834]},"properties":{"OBJECTID":50971,"ASSETID":"TRE142239","TREEID":"TRE142239","ASSETCODE":"TRE","ASSETSTAT":"INS","SP_SCIEN":"Chamaecyparis pisifera","SP_COMM":"Sawara False Cypress","DBH":null,"WIRES":null,"OWNER":null,"MAINTBY":null,"MODDATE":1759832803000,"dbhLabel":"Unknown diameter band","wiresLabel":"Unknown"}},{"type":"Feature","id":50987,"geometry":{"type":"Point","coordinates":[-63.580591052503,44.6428358711182]},"properties":{"OBJECTID":50987,"ASSETID":"TRE142353","TREEID":"TRE142353","ASSETCODE":"TRE","ASSETSTAT":"INS","SP_SCIEN":"Chamaecyparis pisifera","SP_COMM":"Sawara False Cypress","DBH":null,"WIRES":null,"OWNER":null,"MAINTBY":null,"MODDATE":1759832803000,"dbhLabel":"Unknown diameter band","wiresLabel":"Unknown"}},{"type":"Feature","id":51012,"geometry":{"type":"Point","coordinates":[-63.6057523884024,44.6510069067506]},"properties":{"OBJECTID":51012,"ASSETID":"TRE145370","TREEID":"TRE145370","ASSETCODE":"TRE","ASSETSTAT":"INS","SP_SCIEN":"Acer Platanoides","SP_COMM":"Norway Maple","DBH":5,"WIRES":"N","OWNER":"HRM","MAINTBY":null,"MODDATE":1759832803000,"dbhLabel":"46 to 60.9 cm","wiresLabel":"No"}},{"type":"Feature","id":51112,"geometry":{"type":"Point","coordinates":[-63.6098321528423,44.6545743733652]},"properties":{"OBJECTID":51112,"ASSETID":"TRE145215","TREEID":"TRE145215","ASSETCODE":"TRE","ASSETSTAT":"INS","SP_SCIEN":"Acer Platanoides","SP_COMM":"Norway Maple","DBH":6,"WIRES":"Y","OWNER":"HRM","MAINTBY":null,"MODDATE":1759832803000,"dbhLabel":"61 to 76.9 cm","wiresLabel":"Yes"}},{"type":"Feature","id":51154,"geometry":{"type":"Point","coordinates":[-63.6098229963146,44.6541262306992]},"properties":{"OBJECTID":51154,"ASSETID":"TRE145537","TREEID":"TRE145537","ASSETCODE":"TRE","ASSETSTAT":"INS","SP_SCIEN":"Acer Platanoides","SP_COMM":"Norway Maple","DBH":6,"WIRES":"N","OWNER":"HRM","MAINTBY":null,"MODDATE":1759832803000,"dbhLabel":"61 to 76.9 cm","wiresLabel":"No"}},{"type":"Feature","id":51214,"geometry":{"type":"Point","coordinates":[-63.6058797632215,44.6510619299717]},"properties":{"OBJECTID":51214,"ASSETID":"TRE145395","TREEID":"TRE145395","ASSETCODE":"TRE","ASSETSTAT":"INS","SP_SCIEN":"Acer palmatum","SP_COMM":"Japanese Maple","DBH":2,"WIRES":"Y","OWNER":"HRM","MAINTBY":null,"MODDATE":1759832803000,"dbhLabel":"8 to 15.9 cm","wiresLabel":"Yes"}},{"type":"Feature","id":51217,"geometry":{"type":"Point","coordinates":[-63.609370694569,44.6541945401675]},"properties":{"OBJECTID":51217,"ASSETID":"TRE145223","TREEID":"TRE145223","ASSETCODE":"TRE","ASSETSTAT":"INS","SP_SCIEN":"Ulmus americana","SP_COMM":"American Elm","DBH":6,"WIRES":"Y","OWNER":"HRM","MAINTBY":null,"MODDATE":1759832803000,"dbhLabel":"61 to 76.9 cm","wiresLabel":"Yes"}},{"type":"Feature","id":51230,"geometry":{"type":"Point","coordinates":[-63.5808645805239,44.6429054037978]},"properties":{"OBJECTID":51230,"ASSETID":"TRE142417","TREEID":"TRE142417","ASSETCODE":"TRE","ASSETSTAT":"INS","SP_SCIEN":"Acer palmatum","SP_COMM":"Japanese Maple","DBH":null,"WIRES":null,"OWNER":null,"MAINTBY":null,"MODDATE":1759832803000,"dbhLabel":"Unknown diameter band","wiresLabel":"Unknown"}},{"type":"Feature","id":51250,"geometry":{"type":"Point","coordinates":[-63.5811700984503,44.6424336532048]},"properties":{"OBJECTID":51250,"ASSETID":"TRE142249","TREEID":"TRE142249","ASSETCODE":"TRE","ASSETSTAT":"INS","SP_SCIEN":"Tilia cordata","SP_COMM":"Littleleaf Linden","DBH":null,"WIRES":null,"OWNER":null,"MAINTBY":null,"MODDATE":1759832803000,"dbhLabel":"Unknown diameter band","wiresLabel":"Unknown"}},{"type":"Feature","id":51284,"geometry":{"type":"Point","coordinates":[-63.6099180713093,44.6546285286046]},"properties":{"OBJECTID":51284,"ASSETID":"TRE145212","TREEID":"TRE145212","ASSETCODE":"TRE","ASSETSTAT":"INS","SP_SCIEN":"Acer Platanoides","SP_COMM":"Norway Maple","DBH":3,"WIRES":"Y","OWNER":"HRM","MAINTBY":null,"MODDATE":1759832803000,"dbhLabel":"16 to 30.9cm","wiresLabel":"Yes"}},{"type":"Feature","id":51293,"geometry":{"type":"Point","coordinates":[-63.6074386106323,44.6518003148198]},"properties":{"OBJECTID":51293,"ASSETID":"TRE145470","TREEID":"TRE145470","ASSETCODE":"TRE","ASSETSTAT":"INS","SP_SCIEN":"Acer Platanoides","SP_COMM":"Norway Maple","DBH":5,"WIRES":"Y","OWNER":"HRM","MAINTBY":null,"MODDATE":1759832803000,"dbhLabel":"46 to 60.9 cm","wiresLabel":"Yes"}},{"type":"Feature","id":51376,"geometry":{"type":"Point","coordinates":[-63.5802878621115,44.6425140552098]},"properties":{"OBJECTID":51376,"ASSETID":"TRE142409","TREEID":"TRE142409","ASSETCODE":"TRE","ASSETSTAT":"INS","SP_SCIEN":"Pinus (genus)","SP_COMM":"Pine","DBH":null,"WIRES":null,"OWNER":null,"MAINTBY":null,"MODDATE":1759832803000,"dbhLabel":"Unknown diameter band","wiresLabel":"Unknown"}},{"type":"Feature","id":51406,"geometry":{"type":"Point","coordinates":[-63.5803333294413,44.6426315446874]},"properties":{"OBJECTID":51406,"ASSETID":"TRE142278","TREEID":"TRE142278","ASSETCODE":"TRE","ASSETSTAT":"INS","SP_SCIEN":"Cornus kousa","SP_COMM":"Kousa Dogwood","DBH":null,"WIRES":null,"OWNER":null,"MAINTBY":null,"MODDATE":1759832803000,"dbhLabel":"Unknown diameter band","wiresLabel":"Unknown"}},{"type":"Feature","id":51424,"geometry":{"type":"Point","coordinates":[-63.6071789391247,44.6519859032878]},"properties":{"OBJECTID":51424,"ASSETID":"TRE145466","TREEID":"TRE145466","ASSETCODE":"TRE","ASSETSTAT":"INS","SP_SCIEN":"Ulmus americana","SP_COMM":"American Elm","DBH":2,"WIRES":"Y","OWNER":"HRM","MAINTBY":null,"MODDATE":1759832803000,"dbhLabel":"8 to 15.9 cm","wiresLabel":"Yes"}},{"type":"Feature","id":51430,"geometry":{"type":"Point","coordinates":[-63.6098471349446,44.6542378719318]},"properties":{"OBJECTID":51430,"ASSETID":"TRE145564","TREEID":"TRE145564","ASSETCODE":"TRE","ASSETSTAT":"INS","SP_SCIEN":"Ginkgo biloba","SP_COMM":"Ginkgo","DBH":1,"WIRES":"Y","OWNER":"HRM","MAINTBY":null,"MODDATE":1759832803000,"dbhLabel":"0 to 7.9 cm","wiresLabel":"Yes"}},{"type":"Feature","id":51436,"geometry":{"type":"Point","coordinates":[-63.5804582590461,44.6427282422734]},"properties":{"OBJECTID":51436,"ASSETID":"TRE142146","TREEID":"TRE142146","ASSETCODE":"TRE","ASSETSTAT":"INS","SP_SCIEN":"Cotinus coggygria","SP_COMM":"Smoketree","DBH":null,"WIRES":null,"OWNER":null,"MAINTBY":null,"MODDATE":1759832803000,"dbhLabel":"Unknown diameter band","wiresLabel":"Unknown"}},{"type":"Feature","id":51460,"geometry":{"type":"Point","coordinates":[-63.609810298628,44.654544089428]},"properties":{"OBJECTID":51460,"ASSETID":"TRE145218","TREEID":"TRE145218","ASSETCODE":"TRE","ASSETSTAT":"INS","SP_SCIEN":"Acer Platanoides","SP_COMM":"Norway Maple","DBH":3,"WIRES":"Y","OWNER":"HRM","MAINTBY":null,"MODDATE":1759832803000,"dbhLabel":"16 to 30.9cm","wiresLabel":"Yes"}},{"type":"Feature","id":51491,"geometry":{"type":"Point","coordinates":[-63.6070126385078,44.6510822776862]},"properties":{"OBJECTID":51491,"ASSETID":"TRE145406","TREEID":"TRE145406","ASSETCODE":"TRE","ASSETSTAT":"INS","SP_SCIEN":"Acer Platanoides","SP_COMM":"Norway Maple","DBH":5,"WIRES":"Y","OWNER":"HRM","MAINTBY":null,"MODDATE":1759832803000,"dbhLabel":"46 to 60.9 cm","wiresLabel":"Yes"}},{"type":"Feature","id":51512,"geometry":{"type":"Point","coordinates":[-63.6072650192885,44.6509032475894]},"properties":{"OBJECTID":51512,"ASSETID":"TRE145404","TREEID":"TRE145404","ASSETCODE":"TRE","ASSETSTAT":"INS","SP_SCIEN":"Carya illinoinensis","SP_COMM":"Pecan","DBH":3,"WIRES":"Y","OWNER":"HRM","MAINTBY":null,"MODDATE":1759832803000,"dbhLabel":"16 to 30.9cm","wiresLabel":"Yes"}},{"type":"Feature","id":51533,"geometry":{"type":"Point","coordinates":[-63.5803637005827,44.6429291891718]},"properties":{"OBJECTID":51533,"ASSETID":"TRE142289","TREEID":"TRE142289","ASSETCODE":"TRE","ASSETSTAT":"INS","SP_SCIEN":"Prunus pensylvanica","SP_COMM":"Pin Cherry","DBH":null,"WIRES":null,"OWNER":null,"MAINTBY":null,"MODDATE":1759832803000,"dbhLabel":"Unknown diameter band","wiresLabel":"Unknown"}},{"type":"Feature","id":51609,"geometry":{"type":"Point","coordinates":[-63.6070639547684,44.652068036022]},"properties":{"OBJECTID":51609,"ASSETID":"TRE145465","TREEID":"TRE145465","ASSETCODE":"TRE","ASSETSTAT":"INS","SP_SCIEN":"Acer Platanoides","SP_COMM":"Norway Maple","DBH":4,"WIRES":"Y","OWNER":"HRM","MAINTBY":null,"MODDATE":1759832803000,"dbhLabel":"31 to 45.9 cm","wiresLabel":"Yes"}},{"type":"Feature","id":51623,"geometry":{"type":"Point","coordinates":[-63.6071255720103,44.6510021808862]},"properties":{"OBJECTID":51623,"ASSETID":"TRE145405","TREEID":"TRE145405","ASSETCODE":"TRE","ASSETSTAT":"INS","SP_SCIEN":"Acer Platanoides","SP_COMM":"Norway Maple","DBH":5,"WIRES":"Y","OWNER":"HRM","MAINTBY":null,"MODDATE":1759832803000,"dbhLabel":"46 to 60.9 cm","wiresLabel":"Yes"}},{"type":"Feature","id":51630,"geometry":{"type":"Point","coordinates":[-63.5806731791812,44.6422017788844]},"properties":{"OBJECTID":51630,"ASSETID":"TRE142133","TREEID":"TRE142133","ASSETCODE":"TRE","ASSETSTAT":"INS","SP_SCIEN":"Quercus rubra","SP_COMM":"Northern Red Oak","DBH":null,"WIRES":null,"OWNER":null,"MAINTBY":null,"MODDATE":1759832803000,"dbhLabel":"Unknown diameter band","wiresLabel":"Unknown"}},{"type":"Feature","id":51632,"geometry":{"type":"Point","coordinates":[-63.5807794813204,44.6424022961754]},"properties":{"OBJECTID":51632,"ASSETID":"TRE142157","TREEID":"TRE142157","ASSETCODE":"TRE","ASSETSTAT":"INS","SP_SCIEN":"Morus alba","SP_COMM":"White Mulberry","DBH":null,"WIRES":null,"OWNER":null,"MAINTBY":null,"MODDATE":1759832803000,"dbhLabel":"Unknown diameter band","wiresLabel":"Unknown"}},{"type":"Feature","id":51648,"geometry":{"type":"Point","coordinates":[-63.5813351926299,44.6423726130818]},"properties":{"OBJECTID":51648,"ASSETID":"TRE142227","TREEID":"TRE142227","ASSETCODE":"TRE","ASSETSTAT":"INS","SP_SCIEN":"Gleditisia triacanthos","SP_COMM":"Honeylocust","DBH":null,"WIRES":null,"OWNER":null,"MAINTBY":null,"MODDATE":1759832803000,"dbhLabel":"Unknown diameter band","wiresLabel":"Unknown"}},{"type":"Feature","id":51659,"geometry":{"type":"Point","coordinates":[-63.580868224989,44.6422235978551]},"properties":{"OBJECTID":51659,"ASSETID":"TRE142134","TREEID":"TRE142134","ASSETCODE":"TRE","ASSETSTAT":"INS","SP_SCIEN":"Acer pseudoplatanus","SP_COMM":"Sycamore Maple","DBH":null,"WIRES":null,"OWNER":null,"MAINTBY":null,"MODDATE":1759832803000,"dbhLabel":"Unknown diameter band","wiresLabel":"Unknown"}},{"type":"Feature","id":51681,"geometry":{"type":"Point","coordinates":[-63.6099208920193,44.6540567504503]},"properties":{"OBJECTID":51681,"ASSETID":"TRE145538","TREEID":"TRE145538","ASSETCODE":"TRE","ASSETSTAT":"INS","SP_SCIEN":"Acer Platanoides","SP_COMM":"Norway Maple","DBH":4,"WIRES":"N","OWNER":"HRM","MAINTBY":null,"MODDATE":1759832803000,"dbhLabel":"31 to 45.9 cm","wiresLabel":"No"}},{"type":"Feature","id":51701,"geometry":{"type":"Point","coordinates":[-63.5808781199318,44.6427304550221]},"properties":{"OBJECTID":51701,"ASSETID":"TRE142179","TREEID":"TRE142179","ASSETCODE":"TRE","ASSETSTAT":"INS","SP_SCIEN":"Pyrus calleryana","SP_COMM":"Callery Pear","DBH":null,"WIRES":null,"OWNER":null,"MAINTBY":null,"MODDATE":1759832803000,"dbhLabel":"Unknown diameter band","wiresLabel":"Unknown"}},{"type":"Feature","id":51709,"geometry":{"type":"Point","coordinates":[-63.5812536911791,44.6420615241947]},"properties":{"OBJECTID":51709,"ASSETID":"TRE142263","TREEID":"TRE142263","ASSETCODE":"TRE","ASSETSTAT":"INS","SP_SCIEN":"Aesculus Hippocastanum","SP_COMM":"Horsechestnut","DBH":null,"WIRES":null,"OWNER":null,"MAINTBY":null,"MODDATE":1759832803000,"dbhLabel":"Unknown diameter band","wiresLabel":"Unknown"}},{"type":"Feature","id":51716,"geometry":{"type":"Point","coordinates":[-63.6100089718329,44.6539942585417]},"properties":{"OBJECTID":51716,"ASSETID":"TRE145539","TREEID":"TRE145539","ASSETCODE":"TRE","ASSETSTAT":"INS","SP_SCIEN":"Acer Platanoides","SP_COMM":"Norway Maple","DBH":5,"WIRES":"N","OWNER":"HRM","MAINTBY":null,"MODDATE":1759832803000,"dbhLabel":"46 to 60.9 cm","wiresLabel":"No"}},{"type":"Feature","id":51717,"geometry":{"type":"Point","coordinates":[-63.581289628282,44.6425598014811]},"properties":{"OBJECTID":51717,"ASSETID":"TRE142173","TREEID":"TRE142173","ASSETCODE":"TRE","ASSETSTAT":"INS","SP_SCIEN":"Sorbus aucuparia","SP_COMM":"European Mountain Ash","DBH":null,"WIRES":null,"OWNER":null,"MAINTBY":null,"MODDATE":1759832803000,"dbhLabel":"Unknown diameter band","wiresLabel":"Unknown"}},{"type":"Feature","id":51739,"geometry":{"type":"Point","coordinates":[-63.6098125641792,44.6545443859347]},"properties":{"OBJECTID":51739,"ASSETID":"TRE145217","TREEID":"TRE145217","ASSETCODE":"TRE","ASSETSTAT":"INS","SP_SCIEN":"Acer Platanoides","SP_COMM":"Norway Maple","DBH":2,"WIRES":"Y","OWNER":"HRM","MAINTBY":null,"MODDATE":1759832803000,"dbhLabel":"8 to 15.9 cm","wiresLabel":"Yes"}},{"type":"Feature","id":51766,"geometry":{"type":"Point","coordinates":[-63.6058102884157,44.6511115958929]},"properties":{"OBJECTID":51766,"ASSETID":"TRE145396","TREEID":"TRE145396","ASSETCODE":"TRE","ASSETSTAT":"INS","SP_SCIEN":"Unknown Species","SP_COMM":"Unknown Species","DBH":1,"WIRES":"Y","OWNER":"HRM","MAINTBY":null,"MODDATE":1759832803000,"dbhLabel":"0 to 7.9 cm","wiresLabel":"Yes"}},{"type":"Feature","id":51780,"geometry":{"type":"Point","coordinates":[-63.6098870956017,44.654601062785]},"properties":{"OBJECTID":51780,"ASSETID":"TRE145213","TREEID":"TRE145213","ASSETCODE":"TRE","ASSETSTAT":"INS","SP_SCIEN":"Acer Platanoides","SP_COMM":"Norway Maple","DBH":3,"WIRES":"Y","OWNER":"HRM","MAINTBY":null,"MODDATE":1759832803000,"dbhLabel":"16 to 30.9cm","wiresLabel":"Yes"}},{"type":"Feature","id":51798,"geometry":{"type":"Point","coordinates":[-63.6102338722508,44.6539634592439]},"properties":{"OBJECTID":51798,"ASSETID":"TRE145560","TREEID":"TRE145560","ASSETCODE":"TRE","ASSETSTAT":"INS","SP_SCIEN":"Acer Platanoides","SP_COMM":"Norway Maple","DBH":6,"WIRES":"Y","OWNER":"HRM","MAINTBY":null,"MODDATE":1759832803000,"dbhLabel":"61 to 76.9 cm","wiresLabel":"Yes"}},{"type":"Feature","id":51821,"geometry":{"type":"Point","coordinates":[-63.6061096052718,44.6508976564248]},"properties":{"OBJECTID":51821,"ASSETID":"TRE145393","TREEID":"TRE145393","ASSETCODE":"TRE","ASSETSTAT":"INS","SP_SCIEN":"Acer Platanoides","SP_COMM":"Norway Maple","DBH":4,"WIRES":"Y","OWNER":"HRM","MAINTBY":null,"MODDATE":1759832803000,"dbhLabel":"31 to 45.9 cm","wiresLabel":"Yes"}},{"type":"Feature","id":51841,"geometry":{"type":"Point","coordinates":[-63.6100215114159,44.6541141434884]},"properties":{"OBJECTID":51841,"ASSETID":"TRE145562","TREEID":"TRE145562","ASSETCODE":"TRE","ASSETSTAT":"INS","SP_SCIEN":"Unknown Species","SP_COMM":"Unknown Species","DBH":1,"WIRES":"Y","OWNER":"HRM","MAINTBY":null,"MODDATE":1759832803000,"dbhLabel":"0 to 7.9 cm","wiresLabel":"Yes"}},{"type":"Feature","id":51868,"geometry":{"type":"Point","coordinates":[-63.6058552634687,44.6509333206198]},"properties":{"OBJECTID":51868,"ASSETID":"TRE145371","TREEID":"TRE145371","ASSETCODE":"TRE","ASSETSTAT":"INS","SP_SCIEN":"Acer Platanoides","SP_COMM":"Norway Maple","DBH":5,"WIRES":"N","OWNER":"HRM","MAINTBY":null,"MODDATE":1759832803000,"dbhLabel":"46 to 60.9 cm","wiresLabel":"No"}},{"type":"Feature","id":51872,"geometry":{"type":"Point","coordinates":[-63.5809363631016,44.6425865673761]},"properties":{"OBJECTID":51872,"ASSETID":"TRE142165","TREEID":"TRE142165","ASSETCODE":"TRE","ASSETSTAT":"INS","SP_SCIEN":"Syringa reticulata","SP_COMM":"Japanese Tree Lilac","DBH":null,"WIRES":null,"OWNER":null,"MAINTBY":null,"MODDATE":1759832803000,"dbhLabel":"Unknown diameter band","wiresLabel":"Unknown"}},{"type":"Feature","id":51877,"geometry":{"type":"Point","coordinates":[-63.5807444452277,44.6423219502614]},"properties":{"OBJECTID":51877,"ASSETID":"TRE142261","TREEID":"TRE142261","ASSETCODE":"TRE","ASSETSTAT":"INS","SP_SCIEN":"Castanea dentata","SP_COMM":"American Chestnut","DBH":null,"WIRES":null,"OWNER":null,"MAINTBY":null,"MODDATE":1759832803000,"dbhLabel":"Unknown diameter band","wiresLabel":"Unknown"}},{"type":"Feature","id":51889,"geometry":{"type":"Point","coordinates":[-63.6057265348885,44.6511714451981]},"properties":{"OBJECTID":51889,"ASSETID":"TRE145397","TREEID":"TRE145397","ASSETCODE":"TRE","ASSETSTAT":"INS","SP_SCIEN":"Acer Platanoides","SP_COMM":"Norway Maple","DBH":6,"WIRES":"Y","OWNER":"HRM","MAINTBY":null,"MODDATE":1759832803000,"dbhLabel":"61 to 76.9 cm","wiresLabel":"Yes"}},{"type":"Feature","id":51894,"geometry":{"type":"Point","coordinates":[-63.6056455598505,44.6510833692029]},"properties":{"OBJECTID":51894,"ASSETID":"TRE145369","TREEID":"TRE145369","ASSETCODE":"TRE","ASSETSTAT":"INS","SP_SCIEN":"Acer Platanoides","SP_COMM":"Norway Maple","DBH":5,"WIRES":"N","OWNER":"HRM","MAINTBY":null,"MODDATE":1759832803000,"dbhLabel":"46 to 60.9 cm","wiresLabel":"No"}},{"type":"Feature","id":51912,"geometry":{"type":"Point","coordinates":[-63.5801612903862,44.6424545095189]},"properties":{"OBJECTID":51912,"ASSETID":"TRE142233","TREEID":"TRE142233","ASSETCODE":"TRE","ASSETSTAT":"INS","SP_SCIEN":"Robinia pseudoacacia","SP_COMM":"Black Locust","DBH":null,"WIRES":null,"OWNER":null,"MAINTBY":null,"MODDATE":1759832803000,"dbhLabel":"Unknown diameter band","wiresLabel":"Unknown"}},{"type":"Feature","id":51922,"geometry":{"type":"Point","coordinates":[-63.5802719107269,44.6426936129364]},"properties":{"OBJECTID":51922,"ASSETID":"TRE142284","TREEID":"TRE142284","ASSETCODE":"TRE","ASSETSTAT":"INS","SP_SCIEN":"Ulmus americana","SP_COMM":"American Elm","DBH":null,"WIRES":null,"OWNER":null,"MAINTBY":null,"MODDATE":1759832803000,"dbhLabel":"Unknown diameter band","wiresLabel":"Unknown"}},{"type":"Feature","id":51934,"geometry":{"type":"Point","coordinates":[-63.6059526588118,44.6508635515232]},"properties":{"OBJECTID":51934,"ASSETID":"TRE145372","TREEID":"TRE145372","ASSETCODE":"TRE","ASSETSTAT":"INS","SP_SCIEN":"Ulmus americana","SP_COMM":"American Elm","DBH":4,"WIRES":"N","OWNER":"HRM","MAINTBY":null,"MODDATE":1759832803000,"dbhLabel":"31 to 45.9 cm","wiresLabel":"No"}},{"type":"Feature","id":51954,"geometry":{"type":"Point","coordinates":[-63.580999266731,44.642203251507]},"properties":{"OBJECTID":51954,"ASSETID":"TRE142117","TREEID":"TRE142117","ASSETCODE":"TRE","ASSETSTAT":"INS","SP_SCIEN":"Acer pseudoplatanus","SP_COMM":"Sycamore Maple","DBH":null,"WIRES":null,"OWNER":null,"MAINTBY":null,"MODDATE":1759832803000,"dbhLabel":"Unknown diameter band","wiresLabel":"Unknown"}},{"type":"Feature","id":51990,"geometry":{"type":"Point","coordinates":[-63.6101118370178,44.6539212979775]},"properties":{"OBJECTID":51990,"ASSETID":"TRE145540","TREEID":"TRE145540","ASSETCODE":"TRE","ASSETSTAT":"INS","SP_SCIEN":"Acer Platanoides","SP_COMM":"Norway Maple","DBH":5,"WIRES":"Y","OWNER":"HRM","MAINTBY":null,"MODDATE":1759832803000,"dbhLabel":"46 to 60.9 cm","wiresLabel":"Yes"}},{"type":"Feature","id":52029,"geometry":{"type":"Point","coordinates":[-63.6066920630205,44.6513095791937]},"properties":{"OBJECTID":52029,"ASSETID":"TRE145410","TREEID":"TRE145410","ASSETCODE":"TRE","ASSETSTAT":"INS","SP_SCIEN":"Tilia (genus)","SP_COMM":"Linden","DBH":2,"WIRES":"Y","OWNER":"HRM","MAINTBY":null,"MODDATE":1759832803000,"dbhLabel":"8 to 15.9 cm","wiresLabel":"Yes"}},{"type":"Feature","id":52062,"geometry":{"type":"Point","coordinates":[-63.6059505127366,44.6510114370617]},"properties":{"OBJECTID":52062,"ASSETID":"TRE145394","TREEID":"TRE145394","ASSETCODE":"TRE","ASSETSTAT":"INS","SP_SCIEN":"Acer Platanoides","SP_COMM":"Norway Maple","DBH":5,"WIRES":"Y","OWNER":"HRM","MAINTBY":null,"MODDATE":1759832803000,"dbhLabel":"46 to 60.9 cm","wiresLabel":"Yes"}},{"type":"Feature","id":52162,"geometry":{"type":"Point","coordinates":[-63.606934621622,44.6513024230131]},"properties":{"OBJECTID":52162,"ASSETID":"TRE145415","TREEID":"TRE145415","ASSETCODE":"TRE","ASSETSTAT":"INS","SP_SCIEN":"Acer Platanoides","SP_COMM":"Norway Maple","DBH":5,"WIRES":"N","OWNER":"HRM","MAINTBY":null,"MODDATE":1759832803000,"dbhLabel":"46 to 60.9 cm","wiresLabel":"No"}},{"type":"Feature","id":52180,"geometry":{"type":"Point","coordinates":[-63.6073541752838,44.6510006017636]},"properties":{"OBJECTID":52180,"ASSETID":"TRE145419","TREEID":"TRE145419","ASSETCODE":"TRE","ASSETSTAT":"INS","SP_SCIEN":"Acer Platanoides","SP_COMM":"Norway Maple","DBH":2,"WIRES":"N","OWNER":"HRM","MAINTBY":null,"MODDATE":1759832803000,"dbhLabel":"8 to 15.9 cm","wiresLabel":"No"}},{"type":"Feature","id":52276,"geometry":{"type":"Point","coordinates":[-63.6072333815225,44.6520943080175]},"properties":{"OBJECTID":52276,"ASSETID":"TRE145463","TREEID":"TRE145463","ASSETCODE":"TRE","ASSETSTAT":"INS","SP_SCIEN":"Acer Platanoides","SP_COMM":"Norway Maple","DBH":3,"WIRES":"N","OWNER":"HRM","MAINTBY":null,"MODDATE":1759832803000,"dbhLabel":"16 to 30.9cm","wiresLabel":"No"}},{"type":"Feature","id":52372,"geometry":{"type":"Point","coordinates":[-63.6065359708584,44.651589231915]},"properties":{"OBJECTID":52372,"ASSETID":"TRE145414","TREEID":"TRE145414","ASSETCODE":"TRE","ASSETSTAT":"INS","SP_SCIEN":"Tilia (genus)","SP_COMM":"Linden","DBH":2,"WIRES":"N","OWNER":"HRM","MAINTBY":null,"MODDATE":1759832803000,"dbhLabel":"8 to 15.9 cm","wiresLabel":"No"}},{"type":"Feature","id":52397,"geometry":{"type":"Point","coordinates":[-63.6073157336779,44.6520353466671]},"properties":{"OBJECTID":52397,"ASSETID":"TRE145462","TREEID":"TRE145462","ASSETCODE":"TRE","ASSETSTAT":"INS","SP_SCIEN":"Acer Platanoides","SP_COMM":"Norway Maple","DBH":4,"WIRES":"N","OWNER":"HRM","MAINTBY":null,"MODDATE":1759832803000,"dbhLabel":"31 to 45.9 cm","wiresLabel":"No"}},{"type":"Feature","id":52592,"geometry":{"type":"Point","coordinates":[-63.6067476390922,44.6512701275262]},"properties":{"OBJECTID":52592,"ASSETID":"TRE145409","TREEID":"TRE145409","ASSETCODE":"TRE","ASSETSTAT":"INS","SP_SCIEN":"Acer rubrum","SP_COMM":"Red Maple","DBH":2,"WIRES":"Y","OWNER":"HRM","MAINTBY":null,"MODDATE":1759832803000,"dbhLabel":"8 to 15.9 cm","wiresLabel":"Yes"}},{"type":"Feature","id":52626,"geometry":{"type":"Point","coordinates":[-63.6074149858387,44.6509568432428]},"properties":{"OBJECTID":52626,"ASSETID":"TRE145420","TREEID":"TRE145420","ASSETCODE":"TRE","ASSETSTAT":"INS","SP_SCIEN":"Ulmus americana","SP_COMM":"American Elm","DBH":6,"WIRES":"Y","OWNER":"HRM","MAINTBY":null,"MODDATE":1759832803000,"dbhLabel":"61 to 76.9 cm","wiresLabel":"Yes"}},{"type":"Feature","id":52628,"geometry":{"type":"Point","coordinates":[-63.6063282749748,44.6515675014613]},"properties":{"OBJECTID":52628,"ASSETID":"TRE145413","TREEID":"TRE145413","ASSETCODE":"TRE","ASSETSTAT":"INS","SP_SCIEN":"Robinia pseudoacacia","SP_COMM":"Black Locust","DBH":2,"WIRES":"Y","OWNER":"HRM","MAINTBY":null,"MODDATE":1759832803000,"dbhLabel":"8 to 15.9 cm","wiresLabel":"Yes"}},{"type":"Feature","id":52651,"geometry":{"type":"Point","coordinates":[-63.6064069215797,44.6515117604203]},"properties":{"OBJECTID":52651,"ASSETID":"TRE145412","TREEID":"TRE145412","ASSETCODE":"TRE","ASSETSTAT":"INS","SP_SCIEN":"Acer Platanoides","SP_COMM":"Norway Maple","DBH":4,"WIRES":"Y","OWNER":"HRM","MAINTBY":null,"MODDATE":1759832803000,"dbhLabel":"31 to 45.9 cm","wiresLabel":"Yes"}},{"type":"Feature","id":52666,"geometry":{"type":"Point","coordinates":[-63.6071699595652,44.6511331501366]},"properties":{"OBJECTID":52666,"ASSETID":"TRE145417","TREEID":"TRE145417","ASSETCODE":"TRE","ASSETSTAT":"INS","SP_SCIEN":"Ulmus americana","SP_COMM":"American Elm","DBH":6,"WIRES":"Y","OWNER":"HRM","MAINTBY":null,"MODDATE":1759832803000,"dbhLabel":"61 to 76.9 cm","wiresLabel":"Yes"}},{"type":"Feature","id":52688,"geometry":{"type":"Point","coordinates":[-63.6073124871664,44.6510306236186]},"properties":{"OBJECTID":52688,"ASSETID":"TRE145418","TREEID":"TRE145418","ASSETCODE":"TRE","ASSETSTAT":"INS","SP_SCIEN":"Ulmus americana","SP_COMM":"American Elm","DBH":5,"WIRES":"N","OWNER":"HRM","MAINTBY":null,"MODDATE":1759832803000,"dbhLabel":"46 to 60.9 cm","wiresLabel":"No"}},{"type":"Feature","id":52871,"geometry":{"type":"Point","coordinates":[-63.6069079892687,44.6511564815995]},"properties":{"OBJECTID":52871,"ASSETID":"TRE145407","TREEID":"TRE145407","ASSETCODE":"TRE","ASSETSTAT":"INS","SP_SCIEN":"Acer Platanoides","SP_COMM":"Norway Maple","DBH":5,"WIRES":"Y","OWNER":"HRM","MAINTBY":null,"MODDATE":1759832803000,"dbhLabel":"46 to 60.9 cm","wiresLabel":"Yes"}},{"type":"Feature","id":52890,"geometry":{"type":"Point","coordinates":[-63.606594806018,44.6513785757717]},"properties":{"OBJECTID":52890,"ASSETID":"TRE145411","TREEID":"TRE145411","ASSETCODE":"TRE","ASSETSTAT":"INS","SP_SCIEN":"Unknown Species","SP_COMM":"Unknown Species","DBH":2,"WIRES":"Y","OWNER":"HRM","MAINTBY":null,"MODDATE":1759832803000,"dbhLabel":"8 to 15.9 cm","wiresLabel":"Yes"}},{"type":"Feature","id":52970,"geometry":{"type":"Point","coordinates":[-63.607327321945,44.6518799031099]},"properties":{"OBJECTID":52970,"ASSETID":"TRE145469","TREEID":"TRE145469","ASSETCODE":"TRE","ASSETSTAT":"INS","SP_SCIEN":"Fagus sylvatica","SP_COMM":"European Beech","DBH":2,"WIRES":"Y","OWNER":"HRM","MAINTBY":null,"MODDATE":1759832803000,"dbhLabel":"8 to 15.9 cm","wiresLabel":"Yes"}},{"type":"Feature","id":53051,"geometry":{"type":"Point","coordinates":[-63.6059268151794,44.6528903589839]},"properties":{"OBJECTID":53051,"ASSETID":"TRE244975","TREEID":"TRE244975","ASSETCODE":"TRE","ASSETSTAT":"INS","SP_SCIEN":"Gleditisia triacanthos","SP_COMM":"Honeylocust","DBH":1,"WIRES":"Y","OWNER":"HRM","MAINTBY":"HRM","MODDATE":1759832803000,"dbhLabel":"0 to 7.9 cm","wiresLabel":"Yes"}},{"type":"Feature","id":53068,"geometry":{"type":"Point","coordinates":[-63.6067329911632,44.6523133145543]},"properties":{"OBJECTID":53068,"ASSETID":"TRE244939","TREEID":"TRE244939","ASSETCODE":"TRE","ASSETSTAT":"INS","SP_SCIEN":"Gleditisia triacanthos","SP_COMM":"Honeylocust","DBH":1,"WIRES":"Y","OWNER":"HRM","MAINTBY":"HRM","MODDATE":1759832803000,"dbhLabel":"0 to 7.9 cm","wiresLabel":"Yes"}},{"type":"Feature","id":53108,"geometry":{"type":"Point","coordinates":[-63.59302449062,44.6459400981963]},"properties":{"OBJECTID":53108,"ASSETID":"TRE245711","TREEID":"TRE245711","ASSETCODE":"TRE","ASSETSTAT":"INS","SP_SCIEN":"Quercus palustris","SP_COMM":"Pin Oak","DBH":1,"WIRES":"N","OWNER":"HRM","MAINTBY":"HRM","MODDATE":1759832803000,"dbhLabel":"0 to 7.9 cm","wiresLabel":"No"}},{"type":"Feature","id":53373,"geometry":{"type":"Point","coordinates":[-63.6050321928695,44.6525017464119]},"properties":{"OBJECTID":53373,"ASSETID":"TRE243801","TREEID":"TRE243801","ASSETCODE":"TRE","ASSETSTAT":"INS","SP_SCIEN":"Ulmus americana","SP_COMM":"American Elm","DBH":1,"WIRES":"Y","OWNER":"HRM","MAINTBY":"HRM","MODDATE":1759832803000,"dbhLabel":"0 to 7.9 cm","wiresLabel":"Yes"}},{"type":"Feature","id":53429,"geometry":{"type":"Point","coordinates":[-63.6057993047147,44.6521139888408]},"properties":{"OBJECTID":53429,"ASSETID":"TRE244709","TREEID":"TRE244709","ASSETCODE":"TRE","ASSETSTAT":"INS","SP_SCIEN":"Ginkgo biloba","SP_COMM":"Ginkgo","DBH":1,"WIRES":"Y","OWNER":"HRM","MAINTBY":"HRM","MODDATE":1759832803000,"dbhLabel":"0 to 7.9 cm","wiresLabel":"Yes"}},{"type":"Feature","id":53451,"geometry":{"type":"Point","coordinates":[-63.5920281484772,44.6477137326291]},"properties":{"OBJECTID":53451,"ASSETID":"TRE135362","TREEID":"TRE135362","ASSETCODE":"TRE","ASSETSTAT":"INS","SP_SCIEN":"Tilia (genus)","SP_COMM":"Linden","DBH":3,"WIRES":"N","OWNER":"HRM","MAINTBY":"HRM","MODDATE":1759832803000,"dbhLabel":"16 to 30.9cm","wiresLabel":"No"}},{"type":"Feature","id":53523,"geometry":{"type":"Point","coordinates":[-63.6050819442648,44.651481307451]},"properties":{"OBJECTID":53523,"ASSETID":"TRE244088","TREEID":"TRE244088","ASSETCODE":"TRE","ASSETSTAT":"INS","SP_SCIEN":"Tilia americana","SP_COMM":"American Basswood","DBH":1,"WIRES":"N","OWNER":"HRM","MAINTBY":"HRM","MODDATE":1759832803000,"dbhLabel":"0 to 7.9 cm","wiresLabel":"No"}},{"type":"Feature","id":53552,"geometry":{"type":"Point","coordinates":[-63.6062845988857,44.6526315434642]},"properties":{"OBJECTID":53552,"ASSETID":"TRE134983","TREEID":"TRE134983","ASSETCODE":"TRE","ASSETSTAT":"INS","SP_SCIEN":"Celtis occidentalis","SP_COMM":"Northern Hackberry","DBH":1,"WIRES":"N","OWNER":"HRM","MAINTBY":"HRM","MODDATE":1759832803000,"dbhLabel":"0 to 7.9 cm","wiresLabel":"No"}},{"type":"Feature","id":53560,"geometry":{"type":"Point","coordinates":[-63.609917369725,44.6541880655458]},"properties":{"OBJECTID":53560,"ASSETID":"TRE145563","TREEID":"TRE145563","ASSETCODE":"TRE","ASSETSTAT":"INS","SP_SCIEN":"Fraxinus americana","SP_COMM":"White Ash","DBH":2,"WIRES":"Y","OWNER":"HRM","MAINTBY":null,"MODDATE":1759832803000,"dbhLabel":"8 to 15.9 cm","wiresLabel":"Yes"}},{"type":"Feature","id":53647,"geometry":{"type":"Point","coordinates":[-63.6052102641116,44.6523765674621]},"properties":{"OBJECTID":53647,"ASSETID":"TRE246529","TREEID":"TRE246529","ASSETCODE":"TRE","ASSETSTAT":"INS","SP_SCIEN":"Acer saccharum","SP_COMM":"Sugar Maple","DBH":1,"WIRES":"N","OWNER":"HRM","MAINTBY":"HRM","MODDATE":1759832803000,"dbhLabel":"0 to 7.9 cm","wiresLabel":"No"}},{"type":"Feature","id":53683,"geometry":{"type":"Point","coordinates":[-63.605098760727,44.6526246059999]},"properties":{"OBJECTID":53683,"ASSETID":"TRE134907","TREEID":"TRE134907","ASSETCODE":"TRE","ASSETSTAT":"INS","SP_SCIEN":"Syringa reticulata","SP_COMM":"Japanese Tree Lilac","DBH":1,"WIRES":"Y","OWNER":"HRM","MAINTBY":"HRM","MODDATE":1763667528000,"dbhLabel":"0 to 7.9 cm","wiresLabel":"Yes"}},{"type":"Feature","id":53735,"geometry":{"type":"Point","coordinates":[-63.6064176681254,44.6516725244564]},"properties":{"OBJECTID":53735,"ASSETID":"TRE244455","TREEID":"TRE244455","ASSETCODE":"TRE","ASSETSTAT":"INS","SP_SCIEN":"Acer campestre","SP_COMM":"Hedge Maple","DBH":1,"WIRES":"N","OWNER":"HRM","MAINTBY":"HRM","MODDATE":1759832803000,"dbhLabel":"0 to 7.9 cm","wiresLabel":"No"}},{"type":"Feature","id":53741,"geometry":{"type":"Point","coordinates":[-63.6071661992174,44.6521424265546]},"properties":{"OBJECTID":53741,"ASSETID":"TRE145464","TREEID":"TRE145464","ASSETCODE":"TRE","ASSETSTAT":"INS","SP_SCIEN":"Acer Platanoides","SP_COMM":"Norway Maple","DBH":5,"WIRES":"N","OWNER":"HRM","MAINTBY":null,"MODDATE":1759832803000,"dbhLabel":"46 to 60.9 cm","wiresLabel":"No"}},{"type":"Feature","id":53819,"geometry":{"type":"Point","coordinates":[-63.6065915729813,44.6525477883534]},"properties":{"OBJECTID":53819,"ASSETID":"TRE570077","TREEID":"TRE570077","ASSETCODE":"TRE","ASSETSTAT":"INS","SP_SCIEN":"Tilia americana","SP_COMM":"American Basswood","DBH":1,"WIRES":"N","OWNER":"HRM","MAINTBY":"HRM","MODDATE":1759832803000,"dbhLabel":"0 to 7.9 cm","wiresLabel":"No"}},{"type":"Feature","id":53876,"geometry":{"type":"Point","coordinates":[-63.580798464519,44.6421693824563]},"properties":{"OBJECTID":53876,"ASSETID":"TRE142258","TREEID":"TRE142258","ASSETCODE":"TRE","ASSETSTAT":"INS","SP_SCIEN":"Tilia europaea","SP_COMM":"European Linden","DBH":null,"WIRES":null,"OWNER":null,"MAINTBY":null,"MODDATE":1759832803000,"dbhLabel":"Unknown diameter band","wiresLabel":"Unknown"}},{"type":"Feature","id":53935,"geometry":{"type":"Point","coordinates":[-63.6065549980745,44.6514094767744]},"properties":{"OBJECTID":53935,"ASSETID":"TRE570017","TREEID":"TRE570017","ASSETCODE":"TRE","ASSETSTAT":"INS","SP_SCIEN":"Ulmus americana","SP_COMM":"American Elm","DBH":1,"WIRES":"Y","OWNER":"HRM","MAINTBY":"HRM","MODDATE":1759832803000,"dbhLabel":"0 to 7.9 cm","wiresLabel":"Yes"}},{"type":"Feature","id":54098,"geometry":{"type":"Point","coordinates":[-63.6040337980762,44.6512251722501]},"properties":{"OBJECTID":54098,"ASSETID":"TRE570659","TREEID":"TRE570659","ASSETCODE":"TRE","ASSETSTAT":"INS","SP_SCIEN":"Acer saccharum","SP_COMM":"Sugar Maple","DBH":1,"WIRES":"N","OWNER":"HRM","MAINTBY":"HRM","MODDATE":1759832803000,"dbhLabel":"0 to 7.9 cm","wiresLabel":"No"}},{"type":"Feature","id":54113,"geometry":{"type":"Point","coordinates":[-63.6057910204512,44.6519527243729]},"properties":{"OBJECTID":54113,"ASSETID":"TRE134888","TREEID":"TRE134888","ASSETCODE":"TRE","ASSETSTAT":"INS","SP_SCIEN":"Acer Platanoides","SP_COMM":"Norway Maple","DBH":7,"WIRES":"Y","OWNER":"HRM","MAINTBY":"HRM","MODDATE":1759832803000,"dbhLabel":"77 to 90.9 cm","wiresLabel":"Yes"}},{"type":"Feature","id":54124,"geometry":{"type":"Point","coordinates":[-63.6040861815353,44.6511929227324]},"properties":{"OBJECTID":54124,"ASSETID":"TRE134831","TREEID":"TRE134831","ASSETCODE":"TRE","ASSETSTAT":"INS","SP_SCIEN":"Ulmus americana","SP_COMM":"American Elm","DBH":6,"WIRES":"Y","OWNER":"HRM","MAINTBY":"HRM","MODDATE":1759832803000,"dbhLabel":"61 to 76.9 cm","wiresLabel":"Yes"}},{"type":"Feature","id":54128,"geometry":{"type":"Point","coordinates":[-63.6063667534117,44.6525715908623]},"properties":{"OBJECTID":54128,"ASSETID":"TRE134982","TREEID":"TRE134982","ASSETCODE":"TRE","ASSETSTAT":"INS","SP_SCIEN":"Acer saccharum","SP_COMM":"Sugar Maple","DBH":6,"WIRES":"Y","OWNER":"HRM","MAINTBY":"HRM","MODDATE":1759832803000,"dbhLabel":"61 to 76.9 cm","wiresLabel":"Yes"}},{"type":"Feature","id":54152,"geometry":{"type":"Point","coordinates":[-63.5795854936453,44.640913633339]},"properties":{"OBJECTID":54152,"ASSETID":"TRE128816","TREEID":"TRE128816","ASSETCODE":"TRE","ASSETSTAT":"INS","SP_SCIEN":"Tilia (genus)","SP_COMM":"Linden","DBH":4,"WIRES":"N","OWNER":"HRM","MAINTBY":"HRM","MODDATE":1759832803000,"dbhLabel":"31 to 45.9 cm","wiresLabel":"No"}},{"type":"Feature","id":54170,"geometry":{"type":"Point","coordinates":[-63.6074084173573,44.6526861689369]},"properties":{"OBJECTID":54170,"ASSETID":"TRE134572","TREEID":"TRE134572","ASSETCODE":"TRE","ASSETSTAT":"INS","SP_SCIEN":"Ulmus americana","SP_COMM":"American Elm","DBH":5,"WIRES":"Y","OWNER":"HRM","MAINTBY":"HRM","MODDATE":1759832803000,"dbhLabel":"46 to 60.9 cm","wiresLabel":"Yes"}},{"type":"Feature","id":54198,"geometry":{"type":"Point","coordinates":[-63.6039377196633,44.6524582222756]},"properties":{"OBJECTID":54198,"ASSETID":"TRE134876","TREEID":"TRE134876","ASSETCODE":"TRE","ASSETSTAT":"INS","SP_SCIEN":"Ulmus americana","SP_COMM":"American Elm","DBH":7,"WIRES":"Y","OWNER":"HRM","MAINTBY":"HRM","MODDATE":1759832803000,"dbhLabel":"77 to 90.9 cm","wiresLabel":"Yes"}},{"type":"Feature","id":54237,"geometry":{"type":"Point","coordinates":[-63.5923298746148,44.6452667081314]},"properties":{"OBJECTID":54237,"ASSETID":"TRE130330","TREEID":"TRE130330","ASSETCODE":"TRE","ASSETSTAT":"INS","SP_SCIEN":"Acer Platanoides","SP_COMM":"Norway Maple","DBH":6,"WIRES":"Y","OWNER":"HRM","MAINTBY":"HRM","MODDATE":1759832803000,"dbhLabel":"61 to 76.9 cm","wiresLabel":"Yes"}},{"type":"Feature","id":54253,"geometry":{"type":"Point","coordinates":[-63.6100704588191,44.6540794436259]},"properties":{"OBJECTID":54253,"ASSETID":"TRE145561","TREEID":"TRE145561","ASSETCODE":"TRE","ASSETSTAT":"INS","SP_SCIEN":"Fraxinus americana","SP_COMM":"White Ash","DBH":2,"WIRES":"N","OWNER":"HRM","MAINTBY":null,"MODDATE":1759832803000,"dbhLabel":"8 to 15.9 cm","wiresLabel":"No"}},{"type":"Feature","id":54273,"geometry":{"type":"Point","coordinates":[-63.5921503139659,44.6452000326191]},"properties":{"OBJECTID":54273,"ASSETID":"TRE130349","TREEID":"TRE130349","ASSETCODE":"TRE","ASSETSTAT":"INS","SP_SCIEN":"Acer Platanoides","SP_COMM":"Norway Maple","DBH":7,"WIRES":"Y","OWNER":"HRM","MAINTBY":"HRM","MODDATE":1759832803000,"dbhLabel":"77 to 90.9 cm","wiresLabel":"Yes"}},{"type":"Feature","id":54311,"geometry":{"type":"Point","coordinates":[-63.5918645985016,44.6467942212547]},"properties":{"OBJECTID":54311,"ASSETID":"TRE133988","TREEID":"TRE133988","ASSETCODE":"TRE","ASSETSTAT":"INS","SP_SCIEN":"Ulmus americana","SP_COMM":"American Elm","DBH":7,"WIRES":"Y","OWNER":"HRM","MAINTBY":"HRM","MODDATE":1759832803000,"dbhLabel":"77 to 90.9 cm","wiresLabel":"Yes"}},{"type":"Feature","id":54399,"geometry":{"type":"Point","coordinates":[-63.606548070267,44.6520436434627]},"properties":{"OBJECTID":54399,"ASSETID":"TRE134579","TREEID":"TRE134579","ASSETCODE":"TRE","ASSETSTAT":"INS","SP_SCIEN":"Acer Platanoides","SP_COMM":"Norway Maple","DBH":5,"WIRES":"Y","OWNER":"HRM","MAINTBY":"HRM","MODDATE":1759832803000,"dbhLabel":"46 to 60.9 cm","wiresLabel":"Yes"}},{"type":"Feature","id":54422,"geometry":{"type":"Point","coordinates":[-63.593947832968,44.6464790459488]},"properties":{"OBJECTID":54422,"ASSETID":"TRE128280","TREEID":"TRE128280","ASSETCODE":"TRE","ASSETSTAT":"INS","SP_SCIEN":"Pinus nigra","SP_COMM":"Austrian Pine","DBH":3,"WIRES":"N","OWNER":"HRM","MAINTBY":"HRM","MODDATE":1759832803000,"dbhLabel":"16 to 30.9cm","wiresLabel":"No"}},{"type":"Feature","id":54430,"geometry":{"type":"Point","coordinates":[-63.6074270232635,44.651955668484]},"properties":{"OBJECTID":54430,"ASSETID":"TRE145461","TREEID":"TRE145461","ASSETCODE":"TRE","ASSETSTAT":"INS","SP_SCIEN":"Acer Platanoides","SP_COMM":"Norway Maple","DBH":4,"WIRES":"Y","OWNER":"HRM","MAINTBY":null,"MODDATE":1759832803000,"dbhLabel":"31 to 45.9 cm","wiresLabel":"Yes"}},{"type":"Feature","id":54461,"geometry":{"type":"Point","coordinates":[-63.5691893151167,44.640139843693]},"properties":{"OBJECTID":54461,"ASSETID":"TRE128733","TREEID":"TRE128733","ASSETCODE":"TRE","ASSETSTAT":"INS","SP_SCIEN":"Acer Platanoides","SP_COMM":"Norway Maple","DBH":6,"WIRES":"Y","OWNER":"HRM","MAINTBY":"HRM","MODDATE":1759832803000,"dbhLabel":"61 to 76.9 cm","wiresLabel":"Yes"}},{"type":"Feature","id":54464,"geometry":{"type":"Point","coordinates":[-63.6049088380113,44.6532266145384]},"properties":{"OBJECTID":54464,"ASSETID":"TRE134676","TREEID":"TRE134676","ASSETCODE":"TRE","ASSETSTAT":"INS","SP_SCIEN":"Ulmus americana","SP_COMM":"American Elm","DBH":7,"WIRES":"Y","OWNER":"HRM","MAINTBY":"HRM","MODDATE":1759832803000,"dbhLabel":"77 to 90.9 cm","wiresLabel":"Yes"}},{"type":"Feature","id":54493,"geometry":{"type":"Point","coordinates":[-63.5930505732043,44.6466867480272]},"properties":{"OBJECTID":54493,"ASSETID":"TRE130558","TREEID":"TRE130558","ASSETCODE":"TRE","ASSETSTAT":"INS","SP_SCIEN":"Ulmus americana","SP_COMM":"American Elm","DBH":6,"WIRES":"N","OWNER":"HRM","MAINTBY":"HRM","MODDATE":1759832803000,"dbhLabel":"61 to 76.9 cm","wiresLabel":"No"}},{"type":"Feature","id":54494,"geometry":{"type":"Point","coordinates":[-63.5812480398776,44.6426309240685]},"properties":{"OBJECTID":54494,"ASSETID":"TRE142252","TREEID":"TRE142252","ASSETCODE":"TRE","ASSETSTAT":"INS","SP_SCIEN":"Betula papyrifera","SP_COMM":"Paper Birch","DBH":null,"WIRES":null,"OWNER":null,"MAINTBY":null,"MODDATE":1759832803000,"dbhLabel":"Unknown diameter band","wiresLabel":"Unknown"}},{"type":"Feature","id":54497,"geometry":{"type":"Point","coordinates":[-63.6040580175545,44.6527715566019]},"properties":{"OBJECTID":54497,"ASSETID":"TRE134628","TREEID":"TRE134628","ASSETCODE":"TRE","ASSETSTAT":"INS","SP_SCIEN":"Acer Platanoides","SP_COMM":"Norway Maple","DBH":7,"WIRES":"Y","OWNER":"HRM","MAINTBY":"HRM","MODDATE":1759832803000,"dbhLabel":"77 to 90.9 cm","wiresLabel":"Yes"}},{"type":"Feature","id":54499,"geometry":{"type":"Point","coordinates":[-63.5695175406569,44.6401331495413]},"properties":{"OBJECTID":54499,"ASSETID":"TRE133591","TREEID":"TRE133591","ASSETCODE":"TRE","ASSETSTAT":"INS","SP_SCIEN":"Acer saccharum","SP_COMM":"Sugar Maple","DBH":4,"WIRES":"N","OWNER":"HRM","MAINTBY":"HRM","MODDATE":1759832803000,"dbhLabel":"31 to 45.9 cm","wiresLabel":"No"}},{"type":"Feature","id":54503,"geometry":{"type":"Point","coordinates":[-63.6049552440805,44.6525613744512]},"properties":{"OBJECTID":54503,"ASSETID":"TRE134880","TREEID":"TRE134880","ASSETCODE":"TRE","ASSETSTAT":"INS","SP_SCIEN":"Platanus hybrida","SP_COMM":"London Planetree","DBH":3,"WIRES":"N","OWNER":"HRM","MAINTBY":"HRM","MODDATE":1759832803000,"dbhLabel":"16 to 30.9cm","wiresLabel":"No"}},{"type":"Feature","id":54512,"geometry":{"type":"Point","coordinates":[-63.6093075160551,44.6544974835355]},"properties":{"OBJECTID":54512,"ASSETID":"TRE135157","TREEID":"TRE135157","ASSETCODE":"TRE","ASSETSTAT":"INS","SP_SCIEN":"Acer Platanoides","SP_COMM":"Norway Maple","DBH":5,"WIRES":"Y","OWNER":"HRM","MAINTBY":"HRM","MODDATE":1759832803000,"dbhLabel":"46 to 60.9 cm","wiresLabel":"Yes"}},{"type":"Feature","id":54515,"geometry":{"type":"Point","coordinates":[-63.6072762051104,44.6519163757409]},"properties":{"OBJECTID":54515,"ASSETID":"TRE145468","TREEID":"TRE145468","ASSETCODE":"TRE","ASSETSTAT":"INS","SP_SCIEN":"Acer Platanoides","SP_COMM":"Norway Maple","DBH":2,"WIRES":"Y","OWNER":"HRM","MAINTBY":null,"MODDATE":1759832803000,"dbhLabel":"8 to 15.9 cm","wiresLabel":"Yes"}},{"type":"Feature","id":54540,"geometry":{"type":"Point","coordinates":[-63.6068002812662,44.6512328390488]},"properties":{"OBJECTID":54540,"ASSETID":"TRE145408","TREEID":"TRE145408","ASSETCODE":"TRE","ASSETSTAT":"INS","SP_SCIEN":"Catalpa speciosa","SP_COMM":"Northern Catalpa","DBH":5,"WIRES":"Y","OWNER":"HRM","MAINTBY":null,"MODDATE":1759832803000,"dbhLabel":"46 to 60.9 cm","wiresLabel":"Yes"}},{"type":"Feature","id":54548,"geometry":{"type":"Point","coordinates":[-63.5804096000021,44.6427832912442]},"properties":{"OBJECTID":54548,"ASSETID":"TRE142262","TREEID":"TRE142262","ASSETCODE":"TRE","ASSETSTAT":"INS","SP_SCIEN":"Ostrya virginiana","SP_COMM":"Eastern Hophornbeam","DBH":null,"WIRES":null,"OWNER":null,"MAINTBY":null,"MODDATE":1759832803000,"dbhLabel":"Unknown diameter band","wiresLabel":"Unknown"}},{"type":"Feature","id":54558,"geometry":{"type":"Point","coordinates":[-63.5938209665954,44.645527078267]},"properties":{"OBJECTID":54558,"ASSETID":"TRE128270","TREEID":"TRE128270","ASSETCODE":"TRE","ASSETSTAT":"INS","SP_SCIEN":"Acer Platanoides","SP_COMM":"Norway Maple","DBH":3,"WIRES":"Y","OWNER":"HRM","MAINTBY":"HRM","MODDATE":1759832803000,"dbhLabel":"16 to 30.9cm","wiresLabel":"Yes"}},{"type":"Feature","id":54622,"geometry":{"type":"Point","coordinates":[-63.607226106067,44.6519521626465]},"properties":{"OBJECTID":54622,"ASSETID":"TRE145467","TREEID":"TRE145467","ASSETCODE":"TRE","ASSETSTAT":"INS","SP_SCIEN":"Ginkgo biloba","SP_COMM":"Ginkgo","DBH":2,"WIRES":"Y","OWNER":"HRM","MAINTBY":null,"MODDATE":1759832803000,"dbhLabel":"8 to 15.9 cm","wiresLabel":"Yes"}},{"type":"Feature","id":54627,"geometry":{"type":"Point","coordinates":[-63.6054750263719,44.6510866955166]},"properties":{"OBJECTID":54627,"ASSETID":"TRE134528","TREEID":"TRE134528","ASSETCODE":"TRE","ASSETSTAT":"INS","SP_SCIEN":"Ulmus americana","SP_COMM":"American Elm","DBH":6,"WIRES":"Y","OWNER":"HRM","MAINTBY":"HRM","MODDATE":1759832803000,"dbhLabel":"61 to 76.9 cm","wiresLabel":"Yes"}},{"type":"Feature","id":54642,"geometry":{"type":"Point","coordinates":[-63.6038233183135,44.6515279822293]},"properties":{"OBJECTID":54642,"ASSETID":"TRE134845","TREEID":"TRE134845","ASSETCODE":"TRE","ASSETSTAT":"INS","SP_SCIEN":"Acer Platanoides","SP_COMM":"Norway Maple","DBH":6,"WIRES":"Y","OWNER":"HRM","MAINTBY":"HRM","MODDATE":1759832803000,"dbhLabel":"61 to 76.9 cm","wiresLabel":"Yes"}},{"type":"Feature","id":54691,"geometry":{"type":"Point","coordinates":[-63.609301566513,44.654142499704]},"properties":{"OBJECTID":54691,"ASSETID":"TRE246279","TREEID":"TRE246279","ASSETCODE":"TRE","ASSETSTAT":"INS","SP_SCIEN":"Quercus rubra","SP_COMM":"Northern Red Oak","DBH":1,"WIRES":"Y","OWNER":"HRM","MAINTBY":"HRM","MODDATE":1759832803000,"dbhLabel":"0 to 7.9 cm","wiresLabel":"Yes"}},{"type":"Feature","id":54699,"geometry":{"type":"Point","coordinates":[-63.607121824239,44.6531896698433]},"properties":{"OBJECTID":54699,"ASSETID":"TRE135035","TREEID":"TRE135035","ASSETCODE":"TRE","ASSETSTAT":"INS","SP_SCIEN":"Tilia (genus)","SP_COMM":"Linden","DBH":7,"WIRES":"Y","OWNER":"HRM","MAINTBY":"HRM","MODDATE":1759832803000,"dbhLabel":"77 to 90.9 cm","wiresLabel":"Yes"}},{"type":"Feature","id":54704,"geometry":{"type":"Point","coordinates":[-63.5937916716356,44.6465179461264]},"properties":{"OBJECTID":54704,"ASSETID":"TRE128278","TREEID":"TRE128278","ASSETCODE":"TRE","ASSETSTAT":"INS","SP_SCIEN":"Pinus nigra","SP_COMM":"Austrian Pine","DBH":3,"WIRES":"N","OWNER":"HRM","MAINTBY":"HRM","MODDATE":1759832803000,"dbhLabel":"16 to 30.9cm","wiresLabel":"No"}},{"type":"Feature","id":54715,"geometry":{"type":"Point","coordinates":[-63.5931542405848,44.6457060022473]},"properties":{"OBJECTID":54715,"ASSETID":"TRE128274","TREEID":"TRE128274","ASSETCODE":"TRE","ASSETSTAT":"INS","SP_SCIEN":"Tilia (genus)","SP_COMM":"Linden","DBH":5,"WIRES":"Y","OWNER":"HRM","MAINTBY":"HRM","MODDATE":1759832803000,"dbhLabel":"46 to 60.9 cm","wiresLabel":"Yes"}},{"type":"Feature","id":54718,"geometry":{"type":"Point","coordinates":[-63.5694222446766,44.6401567986279]},"properties":{"OBJECTID":54718,"ASSETID":"TRE133592","TREEID":"TRE133592","ASSETCODE":"TRE","ASSETSTAT":"INS","SP_SCIEN":"Acer Platanoides","SP_COMM":"Norway Maple","DBH":3,"WIRES":"N","OWNER":"HRM","MAINTBY":"HRM","MODDATE":1759832803000,"dbhLabel":"16 to 30.9cm","wiresLabel":"No"}},{"type":"Feature","id":54719,"geometry":{"type":"Point","coordinates":[-63.6073812549981,44.6508520943883]},"properties":{"OBJECTID":54719,"ASSETID":"TRE269757","TREEID":"TRE269757","ASSETCODE":"TRE","ASSETSTAT":"INS","SP_SCIEN":"Syringa reticulata","SP_COMM":"Japanese Tree Lilac","DBH":1,"WIRES":"Y","OWNER":null,"MAINTBY":null,"MODDATE":1759832803000,"dbhLabel":"0 to 7.9 cm","wiresLabel":"Yes"}},{"type":"Feature","id":54722,"geometry":{"type":"Point","coordinates":[-63.6049885113904,44.6515501197765]},"properties":{"OBJECTID":54722,"ASSETID":"TRE246428","TREEID":"TRE246428","ASSETCODE":"TRE","ASSETSTAT":"INS","SP_SCIEN":"Tilia americana","SP_COMM":"American Basswood","DBH":1,"WIRES":"Y","OWNER":"HRM","MAINTBY":"HRM","MODDATE":1759832803000,"dbhLabel":"0 to 7.9 cm","wiresLabel":"Yes"}},{"type":"Feature","id":54725,"geometry":{"type":"Point","coordinates":[-63.5799106676085,44.6417023480268]},"properties":{"OBJECTID":54725,"ASSETID":"TRE128886","TREEID":"TRE128886","ASSETCODE":"TRE","ASSETSTAT":"INS","SP_SCIEN":"Tilia (genus)","SP_COMM":"Linden","DBH":5,"WIRES":"N","OWNER":"HRM","MAINTBY":"HRM","MODDATE":1759832803000,"dbhLabel":"46 to 60.9 cm","wiresLabel":"No"}},{"type":"Feature","id":54750,"geometry":{"type":"Point","coordinates":[-63.6066034882352,44.6518806143753]},"properties":{"OBJECTID":54750,"ASSETID":"TRE145195","TREEID":"TRE145195","ASSETCODE":"TRE","ASSETSTAT":"INS","SP_SCIEN":"Crataegus mordenensis","SP_COMM":"Morden Hawthorn","DBH":5,"WIRES":"Y","OWNER":"HRM","MAINTBY":null,"MODDATE":1759832803000,"dbhLabel":"46 to 60.9 cm","wiresLabel":"Yes"}},{"type":"Feature","id":54751,"geometry":{"type":"Point","coordinates":[-63.6063763806566,44.651915236311]},"properties":{"OBJECTID":54751,"ASSETID":"TRE134581","TREEID":"TRE134581","ASSETCODE":"TRE","ASSETSTAT":"INS","SP_SCIEN":"Ulmus americana","SP_COMM":"American Elm","DBH":7,"WIRES":"Y","OWNER":"HRM","MAINTBY":"HRM","MODDATE":1759832803000,"dbhLabel":"77 to 90.9 cm","wiresLabel":"Yes"}},{"type":"Feature","id":54758,"geometry":{"type":"Point","coordinates":[-63.6053518044644,44.6510436393897]},"properties":{"OBJECTID":54758,"ASSETID":"TRE245503","TREEID":"TRE245503","ASSETCODE":"TRE","ASSETSTAT":"INS","SP_SCIEN":"Platanus hybrida","SP_COMM":"London Planetree","DBH":1,"WIRES":"Y","OWNER":"HRM","MAINTBY":"HRM","MODDATE":1759832803000,"dbhLabel":"0 to 7.9 cm","wiresLabel":"Yes"}},{"type":"Feature","id":54770,"geometry":{"type":"Point","coordinates":[-63.6098793539205,44.6545961333653]},"properties":{"OBJECTID":54770,"ASSETID":"TRE145214","TREEID":"TRE145214","ASSETCODE":"TRE","ASSETSTAT":"INS","SP_SCIEN":"Acer Platanoides","SP_COMM":"Norway Maple","DBH":4,"WIRES":"Y","OWNER":"HRM","MAINTBY":null,"MODDATE":1759832803000,"dbhLabel":"31 to 45.9 cm","wiresLabel":"Yes"}},{"type":"Feature","id":54773,"geometry":{"type":"Point","coordinates":[-63.5928805724267,44.6458850215433]},"properties":{"OBJECTID":54773,"ASSETID":"TRE130545","TREEID":"TRE130545","ASSETCODE":"TRE","ASSETSTAT":"INS","SP_SCIEN":"Tilia (genus)","SP_COMM":"Linden","DBH":7,"WIRES":"Y","OWNER":"HRM","MAINTBY":"HRM","MODDATE":1759832803000,"dbhLabel":"77 to 90.9 cm","wiresLabel":"Yes"}},{"type":"Feature","id":54785,"geometry":{"type":"Point","coordinates":[-63.6058279780403,44.6529633451288]},"properties":{"OBJECTID":54785,"ASSETID":"TRE134988","TREEID":"TRE134988","ASSETCODE":"TRE","ASSETSTAT":"INS","SP_SCIEN":"Acer saccharum","SP_COMM":"Sugar Maple","DBH":1,"WIRES":"Y","OWNER":"HRM","MAINTBY":"HRM","MODDATE":1759832803000,"dbhLabel":"0 to 7.9 cm","wiresLabel":"Yes"}},{"type":"Feature","id":54789,"geometry":{"type":"Point","coordinates":[-63.605912154674,44.6514072886409]},"properties":{"OBJECTID":54789,"ASSETID":"TRE134532","TREEID":"TRE134532","ASSETCODE":"TRE","ASSETSTAT":"INS","SP_SCIEN":"Ulmus americana","SP_COMM":"American Elm","DBH":3,"WIRES":"N","OWNER":"HRM","MAINTBY":"HRM","MODDATE":1759832803000,"dbhLabel":"16 to 30.9cm","wiresLabel":"No"}},{"type":"Feature","id":54863,"geometry":{"type":"Point","coordinates":[-63.6070642745686,44.6512091638024]},"properties":{"OBJECTID":54863,"ASSETID":"TRE145416","TREEID":"TRE145416","ASSETCODE":"TRE","ASSETSTAT":"INS","SP_SCIEN":"Acer Platanoides","SP_COMM":"Norway Maple","DBH":4,"WIRES":"N","OWNER":"HRM","MAINTBY":null,"MODDATE":1759832803000,"dbhLabel":"31 to 45.9 cm","wiresLabel":"No"}},{"type":"Feature","id":54926,"geometry":{"type":"Point","coordinates":[-63.6055082882919,44.6523693053314]},"properties":{"OBJECTID":54926,"ASSETID":"TRE134902","TREEID":"TRE134902","ASSETCODE":"TRE","ASSETSTAT":"INS","SP_SCIEN":"Ulmus americana","SP_COMM":"American Elm","DBH":8,"WIRES":"Y","OWNER":"HRM","MAINTBY":"HRM","MODDATE":1759832803000,"dbhLabel":"91 to 106.9 cm","wiresLabel":"Yes"}},{"type":"Feature","id":54933,"geometry":{"type":"Point","coordinates":[-63.6056560934955,44.6522683249391]},"properties":{"OBJECTID":54933,"ASSETID":"TRE134900","TREEID":"TRE134900","ASSETCODE":"TRE","ASSETSTAT":"INS","SP_SCIEN":"Fagus sylvatica","SP_COMM":"European Beech","DBH":3,"WIRES":"N","OWNER":"HRM","MAINTBY":"HRM","MODDATE":1759832803000,"dbhLabel":"16 to 30.9cm","wiresLabel":"No"}},{"type":"Feature","id":54966,"geometry":{"type":"Point","coordinates":[-63.604673687816,44.652933728148]},"properties":{"OBJECTID":54966,"ASSETID":"TRE134911","TREEID":"TRE134911","ASSETCODE":"TRE","ASSETSTAT":"INS","SP_SCIEN":"Acer Platanoides","SP_COMM":"Norway Maple","DBH":6,"WIRES":"Y","OWNER":"HRM","MAINTBY":"HRM","MODDATE":1759832803000,"dbhLabel":"61 to 76.9 cm","wiresLabel":"Yes"}},{"type":"Feature","id":54973,"geometry":{"type":"Point","coordinates":[-63.6072513990322,44.6530943943037]},"properties":{"OBJECTID":54973,"ASSETID":"TRE135036","TREEID":"TRE135036","ASSETCODE":"TRE","ASSETSTAT":"INS","SP_SCIEN":"Acer freemanii  ","SP_COMM":"Freeman Maple","DBH":4,"WIRES":"Y","OWNER":"HRM","MAINTBY":"HRM","MODDATE":1759832803000,"dbhLabel":"31 to 45.9 cm","wiresLabel":"Yes"}},{"type":"Feature","id":55055,"geometry":{"type":"Point","coordinates":[-63.6053691832719,44.6524291801787]},"properties":{"OBJECTID":55055,"ASSETID":"TRE134904","TREEID":"TRE134904","ASSETCODE":"TRE","ASSETSTAT":"INS","SP_SCIEN":"Ginkgo biloba","SP_COMM":"Ginkgo","DBH":1,"WIRES":"Y","OWNER":"HRM","MAINTBY":"HRM","MODDATE":1759832803000,"dbhLabel":"0 to 7.9 cm","wiresLabel":"Yes"}},{"type":"Feature","id":55144,"geometry":{"type":"Point","coordinates":[-63.6038682798918,44.6526412275392]},"properties":{"OBJECTID":55144,"ASSETID":"TRE134626","TREEID":"TRE134626","ASSETCODE":"TRE","ASSETSTAT":"INS","SP_SCIEN":"Ulmus americana","SP_COMM":"American Elm","DBH":6,"WIRES":"Y","OWNER":"HRM","MAINTBY":"HRM","MODDATE":1759832803000,"dbhLabel":"61 to 76.9 cm","wiresLabel":"Yes"}},{"type":"Feature","id":55238,"geometry":{"type":"Point","coordinates":[-63.5698658210858,44.6398496045586]},"properties":{"OBJECTID":55238,"ASSETID":"TRE133580","TREEID":"TRE133580","ASSETCODE":"TRE","ASSETSTAT":"INS","SP_SCIEN":"Fraxinus pennsylvanica","SP_COMM":"Green Ash","DBH":3,"WIRES":"N","OWNER":"HRM","MAINTBY":"HRM","MODDATE":1759832803000,"dbhLabel":"16 to 30.9cm","wiresLabel":"No"}},{"type":"Feature","id":55239,"geometry":{"type":"Point","coordinates":[-63.5794593692811,44.6408382338499]},"properties":{"OBJECTID":55239,"ASSETID":"TRE128828","TREEID":"TRE128828","ASSETCODE":"TRE","ASSETSTAT":"INS","SP_SCIEN":"Tilia (genus)","SP_COMM":"Linden","DBH":5,"WIRES":"N","OWNER":"HRM","MAINTBY":"HRM","MODDATE":1759832803000,"dbhLabel":"46 to 60.9 cm","wiresLabel":"No"}},{"type":"Feature","id":55243,"geometry":{"type":"Point","coordinates":[-63.6044130101953,44.6519673056134]},"properties":{"OBJECTID":55243,"ASSETID":"TRE134854","TREEID":"TRE134854","ASSETCODE":"TRE","ASSETSTAT":"INS","SP_SCIEN":"Ulmus americana","SP_COMM":"American Elm","DBH":7,"WIRES":"Y","OWNER":"HRM","MAINTBY":"HRM","MODDATE":1759832803000,"dbhLabel":"77 to 90.9 cm","wiresLabel":"Yes"}},{"type":"Feature","id":55288,"geometry":{"type":"Point","coordinates":[-63.5697490436921,44.639458432228]},"properties":{"OBJECTID":55288,"ASSETID":"TRE128747","TREEID":"TRE128747","ASSETCODE":"TRE","ASSETSTAT":"INS","SP_SCIEN":"Ginkgo biloba","SP_COMM":"Ginkgo","DBH":2,"WIRES":"N","OWNER":"HRM","MAINTBY":"HRM","MODDATE":1759832803000,"dbhLabel":"8 to 15.9 cm","wiresLabel":"No"}},{"type":"Feature","id":55303,"geometry":{"type":"Point","coordinates":[-63.6073022939829,44.6526072930097]},"properties":{"OBJECTID":55303,"ASSETID":"TRE134573","TREEID":"TRE134573","ASSETCODE":"TRE","ASSETSTAT":"INS","SP_SCIEN":"Acer Platanoides","SP_COMM":"Norway Maple","DBH":4,"WIRES":"Y","OWNER":"HRM","MAINTBY":"HRM","MODDATE":1759832803000,"dbhLabel":"31 to 45.9 cm","wiresLabel":"Yes"}},{"type":"Feature","id":55309,"geometry":{"type":"Point","coordinates":[-63.5947061880359,44.6452944800386]},"properties":{"OBJECTID":55309,"ASSETID":"TRE128263","TREEID":"TRE128263","ASSETCODE":"TRE","ASSETSTAT":"INS","SP_SCIEN":"Acer Platanoides","SP_COMM":"Norway Maple","DBH":3,"WIRES":"Y","OWNER":"HRM","MAINTBY":"HRM","MODDATE":1759832803000,"dbhLabel":"16 to 30.9cm","wiresLabel":"Yes"}},{"type":"Feature","id":55377,"geometry":{"type":"Point","coordinates":[-63.5694608228265,44.6398567544818]},"properties":{"OBJECTID":55377,"ASSETID":"TRE133578","TREEID":"TRE133578","ASSETCODE":"TRE","ASSETSTAT":"INS","SP_SCIEN":"Liriodendron tulipifera","SP_COMM":"Tulip Tree","DBH":2,"WIRES":"N","OWNER":"HRM","MAINTBY":"HRM","MODDATE":1759832803000,"dbhLabel":"8 to 15.9 cm","wiresLabel":"No"}},{"type":"Feature","id":55410,"geometry":{"type":"Point","coordinates":[-63.6060949690208,44.6515385503034]},"properties":{"OBJECTID":55410,"ASSETID":"TRE134540","TREEID":"TRE134540","ASSETCODE":"TRE","ASSETSTAT":"INS","SP_SCIEN":"Acer Platanoides","SP_COMM":"Norway Maple","DBH":5,"WIRES":"Y","OWNER":"HRM","MAINTBY":"HRM","MODDATE":1759832803000,"dbhLabel":"46 to 60.9 cm","wiresLabel":"Yes"}},{"type":"Feature","id":55461,"geometry":{"type":"Point","coordinates":[-63.5808350753584,44.6428780468346]},"properties":{"OBJECTID":55461,"ASSETID":"TRE142416","TREEID":"TRE142416","ASSETCODE":"TRE","ASSETSTAT":"INS","SP_SCIEN":"Acer palmatum","SP_COMM":"Japanese Maple","DBH":null,"WIRES":null,"OWNER":null,"MAINTBY":null,"MODDATE":1759832803000,"dbhLabel":"Unknown diameter band","wiresLabel":"Unknown"}},{"type":"Feature","id":55512,"geometry":{"type":"Point","coordinates":[-63.57940409684,44.6407065261164]},"properties":{"OBJECTID":55512,"ASSETID":"TRE128829","TREEID":"TRE128829","ASSETCODE":"TRE","ASSETSTAT":"INS","SP_SCIEN":"Tilia (genus)","SP_COMM":"Linden","DBH":5,"WIRES":"N","OWNER":"HRM","MAINTBY":"HRM","MODDATE":1759832803000,"dbhLabel":"46 to 60.9 cm","wiresLabel":"No"}},{"type":"Feature","id":55571,"geometry":{"type":"Point","coordinates":[-63.5949355351145,44.6453490191095]},"properties":{"OBJECTID":55571,"ASSETID":"TRE128293","TREEID":"TRE128293","ASSETCODE":"TRE","ASSETSTAT":"INS","SP_SCIEN":"Ulmus americana","SP_COMM":"American Elm","DBH":5,"WIRES":"Y","OWNER":"HRM","MAINTBY":"HRM","MODDATE":1759832803000,"dbhLabel":"46 to 60.9 cm","wiresLabel":"Yes"}},{"type":"Feature","id":55600,"geometry":{"type":"Point","coordinates":[-63.5690571756334,44.6398582885257]},"properties":{"OBJECTID":55600,"ASSETID":"TRE128730","TREEID":"TRE128730","ASSETCODE":"TRE","ASSETSTAT":"INS","SP_SCIEN":"Acer Platanoides","SP_COMM":"Norway Maple","DBH":4,"WIRES":"Y","OWNER":"HRM","MAINTBY":"HRM","MODDATE":1759832803000,"dbhLabel":"31 to 45.9 cm","wiresLabel":"Yes"}},{"type":"Feature","id":55606,"geometry":{"type":"Point","coordinates":[-63.5936739177732,44.6455647097866]},"properties":{"OBJECTID":55606,"ASSETID":"TRE128271","TREEID":"TRE128271","ASSETCODE":"TRE","ASSETSTAT":"INS","SP_SCIEN":"Ulmus americana","SP_COMM":"American Elm","DBH":7,"WIRES":"Y","OWNER":"HRM","MAINTBY":"HRM","MODDATE":1759832803000,"dbhLabel":"77 to 90.9 cm","wiresLabel":"Yes"}},{"type":"Feature","id":55637,"geometry":{"type":"Point","coordinates":[-63.5793479485415,44.64057442499]},"properties":{"OBJECTID":55637,"ASSETID":"TRE128831","TREEID":"TRE128831","ASSETCODE":"TRE","ASSETSTAT":"INS","SP_SCIEN":"Tilia (genus)","SP_COMM":"Linden","DBH":5,"WIRES":"N","OWNER":"HRM","MAINTBY":"HRM","MODDATE":1759832803000,"dbhLabel":"46 to 60.9 cm","wiresLabel":"No"}},{"type":"Feature","id":55647,"geometry":{"type":"Point","coordinates":[-63.6042444305524,44.6512243491412]},"properties":{"OBJECTID":55647,"ASSETID":"TRE134841","TREEID":"TRE134841","ASSETCODE":"TRE","ASSETSTAT":"INS","SP_SCIEN":"Tilia (genus)","SP_COMM":"Linden","DBH":6,"WIRES":"Y","OWNER":"HRM","MAINTBY":"HRM","MODDATE":1759832803000,"dbhLabel":"61 to 76.9 cm","wiresLabel":"Yes"}},{"type":"Feature","id":55656,"geometry":{"type":"Point","coordinates":[-63.6073685258705,44.6530091195851]},"properties":{"OBJECTID":55656,"ASSETID":"TRE135037","TREEID":"TRE135037","ASSETCODE":"TRE","ASSETSTAT":"INS","SP_SCIEN":"Tilia (genus)","SP_COMM":"Linden","DBH":3,"WIRES":"Y","OWNER":"HRM","MAINTBY":"HRM","MODDATE":1759832803000,"dbhLabel":"16 to 30.9cm","wiresLabel":"Yes"}},{"type":"Feature","id":55752,"geometry":{"type":"Point","coordinates":[-63.5805226727436,44.6427455275332]},"properties":{"OBJECTID":55752,"ASSETID":"TRE141931","TREEID":"TRE141931","ASSETCODE":"TRE","ASSETSTAT":"INS","SP_SCIEN":"Catalpa speciosa","SP_COMM":"Northern Catalpa","DBH":null,"WIRES":null,"OWNER":null,"MAINTBY":null,"MODDATE":1759832803000,"dbhLabel":"Unknown diameter band","wiresLabel":"Unknown"}},{"type":"Feature","id":55763,"geometry":{"type":"Point","coordinates":[-63.5695923793032,44.639275855176]},"properties":{"OBJECTID":55763,"ASSETID":"TRE128740","TREEID":"TRE128740","ASSETCODE":"TRE","ASSETSTAT":"INS","SP_SCIEN":"Ulmus americana","SP_COMM":"American Elm","DBH":9,"WIRES":"Y","OWNER":"HRM","MAINTBY":"HRM","MODDATE":1759832803000,"dbhLabel":">107 cm","wiresLabel":"Yes"}},{"type":"Feature","id":58335,"geometry":{"type":"Point","coordinates":[-63.5563075404178,44.6701808997674]},"properties":{"OBJECTID":58335,"ASSETID":"TRE205983","TREEID":"TRE205983","ASSETCODE":"TRE","ASSETSTAT":"INS","SP_SCIEN":"Ulmus americana","SP_COMM":"American Elm","DBH":7,"WIRES":"Y","OWNER":"HRM","MAINTBY":"HRM","MODDATE":1759833442000,"dbhLabel":"77 to 90.9 cm","wiresLabel":"Yes"}},{"type":"Feature","id":58407,"geometry":{"type":"Point","coordinates":[-63.5758959429918,44.6663503828959]},"properties":{"OBJECTID":58407,"ASSETID":"TRE212702","TREEID":"TRE212702","ASSETCODE":"TRE","ASSETSTAT":"INS","SP_SCIEN":"Malus (genus)","SP_COMM":"Apple","DBH":4,"WIRES":"N","OWNER":"HRM","MAINTBY":"HRM","MODDATE":1759833442000,"dbhLabel":"31 to 45.9 cm","wiresLabel":"No"}},{"type":"Feature","id":58477,"geometry":{"type":"Point","coordinates":[-63.5589556328399,44.6694513780361]},"properties":{"OBJECTID":58477,"ASSETID":"TRE205902","TREEID":"TRE205902","ASSETCODE":"TRE","ASSETSTAT":"INS","SP_SCIEN":"Acer Platanoides","SP_COMM":"Norway Maple","DBH":4,"WIRES":"N","OWNER":"HRM","MAINTBY":"HRM","MODDATE":1759833442000,"dbhLabel":"31 to 45.9 cm","wiresLabel":"No"}},{"type":"Feature","id":58532,"geometry":{"type":"Point","coordinates":[-63.5749124611306,44.6678593071713]},"properties":{"OBJECTID":58532,"ASSETID":"TRE212715","TREEID":"TRE212715","ASSETCODE":"TRE","ASSETSTAT":"INS","SP_SCIEN":null,"SP_COMM":null,"DBH":2,"WIRES":"N","OWNER":"HRM","MAINTBY":"HRM","MODDATE":1759833442000,"dbhLabel":"8 to 15.9 cm","wiresLabel":"No"}},{"type":"Feature","id":58565,"geometry":{"type":"Point","coordinates":[-63.5748477689554,44.6687712053178]},"properties":{"OBJECTID":58565,"ASSETID":"TRE212737","TREEID":"TRE212737","ASSETCODE":"TRE","ASSETSTAT":"INS","SP_SCIEN":"Pinus sylvestris","SP_COMM":"Scotch Pine","DBH":4,"WIRES":"N","OWNER":"HRM","MAINTBY":"HRM","MODDATE":1759833442000,"dbhLabel":"31 to 45.9 cm","wiresLabel":"No"}},{"type":"Feature","id":58944,"geometry":{"type":"Point","coordinates":[-63.5749290943364,44.6676947547416]},"properties":{"OBJECTID":58944,"ASSETID":"TRE212712","TREEID":"TRE212712","ASSETCODE":"TRE","ASSETSTAT":"INS","SP_SCIEN":"Syringa vulgaris","SP_COMM":"Common Lilac","DBH":1,"WIRES":"N","OWNER":"HRM","MAINTBY":"HRM","MODDATE":1759833442000,"dbhLabel":"0 to 7.9 cm","wiresLabel":"No"}},{"type":"Feature","id":58945,"geometry":{"type":"Point","coordinates":[-63.5750110934538,44.6685514093274]},"properties":{"OBJECTID":58945,"ASSETID":"TRE213414","TREEID":"TRE213414","ASSETCODE":"TRE","ASSETSTAT":"INS","SP_SCIEN":"Ulmus americana","SP_COMM":"American Elm","DBH":3,"WIRES":"N","OWNER":"HRM","MAINTBY":"HRM","MODDATE":1759833442000,"dbhLabel":"16 to 30.9cm","wiresLabel":"No"}},{"type":"Feature","id":59019,"geometry":{"type":"Point","coordinates":[-63.5576910771093,44.6679689056728]},"properties":{"OBJECTID":59019,"ASSETID":"TRE217803","TREEID":"TRE217803","ASSETCODE":"TRE","ASSETSTAT":"INS","SP_SCIEN":"Tilia americana","SP_COMM":"American Basswood","DBH":7,"WIRES":"Y","OWNER":"HRM","MAINTBY":"HRM","MODDATE":1759833442000,"dbhLabel":"77 to 90.9 cm","wiresLabel":"Yes"}},{"type":"Feature","id":59025,"geometry":{"type":"Point","coordinates":[-63.5576386514294,44.668060463441]},"properties":{"OBJECTID":59025,"ASSETID":"TRE217800","TREEID":"TRE217800","ASSETCODE":"TRE","ASSETSTAT":"INS","SP_SCIEN":"Tilia americana","SP_COMM":"American Basswood","DBH":7,"WIRES":"N","OWNER":"HRM","MAINTBY":"HRM","MODDATE":1759833442000,"dbhLabel":"77 to 90.9 cm","wiresLabel":"No"}},{"type":"Feature","id":59026,"geometry":{"type":"Point","coordinates":[-63.5750972472795,44.6686006220057]},"properties":{"OBJECTID":59026,"ASSETID":"TRE213415","TREEID":"TRE213415","ASSETCODE":"TRE","ASSETSTAT":"INS","SP_SCIEN":"Acer saccharum","SP_COMM":"Sugar Maple","DBH":2,"WIRES":"N","OWNER":"HRM","MAINTBY":"HRM","MODDATE":1759833442000,"dbhLabel":"8 to 15.9 cm","wiresLabel":"No"}},{"type":"Feature","id":59032,"geometry":{"type":"Point","coordinates":[-63.5750191351723,44.6683232266798]},"properties":{"OBJECTID":59032,"ASSETID":"TRE212722","TREEID":"TRE212722","ASSETCODE":"TRE","ASSETSTAT":"INS","SP_SCIEN":"Quercus rubra","SP_COMM":"Northern Red Oak","DBH":1,"WIRES":"N","OWNER":"HRM","MAINTBY":"HRM","MODDATE":1759833442000,"dbhLabel":"0 to 7.9 cm","wiresLabel":"No"}},{"type":"Feature","id":59043,"geometry":{"type":"Point","coordinates":[-63.5568499970852,44.670509349919]},"properties":{"OBJECTID":59043,"ASSETID":"TRE205985","TREEID":"TRE205985","ASSETCODE":"TRE","ASSETSTAT":"INS","SP_SCIEN":"Acer Platanoides","SP_COMM":"Norway Maple","DBH":4,"WIRES":"Y","OWNER":"HRM","MAINTBY":"HRM","MODDATE":1759833442000,"dbhLabel":"31 to 45.9 cm","wiresLabel":"Yes"}},{"type":"Feature","id":59049,"geometry":{"type":"Point","coordinates":[-63.5687638541335,44.6651496221467]},"properties":{"OBJECTID":59049,"ASSETID":"TRE214984","TREEID":"TRE214984","ASSETCODE":"TRE","ASSETSTAT":"INS","SP_SCIEN":"Ulmus americana","SP_COMM":"American Elm","DBH":1,"WIRES":"N","OWNER":"HRM","MAINTBY":"HRM","MODDATE":1759833442000,"dbhLabel":"0 to 7.9 cm","wiresLabel":"No"}},{"type":"Feature","id":59081,"geometry":{"type":"Point","coordinates":[-63.5746233976452,44.6673892826312]},"properties":{"OBJECTID":59081,"ASSETID":"TRE212696","TREEID":"TRE212696","ASSETCODE":"TRE","ASSETSTAT":"INS","SP_SCIEN":"Ulmus americana","SP_COMM":"American Elm","DBH":9,"WIRES":"Y","OWNER":"HRM","MAINTBY":"HRM","MODDATE":1759833442000,"dbhLabel":">107 cm","wiresLabel":"Yes"}},{"type":"Feature","id":59082,"geometry":{"type":"Point","coordinates":[-63.5600185697897,44.6701777131796]},"properties":{"OBJECTID":59082,"ASSETID":"TRE205957","TREEID":"TRE205957","ASSETCODE":"TRE","ASSETSTAT":"INS","SP_SCIEN":"Acer Platanoides","SP_COMM":"Norway Maple","DBH":3,"WIRES":"Y","OWNER":"HRM","MAINTBY":"HRM","MODDATE":1759833442000,"dbhLabel":"16 to 30.9cm","wiresLabel":"Yes"}},{"type":"Feature","id":59083,"geometry":{"type":"Point","coordinates":[-63.5574368718503,44.6682517727172]},"properties":{"OBJECTID":59083,"ASSETID":"TRE217793","TREEID":"TRE217793","ASSETCODE":"TRE","ASSETSTAT":"INS","SP_SCIEN":"Ulmus americana","SP_COMM":"American Elm","DBH":5,"WIRES":"N","OWNER":"HRM","MAINTBY":"HRM","MODDATE":1759833442000,"dbhLabel":"46 to 60.9 cm","wiresLabel":"No"}},{"type":"Feature","id":59087,"geometry":{"type":"Point","coordinates":[-63.5749335769296,44.6676901944288]},"properties":{"OBJECTID":59087,"ASSETID":"TRE212711","TREEID":"TRE212711","ASSETCODE":"TRE","ASSETSTAT":"INS","SP_SCIEN":"Syringa vulgaris","SP_COMM":"Common Lilac","DBH":1,"WIRES":"N","OWNER":"HRM","MAINTBY":"HRM","MODDATE":1759833442000,"dbhLabel":"0 to 7.9 cm","wiresLabel":"No"}},{"type":"Feature","id":59095,"geometry":{"type":"Point","coordinates":[-63.5573224660089,44.6687388256463]},"properties":{"OBJECTID":59095,"ASSETID":"TRE217779","TREEID":"TRE217779","ASSETCODE":"TRE","ASSETSTAT":"INS","SP_SCIEN":"Fraxinus excelsior","SP_COMM":"European Ash","DBH":3,"WIRES":"N","OWNER":"HRM","MAINTBY":"HRM","MODDATE":1759833442000,"dbhLabel":"16 to 30.9cm","wiresLabel":"No"}},{"type":"Feature","id":59098,"geometry":{"type":"Point","coordinates":[-63.5742086059527,44.6687166199136]},"properties":{"OBJECTID":59098,"ASSETID":"TRE212667","TREEID":"TRE212667","ASSETCODE":"TRE","ASSETSTAT":"INS","SP_SCIEN":"Acer Platanoides","SP_COMM":"Norway Maple","DBH":2,"WIRES":"N","OWNER":"HRM","MAINTBY":"HRM","MODDATE":1759833442000,"dbhLabel":"8 to 15.9 cm","wiresLabel":"No"}},{"type":"Feature","id":59131,"geometry":{"type":"Point","coordinates":[-63.5739007218638,44.6664411676058]},"properties":{"OBJECTID":59131,"ASSETID":"TRE212698","TREEID":"TRE212698","ASSETCODE":"TRE","ASSETSTAT":"INS","SP_SCIEN":"Acer Platanoides","SP_COMM":"Norway Maple","DBH":1,"WIRES":"Y","OWNER":"HRM","MAINTBY":"HRM","MODDATE":1759833442000,"dbhLabel":"0 to 7.9 cm","wiresLabel":"Yes"}},{"type":"Feature","id":59136,"geometry":{"type":"Point","coordinates":[-63.557451054452,44.6682194489763]},"properties":{"OBJECTID":59136,"ASSETID":"TRE217794","TREEID":"TRE217794","ASSETCODE":"TRE","ASSETSTAT":"INS","SP_SCIEN":"Ulmus americana","SP_COMM":"American Elm","DBH":4,"WIRES":"N","OWNER":"HRM","MAINTBY":"HRM","MODDATE":1759833442000,"dbhLabel":"31 to 45.9 cm","wiresLabel":"No"}},{"type":"Feature","id":59137,"geometry":{"type":"Point","coordinates":[-63.5756992676402,44.668356885603]},"properties":{"OBJECTID":59137,"ASSETID":"TRE212726","TREEID":"TRE212726","ASSETCODE":"TRE","ASSETSTAT":"INS","SP_SCIEN":"Pinus resinosa","SP_COMM":"Red Pine","DBH":5,"WIRES":"N","OWNER":"HRM","MAINTBY":"HRM","MODDATE":1759833442000,"dbhLabel":"46 to 60.9 cm","wiresLabel":"No"}},{"type":"Feature","id":59153,"geometry":{"type":"Point","coordinates":[-63.5573632809639,44.6684260292816]},"properties":{"OBJECTID":59153,"ASSETID":"TRE217785","TREEID":"TRE217785","ASSETCODE":"TRE","ASSETSTAT":"INS","SP_SCIEN":"Tilia americana","SP_COMM":"American Basswood","DBH":7,"WIRES":"N","OWNER":"HRM","MAINTBY":"HRM","MODDATE":1759833442000,"dbhLabel":"77 to 90.9 cm","wiresLabel":"No"}},{"type":"Feature","id":59154,"geometry":{"type":"Point","coordinates":[-63.5573051419987,44.6686036655738]},"properties":{"OBJECTID":59154,"ASSETID":"TRE217783","TREEID":"TRE217783","ASSETCODE":"TRE","ASSETSTAT":"INS","SP_SCIEN":"Tilia americana","SP_COMM":"American Basswood","DBH":8,"WIRES":"Y","OWNER":"HRM","MAINTBY":"HRM","MODDATE":1759833442000,"dbhLabel":"91 to 106.9 cm","wiresLabel":"Yes"}},{"type":"Feature","id":59160,"geometry":{"type":"Point","coordinates":[-63.5575301735706,44.6680476482626]},"properties":{"OBJECTID":59160,"ASSETID":"TRE217799","TREEID":"TRE217799","ASSETCODE":"TRE","ASSETSTAT":"INS","SP_SCIEN":"Ulmus americana","SP_COMM":"American Elm","DBH":3,"WIRES":"Y","OWNER":"HRM","MAINTBY":"HRM","MODDATE":1759833442000,"dbhLabel":"16 to 30.9cm","wiresLabel":"Yes"}},{"type":"Feature","id":59189,"geometry":{"type":"Point","coordinates":[-63.5574690387239,44.6684245189926]},"properties":{"OBJECTID":59189,"ASSETID":"TRE217788","TREEID":"TRE217788","ASSETCODE":"TRE","ASSETSTAT":"INS","SP_SCIEN":"Ulmus americana","SP_COMM":"American Elm","DBH":3,"WIRES":"N","OWNER":"HRM","MAINTBY":"HRM","MODDATE":1759833442000,"dbhLabel":"16 to 30.9cm","wiresLabel":"No"}},{"type":"Feature","id":59192,"geometry":{"type":"Point","coordinates":[-63.5572650070684,44.6686984007035]},"properties":{"OBJECTID":59192,"ASSETID":"TRE217780","TREEID":"TRE217780","ASSETCODE":"TRE","ASSETSTAT":"INS","SP_SCIEN":"Tilia americana","SP_COMM":"American Basswood","DBH":5,"WIRES":"Y","OWNER":"HRM","MAINTBY":"HRM","MODDATE":1759833442000,"dbhLabel":"46 to 60.9 cm","wiresLabel":"Yes"}},{"type":"Feature","id":59200,"geometry":{"type":"Point","coordinates":[-63.5592563950852,44.6700333295176]},"properties":{"OBJECTID":59200,"ASSETID":"TRE205894","TREEID":"TRE205894","ASSETCODE":"TRE","ASSETSTAT":"INS","SP_SCIEN":"Tilia cordata","SP_COMM":"Littleleaf Linden","DBH":4,"WIRES":"Y","OWNER":"HRM","MAINTBY":"HRM","MODDATE":1759833442000,"dbhLabel":"31 to 45.9 cm","wiresLabel":"Yes"}},{"type":"Feature","id":59220,"geometry":{"type":"Point","coordinates":[-63.5592311973415,44.6699366033469]},"properties":{"OBJECTID":59220,"ASSETID":"TRE205898","TREEID":"TRE205898","ASSETCODE":"TRE","ASSETSTAT":"INS","SP_SCIEN":"Tilia cordata","SP_COMM":"Littleleaf Linden","DBH":4,"WIRES":"Y","OWNER":"HRM","MAINTBY":"HRM","MODDATE":1759833442000,"dbhLabel":"31 to 45.9 cm","wiresLabel":"Yes"}},{"type":"Feature","id":59221,"geometry":{"type":"Point","coordinates":[-63.5737064180644,44.6674312871623]},"properties":{"OBJECTID":59221,"ASSETID":"TRE201591","TREEID":"TRE201591","ASSETCODE":"TRE","ASSETSTAT":"INS","SP_SCIEN":"Ulmus glabra","SP_COMM":"Wych elm","DBH":3,"WIRES":"Y","OWNER":"HRM","MAINTBY":"HRM","MODDATE":1759833442000,"dbhLabel":"16 to 30.9cm","wiresLabel":"Yes"}},{"type":"Feature","id":59249,"geometry":{"type":"Point","coordinates":[-63.5747444384432,44.6679854659539]},"properties":{"OBJECTID":59249,"ASSETID":"TRE212694","TREEID":"TRE212694","ASSETCODE":"TRE","ASSETSTAT":"INS","SP_SCIEN":"Ulmus americana","SP_COMM":"American Elm","DBH":9,"WIRES":"N","OWNER":"HRM","MAINTBY":"HRM","MODDATE":1759833442000,"dbhLabel":">107 cm","wiresLabel":"No"}},{"type":"Feature","id":59258,"geometry":{"type":"Point","coordinates":[-63.5686955094084,44.6649673853525]},"properties":{"OBJECTID":59258,"ASSETID":"TRE201209","TREEID":"TRE201209","ASSETCODE":"TRE","ASSETSTAT":"INS","SP_SCIEN":"Tilia cordata","SP_COMM":"Littleleaf Linden","DBH":5,"WIRES":"N","OWNER":"HRM","MAINTBY":"HRM","MODDATE":1759833442000,"dbhLabel":"46 to 60.9 cm","wiresLabel":"No"}},{"type":"Feature","id":59261,"geometry":{"type":"Point","coordinates":[-63.5756394003164,44.6679822032192]},"properties":{"OBJECTID":59261,"ASSETID":"TRE212723","TREEID":"TRE212723","ASSETCODE":"TRE","ASSETSTAT":"INS","SP_SCIEN":"Acer freemanii  ","SP_COMM":"Freeman Maple","DBH":1,"WIRES":"N","OWNER":"HRM","MAINTBY":"HRM","MODDATE":1759833442000,"dbhLabel":"0 to 7.9 cm","wiresLabel":"No"}},{"type":"Feature","id":59265,"geometry":{"type":"Point","coordinates":[-63.5752344936852,44.6684556766817]},"properties":{"OBJECTID":59265,"ASSETID":"TRE212730","TREEID":"TRE212730","ASSETCODE":"TRE","ASSETSTAT":"INS","SP_SCIEN":"Gleditisia triacanthos","SP_COMM":"Honeylocust","DBH":3,"WIRES":"N","OWNER":"HRM","MAINTBY":"HRM","MODDATE":1759833442000,"dbhLabel":"16 to 30.9cm","wiresLabel":"No"}},{"type":"Feature","id":59274,"geometry":{"type":"Point","coordinates":[-63.5752945631299,44.6684922736884]},"properties":{"OBJECTID":59274,"ASSETID":"TRE212729","TREEID":"TRE212729","ASSETCODE":"TRE","ASSETSTAT":"INS","SP_SCIEN":"Gleditisia triacanthos","SP_COMM":"Honeylocust","DBH":2,"WIRES":"N","OWNER":"HRM","MAINTBY":"HRM","MODDATE":1759833442000,"dbhLabel":"8 to 15.9 cm","wiresLabel":"No"}},{"type":"Feature","id":59284,"geometry":{"type":"Point","coordinates":[-63.5599521537475,44.6681473457906]},"properties":{"OBJECTID":59284,"ASSETID":"TRE205949","TREEID":"TRE205949","ASSETCODE":"TRE","ASSETSTAT":"INS","SP_SCIEN":"Acer Platanoides","SP_COMM":"Norway Maple","DBH":4,"WIRES":"Y","OWNER":"HRM","MAINTBY":"HRM","MODDATE":1759833442000,"dbhLabel":"31 to 45.9 cm","wiresLabel":"Yes"}},{"type":"Feature","id":59298,"geometry":{"type":"Point","coordinates":[-63.5571185161001,44.6690226810886]},"properties":{"OBJECTID":59298,"ASSETID":"TRE217775","TREEID":"TRE217775","ASSETCODE":"TRE","ASSETSTAT":"INS","SP_SCIEN":"Acer Platanoides","SP_COMM":"Norway Maple","DBH":5,"WIRES":"Y","OWNER":"HRM","MAINTBY":"HRM","MODDATE":1759833442000,"dbhLabel":"46 to 60.9 cm","wiresLabel":"Yes"}},{"type":"Feature","id":59314,"geometry":{"type":"Point","coordinates":[-63.5749438500632,44.6680714891303]},"properties":{"OBJECTID":59314,"ASSETID":"TRE212717","TREEID":"TRE212717","ASSETCODE":"TRE","ASSETSTAT":"INS","SP_SCIEN":"Malus (genus)","SP_COMM":"Apple","DBH":2,"WIRES":"N","OWNER":"HRM","MAINTBY":"HRM","MODDATE":1759833442000,"dbhLabel":"8 to 15.9 cm","wiresLabel":"No"}},{"type":"Feature","id":59319,"geometry":{"type":"Point","coordinates":[-63.5596750827711,44.6681356889089]},"properties":{"OBJECTID":59319,"ASSETID":"TRE205951","TREEID":"TRE205951","ASSETCODE":"TRE","ASSETSTAT":"INS","SP_SCIEN":"Acer Platanoides","SP_COMM":"Norway Maple","DBH":3,"WIRES":"Y","OWNER":"HRM","MAINTBY":"HRM","MODDATE":1759833442000,"dbhLabel":"16 to 30.9cm","wiresLabel":"Yes"}},{"type":"Feature","id":59320,"geometry":{"type":"Point","coordinates":[-63.558923077894,44.6693253348836]},"properties":{"OBJECTID":59320,"ASSETID":"TRE205903","TREEID":"TRE205903","ASSETCODE":"TRE","ASSETSTAT":"INS","SP_SCIEN":"Ulmus americana","SP_COMM":"American Elm","DBH":8,"WIRES":"Y","OWNER":"HRM","MAINTBY":"HRM","MODDATE":1759833442000,"dbhLabel":"91 to 106.9 cm","wiresLabel":"Yes"}},{"type":"Feature","id":59322,"geometry":{"type":"Point","coordinates":[-63.5749831513569,44.6676715040426]},"properties":{"OBJECTID":59322,"ASSETID":"TRE212708","TREEID":"TRE212708","ASSETCODE":"TRE","ASSETSTAT":"INS","SP_SCIEN":"Syringa vulgaris","SP_COMM":"Common Lilac","DBH":1,"WIRES":"N","OWNER":"HRM","MAINTBY":"HRM","MODDATE":1759833442000,"dbhLabel":"0 to 7.9 cm","wiresLabel":"No"}},{"type":"Feature","id":59330,"geometry":{"type":"Point","coordinates":[-63.574505684207,44.668387610813]},"properties":{"OBJECTID":59330,"ASSETID":"TRE212691","TREEID":"TRE212691","ASSETCODE":"TRE","ASSETSTAT":"INS","SP_SCIEN":"Acer saccharum","SP_COMM":"Sugar Maple","DBH":2,"WIRES":"Y","OWNER":"HRM","MAINTBY":"HRM","MODDATE":1759833442000,"dbhLabel":"8 to 15.9 cm","wiresLabel":"Yes"}},{"type":"Feature","id":59332,"geometry":{"type":"Point","coordinates":[-63.5592655839522,44.6698983820078]},"properties":{"OBJECTID":59332,"ASSETID":"TRE205906","TREEID":"TRE205906","ASSETCODE":"TRE","ASSETSTAT":"INS","SP_SCIEN":"Tilia americana","SP_COMM":"American Basswood","DBH":3,"WIRES":"Y","OWNER":"HRM","MAINTBY":"HRM","MODDATE":1759833442000,"dbhLabel":"16 to 30.9cm","wiresLabel":"Yes"}},{"type":"Feature","id":59347,"geometry":{"type":"Point","coordinates":[-63.5575217168305,44.668061514389]},"properties":{"OBJECTID":59347,"ASSETID":"TRE217798","TREEID":"TRE217798","ASSETCODE":"TRE","ASSETSTAT":"INS","SP_SCIEN":"Tilia americana","SP_COMM":"American Basswood","DBH":4,"WIRES":"Y","OWNER":"HRM","MAINTBY":"HRM","MODDATE":1759833442000,"dbhLabel":"31 to 45.9 cm","wiresLabel":"Yes"}},{"type":"Feature","id":59374,"geometry":{"type":"Point","coordinates":[-63.5593570243633,44.6702330146366]},"properties":{"OBJECTID":59374,"ASSETID":"TRE205892","TREEID":"TRE205892","ASSETCODE":"TRE","ASSETSTAT":"INS","SP_SCIEN":"Ulmus americana","SP_COMM":"American Elm","DBH":5,"WIRES":"Y","OWNER":"HRM","MAINTBY":"HRM","MODDATE":1759833442000,"dbhLabel":"46 to 60.9 cm","wiresLabel":"Yes"}},{"type":"Feature","id":59376,"geometry":{"type":"Point","coordinates":[-63.5758461682403,44.6685024572659]},"properties":{"OBJECTID":59376,"ASSETID":"TRE212727","TREEID":"TRE212727","ASSETCODE":"TRE","ASSETSTAT":"INS","SP_SCIEN":null,"SP_COMM":null,"DBH":3,"WIRES":"N","OWNER":"HRM","MAINTBY":"HRM","MODDATE":1759833442000,"dbhLabel":"16 to 30.9cm","wiresLabel":"No"}},{"type":"Feature","id":59407,"geometry":{"type":"Point","coordinates":[-63.5595487293365,44.6703425441259]},"properties":{"OBJECTID":59407,"ASSETID":"TRE205891","TREEID":"TRE205891","ASSETCODE":"TRE","ASSETSTAT":"INS","SP_SCIEN":"Betula papyrifera","SP_COMM":"Paper Birch","DBH":3,"WIRES":"Y","OWNER":"HRM","MAINTBY":"HRM","MODDATE":1759833442000,"dbhLabel":"16 to 30.9cm","wiresLabel":"Yes"}},{"type":"Feature","id":59441,"geometry":{"type":"Point","coordinates":[-63.5749885951475,44.6676715481252]},"properties":{"OBJECTID":59441,"ASSETID":"TRE212709","TREEID":"TRE212709","ASSETCODE":"TRE","ASSETSTAT":"INS","SP_SCIEN":"Syringa vulgaris","SP_COMM":"Common Lilac","DBH":1,"WIRES":"N","OWNER":"HRM","MAINTBY":"HRM","MODDATE":1759833442000,"dbhLabel":"0 to 7.9 cm","wiresLabel":"No"}},{"type":"Feature","id":59451,"geometry":{"type":"Point","coordinates":[-63.5754519201199,44.667941483227]},"properties":{"OBJECTID":59451,"ASSETID":"TRE213413","TREEID":"TRE213413","ASSETCODE":"TRE","ASSETSTAT":"INS","SP_SCIEN":"Acer freemanii  ","SP_COMM":"Freeman Maple","DBH":2,"WIRES":"N","OWNER":"HRM","MAINTBY":"HRM","MODDATE":1759833442000,"dbhLabel":"8 to 15.9 cm","wiresLabel":"No"}},{"type":"Feature","id":59456,"geometry":{"type":"Point","coordinates":[-63.5749869224845,44.6676745751313]},"properties":{"OBJECTID":59456,"ASSETID":"TRE212710","TREEID":"TRE212710","ASSETCODE":"TRE","ASSETSTAT":"INS","SP_SCIEN":"Syringa vulgaris","SP_COMM":"Common Lilac","DBH":1,"WIRES":"N","OWNER":"HRM","MAINTBY":"HRM","MODDATE":1759833442000,"dbhLabel":"0 to 7.9 cm","wiresLabel":"No"}},{"type":"Feature","id":59473,"geometry":{"type":"Point","coordinates":[-63.5573096452532,44.668761153394]},"properties":{"OBJECTID":59473,"ASSETID":"TRE217778","TREEID":"TRE217778","ASSETCODE":"TRE","ASSETSTAT":"INS","SP_SCIEN":"Fraxinus excelsior","SP_COMM":"European Ash","DBH":1,"WIRES":"N","OWNER":"HRM","MAINTBY":"HRM","MODDATE":1759833442000,"dbhLabel":"0 to 7.9 cm","wiresLabel":"No"}},{"type":"Feature","id":59474,"geometry":{"type":"Point","coordinates":[-63.5592887056893,44.6701461200808]},"properties":{"OBJECTID":59474,"ASSETID":"TRE205895","TREEID":"TRE205895","ASSETCODE":"TRE","ASSETSTAT":"INS","SP_SCIEN":"Tilia cordata","SP_COMM":"Littleleaf Linden","DBH":4,"WIRES":"Y","OWNER":"HRM","MAINTBY":"HRM","MODDATE":1759833442000,"dbhLabel":"31 to 45.9 cm","wiresLabel":"Yes"}},{"type":"Feature","id":59495,"geometry":{"type":"Point","coordinates":[-63.5601878824578,44.6703969274005]},"properties":{"OBJECTID":59495,"ASSETID":"TRE205909","TREEID":"TRE205909","ASSETCODE":"TRE","ASSETSTAT":"INS","SP_SCIEN":"Celtis occidentalis","SP_COMM":"Northern Hackberry","DBH":3,"WIRES":"N","OWNER":"HRM","MAINTBY":"HRM","MODDATE":1759833442000,"dbhLabel":"16 to 30.9cm","wiresLabel":"No"}},{"type":"Feature","id":59507,"geometry":{"type":"Point","coordinates":[-63.5744557738098,44.6683075398324]},"properties":{"OBJECTID":59507,"ASSETID":"TRE212692","TREEID":"TRE212692","ASSETCODE":"TRE","ASSETSTAT":"INS","SP_SCIEN":"Ulmus americana","SP_COMM":"American Elm","DBH":2,"WIRES":"Y","OWNER":"HRM","MAINTBY":"HRM","MODDATE":1759833442000,"dbhLabel":"8 to 15.9 cm","wiresLabel":"Yes"}},{"type":"Feature","id":59515,"geometry":{"type":"Point","coordinates":[-63.5749362844519,44.6676962331057]},"properties":{"OBJECTID":59515,"ASSETID":"TRE212713","TREEID":"TRE212713","ASSETCODE":"TRE","ASSETSTAT":"INS","SP_SCIEN":"Syringa vulgaris","SP_COMM":"Common Lilac","DBH":1,"WIRES":"N","OWNER":"HRM","MAINTBY":"HRM","MODDATE":1759833442000,"dbhLabel":"0 to 7.9 cm","wiresLabel":"No"}},{"type":"Feature","id":59523,"geometry":{"type":"Point","coordinates":[-63.5758408852481,44.6663377928688]},"properties":{"OBJECTID":59523,"ASSETID":"TRE212701","TREEID":"TRE212701","ASSETCODE":"TRE","ASSETSTAT":"INS","SP_SCIEN":"Pinus resinosa","SP_COMM":"Red Pine","DBH":3,"WIRES":"Y","OWNER":"HRM","MAINTBY":"HRM","MODDATE":1759833442000,"dbhLabel":"16 to 30.9cm","wiresLabel":"Yes"}},{"type":"Feature","id":59528,"geometry":{"type":"Point","coordinates":[-63.5577690733339,44.6678822824393]},"properties":{"OBJECTID":59528,"ASSETID":"TRE217804","TREEID":"TRE217804","ASSETCODE":"TRE","ASSETSTAT":"INS","SP_SCIEN":"Tilia americana","SP_COMM":"American Basswood","DBH":7,"WIRES":"Y","OWNER":"HRM","MAINTBY":"HRM","MODDATE":1759833442000,"dbhLabel":"77 to 90.9 cm","wiresLabel":"Yes"}},{"type":"Feature","id":59540,"geometry":{"type":"Point","coordinates":[-63.5573303038098,44.6685033184618]},"properties":{"OBJECTID":59540,"ASSETID":"TRE217784","TREEID":"TRE217784","ASSETCODE":"TRE","ASSETSTAT":"INS","SP_SCIEN":"Fraxinus excelsior","SP_COMM":"European Ash","DBH":2,"WIRES":"N","OWNER":"HRM","MAINTBY":"HRM","MODDATE":1759833442000,"dbhLabel":"8 to 15.9 cm","wiresLabel":"No"}},{"type":"Feature","id":59548,"geometry":{"type":"Point","coordinates":[-63.5574905911042,44.668142460327]},"properties":{"OBJECTID":59548,"ASSETID":"TRE217796","TREEID":"TRE217796","ASSETCODE":"TRE","ASSETSTAT":"INS","SP_SCIEN":"Unknown Species","SP_COMM":"Unknown Species","DBH":6,"WIRES":"Y","OWNER":"HRM","MAINTBY":"HRM","MODDATE":1759833442000,"dbhLabel":"61 to 76.9 cm","wiresLabel":"Yes"}},{"type":"Feature","id":59558,"geometry":{"type":"Point","coordinates":[-63.5747912712122,44.6681807160454]},"properties":{"OBJECTID":59558,"ASSETID":"TRE212719","TREEID":"TRE212719","ASSETCODE":"TRE","ASSETSTAT":"INS","SP_SCIEN":"Ulmus americana","SP_COMM":"American Elm","DBH":3,"WIRES":"Y","OWNER":"HRM","MAINTBY":"HRM","MODDATE":1759833442000,"dbhLabel":"16 to 30.9cm","wiresLabel":"Yes"}},{"type":"Feature","id":59572,"geometry":{"type":"Point","coordinates":[-63.5696870006487,44.6663666312209]},"properties":{"OBJECTID":59572,"ASSETID":"TRE201401","TREEID":"TRE201401","ASSETCODE":"TRE","ASSETSTAT":"INS","SP_SCIEN":"Ulmus americana","SP_COMM":"American Elm","DBH":7,"WIRES":"N","OWNER":"HRM","MAINTBY":"HRM","MODDATE":1759833442000,"dbhLabel":"77 to 90.9 cm","wiresLabel":"No"}},{"type":"Feature","id":59592,"geometry":{"type":"Point","coordinates":[-63.570352101607,44.6661702186187]},"properties":{"OBJECTID":59592,"ASSETID":"TRE212680","TREEID":"TRE212680","ASSETCODE":"TRE","ASSETSTAT":"INS","SP_SCIEN":"Acer saccharum","SP_COMM":"Sugar Maple","DBH":1,"WIRES":"Y","OWNER":"HRM","MAINTBY":"HRM","MODDATE":1759833442000,"dbhLabel":"0 to 7.9 cm","wiresLabel":"Yes"}},{"type":"Feature","id":59593,"geometry":{"type":"Point","coordinates":[-63.5576320380322,44.6679416959725]},"properties":{"OBJECTID":59593,"ASSETID":"TRE217802","TREEID":"TRE217802","ASSETCODE":"TRE","ASSETSTAT":"INS","SP_SCIEN":"Tilia americana","SP_COMM":"American Basswood","DBH":5,"WIRES":"Y","OWNER":"HRM","MAINTBY":"HRM","MODDATE":1759833442000,"dbhLabel":"46 to 60.9 cm","wiresLabel":"Yes"}},{"type":"Feature","id":59609,"geometry":{"type":"Point","coordinates":[-63.5727819106016,44.667154615846]},"properties":{"OBJECTID":59609,"ASSETID":"TRE212660","TREEID":"TRE212660","ASSETCODE":"TRE","ASSETSTAT":"INS","SP_SCIEN":"Ulmus glabra","SP_COMM":"Wych elm","DBH":4,"WIRES":"Y","OWNER":"HRM","MAINTBY":"HRM","MODDATE":1759833442000,"dbhLabel":"31 to 45.9 cm","wiresLabel":"Yes"}},{"type":"Feature","id":59636,"geometry":{"type":"Point","coordinates":[-63.5686893963729,44.6663225284316]},"properties":{"OBJECTID":59636,"ASSETID":"TRE201417","TREEID":"TRE201417","ASSETCODE":"TRE","ASSETSTAT":"INS","SP_SCIEN":"Ulmus americana","SP_COMM":"American Elm","DBH":5,"WIRES":"Y","OWNER":"HRM","MAINTBY":"HRM","MODDATE":1759833442000,"dbhLabel":"46 to 60.9 cm","wiresLabel":"Yes"}},{"type":"Feature","id":59644,"geometry":{"type":"Point","coordinates":[-63.5575964404925,44.6681398997229]},"properties":{"OBJECTID":59644,"ASSETID":"TRE217797","TREEID":"TRE217797","ASSETCODE":"TRE","ASSETSTAT":"INS","SP_SCIEN":"Ulmus americana","SP_COMM":"American Elm","DBH":7,"WIRES":"N","OWNER":"HRM","MAINTBY":"HRM","MODDATE":1759833442000,"dbhLabel":"77 to 90.9 cm","wiresLabel":"No"}},{"type":"Feature","id":59652,"geometry":{"type":"Point","coordinates":[-63.5574588688966,44.6684460297467]},"properties":{"OBJECTID":59652,"ASSETID":"TRE217787","TREEID":"TRE217787","ASSETCODE":"TRE","ASSETSTAT":"INS","SP_SCIEN":"Ulmus americana","SP_COMM":"American Elm","DBH":3,"WIRES":"N","OWNER":"HRM","MAINTBY":"HRM","MODDATE":1759833442000,"dbhLabel":"16 to 30.9cm","wiresLabel":"No"}},{"type":"Feature","id":59653,"geometry":{"type":"Point","coordinates":[-63.5591252868678,44.6700464342959]},"properties":{"OBJECTID":59653,"ASSETID":"TRE205897","TREEID":"TRE205897","ASSETCODE":"TRE","ASSETSTAT":"INS","SP_SCIEN":"Acer rubrum","SP_COMM":"Red Maple","DBH":5,"WIRES":"N","OWNER":"HRM","MAINTBY":"HRM","MODDATE":1759833442000,"dbhLabel":"46 to 60.9 cm","wiresLabel":"No"}},{"type":"Feature","id":59659,"geometry":{"type":"Point","coordinates":[-63.5575547200357,44.6682159287892]},"properties":{"OBJECTID":59659,"ASSETID":"TRE217792","TREEID":"TRE217792","ASSETCODE":"TRE","ASSETSTAT":"INS","SP_SCIEN":"Tilia americana","SP_COMM":"American Basswood","DBH":6,"WIRES":"N","OWNER":"HRM","MAINTBY":"HRM","MODDATE":1759833442000,"dbhLabel":"61 to 76.9 cm","wiresLabel":"No"}},{"type":"Feature","id":59672,"geometry":{"type":"Point","coordinates":[-63.5571558536765,44.6689636117335]},"properties":{"OBJECTID":59672,"ASSETID":"TRE217776","TREEID":"TRE217776","ASSETCODE":"TRE","ASSETSTAT":"INS","SP_SCIEN":"Ulmus americana","SP_COMM":"American Elm","DBH":9,"WIRES":"Y","OWNER":"HRM","MAINTBY":"HRM","MODDATE":1759833442000,"dbhLabel":">107 cm","wiresLabel":"Yes"}},{"type":"Feature","id":59673,"geometry":{"type":"Point","coordinates":[-63.5575911215677,44.6680135623916]},"properties":{"OBJECTID":59673,"ASSETID":"TRE217801","TREEID":"TRE217801","ASSETCODE":"TRE","ASSETSTAT":"INS","SP_SCIEN":"Ulmus americana","SP_COMM":"American Elm","DBH":6,"WIRES":"Y","OWNER":"HRM","MAINTBY":"HRM","MODDATE":1759833442000,"dbhLabel":"61 to 76.9 cm","wiresLabel":"Yes"}},{"type":"Feature","id":59677,"geometry":{"type":"Point","coordinates":[-63.5590791188521,44.6698922183449]},"properties":{"OBJECTID":59677,"ASSETID":"TRE205899","TREEID":"TRE205899","ASSETCODE":"TRE","ASSETSTAT":"INS","SP_SCIEN":"Acer freemanii  ","SP_COMM":"Freeman Maple","DBH":4,"WIRES":"N","OWNER":"HRM","MAINTBY":"HRM","MODDATE":1759833442000,"dbhLabel":"31 to 45.9 cm","wiresLabel":"No"}},{"type":"Feature","id":59678,"geometry":{"type":"Point","coordinates":[-63.5714747513704,44.6663200303586]},"properties":{"OBJECTID":59678,"ASSETID":"TRE212681","TREEID":"TRE212681","ASSETCODE":"TRE","ASSETSTAT":"INS","SP_SCIEN":"Gleditisia triacanthos","SP_COMM":"Honeylocust","DBH":3,"WIRES":"N","OWNER":"HRM","MAINTBY":"HRM","MODDATE":1759833442000,"dbhLabel":"16 to 30.9cm","wiresLabel":"No"}},{"type":"Feature","id":59679,"geometry":{"type":"Point","coordinates":[-63.5602628163255,44.6837127854726]},"properties":{"OBJECTID":59679,"ASSETID":"TRE214882","TREEID":"TRE214882","ASSETCODE":"TRE","ASSETSTAT":"INS","SP_SCIEN":"Quercus rubra","SP_COMM":"Northern Red Oak","DBH":3,"WIRES":"N","OWNER":"HRM","MAINTBY":"HRM","MODDATE":1759833442000,"dbhLabel":"16 to 30.9cm","wiresLabel":"No"}},{"type":"Feature","id":59680,"geometry":{"type":"Point","coordinates":[-63.560151974101,44.6703418011445]},"properties":{"OBJECTID":59680,"ASSETID":"TRE205910","TREEID":"TRE205910","ASSETCODE":"TRE","ASSETSTAT":"INS","SP_SCIEN":"Celtis occidentalis","SP_COMM":"Northern Hackberry","DBH":3,"WIRES":"N","OWNER":"HRM","MAINTBY":"HRM","MODDATE":1759833442000,"dbhLabel":"16 to 30.9cm","wiresLabel":"No"}},{"type":"Feature","id":59683,"geometry":{"type":"Point","coordinates":[-63.5757227001944,44.6683487342486]},"properties":{"OBJECTID":59683,"ASSETID":"TRE212724","TREEID":"TRE212724","ASSETCODE":"TRE","ASSETSTAT":"INS","SP_SCIEN":"Pinus resinosa","SP_COMM":"Red Pine","DBH":5,"WIRES":"N","OWNER":"HRM","MAINTBY":"HRM","MODDATE":1759833442000,"dbhLabel":"46 to 60.9 cm","wiresLabel":"No"}},{"type":"Feature","id":59689,"geometry":{"type":"Point","coordinates":[-63.5747394680647,44.6680892900751]},"properties":{"OBJECTID":59689,"ASSETID":"TRE212718","TREEID":"TRE212718","ASSETCODE":"TRE","ASSETSTAT":"INS","SP_SCIEN":"Quercus rubra","SP_COMM":"Northern Red Oak","DBH":2,"WIRES":"N","OWNER":"HRM","MAINTBY":"HRM","MODDATE":1759833442000,"dbhLabel":"8 to 15.9 cm","wiresLabel":"No"}},{"type":"Feature","id":59697,"geometry":{"type":"Point","coordinates":[-63.5574791995681,44.6684003243358]},"properties":{"OBJECTID":59697,"ASSETID":"TRE217789","TREEID":"TRE217789","ASSETCODE":"TRE","ASSETSTAT":"INS","SP_SCIEN":"Tilia americana","SP_COMM":"American Basswood","DBH":6,"WIRES":"N","OWNER":"HRM","MAINTBY":"HRM","MODDATE":1759833442000,"dbhLabel":"61 to 76.9 cm","wiresLabel":"No"}},{"type":"Feature","id":59711,"geometry":{"type":"Point","coordinates":[-63.5753552524122,44.6685291747737]},"properties":{"OBJECTID":59711,"ASSETID":"TRE212728","TREEID":"TRE212728","ASSETCODE":"TRE","ASSETSTAT":"INS","SP_SCIEN":"Gleditisia triacanthos","SP_COMM":"Honeylocust","DBH":2,"WIRES":"N","OWNER":"HRM","MAINTBY":"HRM","MODDATE":1759833442000,"dbhLabel":"8 to 15.9 cm","wiresLabel":"No"}},{"type":"Feature","id":59715,"geometry":{"type":"Point","coordinates":[-63.5747700134794,44.6679113282965]},"properties":{"OBJECTID":59715,"ASSETID":"TRE212695","TREEID":"TRE212695","ASSETCODE":"TRE","ASSETSTAT":"INS","SP_SCIEN":"Ulmus americana","SP_COMM":"American Elm","DBH":9,"WIRES":"N","OWNER":"HRM","MAINTBY":"HRM","MODDATE":1759833442000,"dbhLabel":">107 cm","wiresLabel":"No"}},{"type":"Feature","id":59717,"geometry":{"type":"Point","coordinates":[-63.5749306780662,44.6678200718426]},"properties":{"OBJECTID":59717,"ASSETID":"TRE212714","TREEID":"TRE212714","ASSETCODE":"TRE","ASSETSTAT":"INS","SP_SCIEN":"Malus (genus)","SP_COMM":"Apple","DBH":2,"WIRES":"N","OWNER":"HRM","MAINTBY":"HRM","MODDATE":1759833442000,"dbhLabel":"8 to 15.9 cm","wiresLabel":"No"}},{"type":"Feature","id":59727,"geometry":{"type":"Point","coordinates":[-63.5592384718986,44.6697561921185]},"properties":{"OBJECTID":59727,"ASSETID":"TRE205900","TREEID":"TRE205900","ASSETCODE":"TRE","ASSETSTAT":"INS","SP_SCIEN":"Aesculus Hippocastanum","SP_COMM":"Horsechestnut","DBH":6,"WIRES":"Y","OWNER":"HRM","MAINTBY":"HRM","MODDATE":1759833442000,"dbhLabel":"61 to 76.9 cm","wiresLabel":"Yes"}},{"type":"Feature","id":59729,"geometry":{"type":"Point","coordinates":[-63.5749529464038,44.6686994420569]},"properties":{"OBJECTID":59729,"ASSETID":"TRE212739","TREEID":"TRE212739","ASSETCODE":"TRE","ASSETSTAT":"INS","SP_SCIEN":"Acer saccharinum","SP_COMM":"Silver Maple","DBH":4,"WIRES":"Y","OWNER":"HRM","MAINTBY":"HRM","MODDATE":1759833442000,"dbhLabel":"31 to 45.9 cm","wiresLabel":"Yes"}},{"type":"Feature","id":59730,"geometry":{"type":"Point","coordinates":[-63.5757602479766,44.6663769812839]},"properties":{"OBJECTID":59730,"ASSETID":"TRE212700","TREEID":"TRE212700","ASSETCODE":"TRE","ASSETSTAT":"INS","SP_SCIEN":"Ulmus glabra","SP_COMM":"Wych elm","DBH":1,"WIRES":"N","OWNER":"HRM","MAINTBY":"HRM","MODDATE":1759833442000,"dbhLabel":"0 to 7.9 cm","wiresLabel":"No"}},{"type":"Feature","id":59756,"geometry":{"type":"Point","coordinates":[-63.5753174378303,44.6687291730087]},"properties":{"OBJECTID":59756,"ASSETID":"TRE213416","TREEID":"TRE213416","ASSETCODE":"TRE","ASSETSTAT":"INS","SP_SCIEN":"Celtis occidentalis","SP_COMM":"Northern Hackberry","DBH":2,"WIRES":"N","OWNER":"HRM","MAINTBY":"HRM","MODDATE":1759833442000,"dbhLabel":"8 to 15.9 cm","wiresLabel":"No"}},{"type":"Feature","id":59765,"geometry":{"type":"Point","coordinates":[-63.5749999255982,44.6682881845799]},"properties":{"OBJECTID":59765,"ASSETID":"TRE212721","TREEID":"TRE212721","ASSETCODE":"TRE","ASSETSTAT":"INS","SP_SCIEN":"Acer Platanoides","SP_COMM":"Norway Maple","DBH":1,"WIRES":"N","OWNER":"HRM","MAINTBY":"HRM","MODDATE":1759833442000,"dbhLabel":"0 to 7.9 cm","wiresLabel":"No"}},{"type":"Feature","id":59772,"geometry":{"type":"Point","coordinates":[-63.5751702533626,44.667736253699]},"properties":{"OBJECTID":59772,"ASSETID":"TRE201608","TREEID":"TRE201608","ASSETCODE":"TRE","ASSETSTAT":"INS","SP_SCIEN":"Prunus cerasus","SP_COMM":"Sour Cherry","DBH":3,"WIRES":"N","OWNER":"HRM","MAINTBY":"HRM","MODDATE":1759833442000,"dbhLabel":"16 to 30.9cm","wiresLabel":"No"}},{"type":"Feature","id":59778,"geometry":{"type":"Point","coordinates":[-63.5739989400637,44.6665385940841]},"properties":{"OBJECTID":59778,"ASSETID":"TRE214772","TREEID":"TRE214772","ASSETCODE":"TRE","ASSETSTAT":"INS","SP_SCIEN":"Fraxinus pennsylvanica","SP_COMM":"Green Ash","DBH":3,"WIRES":"N","OWNER":"HRM","MAINTBY":"HRM","MODDATE":1759833442000,"dbhLabel":"16 to 30.9cm","wiresLabel":"No"}},{"type":"Feature","id":59782,"geometry":{"type":"Point","coordinates":[-63.5749173335927,44.6682646025445]},"properties":{"OBJECTID":59782,"ASSETID":"TRE212720","TREEID":"TRE212720","ASSETCODE":"TRE","ASSETSTAT":"INS","SP_SCIEN":"Acer saccharum","SP_COMM":"Sugar Maple","DBH":3,"WIRES":"N","OWNER":"HRM","MAINTBY":"HRM","MODDATE":1759833442000,"dbhLabel":"16 to 30.9cm","wiresLabel":"No"}},{"type":"Feature","id":59796,"geometry":{"type":"Point","coordinates":[-63.5743842813879,44.6686437507051]},"properties":{"OBJECTID":59796,"ASSETID":"TRE212690","TREEID":"TRE212690","ASSETCODE":"TRE","ASSETSTAT":"INS","SP_SCIEN":"Prunus cerasus","SP_COMM":"Sour Cherry","DBH":4,"WIRES":"Y","OWNER":"HRM","MAINTBY":"HRM","MODDATE":1759833442000,"dbhLabel":"31 to 45.9 cm","wiresLabel":"Yes"}},{"type":"Feature","id":59813,"geometry":{"type":"Point","coordinates":[-63.5744807972804,44.6680048526123]},"properties":{"OBJECTID":59813,"ASSETID":"TRE212693","TREEID":"TRE212693","ASSETCODE":"TRE","ASSETSTAT":"INS","SP_SCIEN":"Acer saccharum","SP_COMM":"Sugar Maple","DBH":2,"WIRES":"Y","OWNER":"HRM","MAINTBY":"HRM","MODDATE":1759833442000,"dbhLabel":"8 to 15.9 cm","wiresLabel":"Yes"}},{"type":"Feature","id":59835,"geometry":{"type":"Point","coordinates":[-63.556866134421,44.6705152356177]},"properties":{"OBJECTID":59835,"ASSETID":"TRE205986","TREEID":"TRE205986","ASSETCODE":"TRE","ASSETSTAT":"INS","SP_SCIEN":"Ulmus americana","SP_COMM":"American Elm","DBH":4,"WIRES":"Y","OWNER":"HRM","MAINTBY":"HRM","MODDATE":1759833442000,"dbhLabel":"31 to 45.9 cm","wiresLabel":"Yes"}},{"type":"Feature","id":59836,"geometry":{"type":"Point","coordinates":[-63.5751770967284,44.6675938534254]},"properties":{"OBJECTID":59836,"ASSETID":"TRE212706","TREEID":"TRE212706","ASSETCODE":"TRE","ASSETSTAT":"INS","SP_SCIEN":"Ulmus americana","SP_COMM":"American Elm","DBH":2,"WIRES":"Y","OWNER":"HRM","MAINTBY":"HRM","MODDATE":1759833442000,"dbhLabel":"8 to 15.9 cm","wiresLabel":"Yes"}},{"type":"Feature","id":59852,"geometry":{"type":"Point","coordinates":[-63.5754025361355,44.668779202646]},"properties":{"OBJECTID":59852,"ASSETID":"TRE213417","TREEID":"TRE213417","ASSETCODE":"TRE","ASSETSTAT":"INS","SP_SCIEN":"Tilia americana","SP_COMM":"American Basswood","DBH":2,"WIRES":"N","OWNER":"HRM","MAINTBY":"HRM","MODDATE":1759833442000,"dbhLabel":"8 to 15.9 cm","wiresLabel":"No"}},{"type":"Feature","id":59866,"geometry":{"type":"Point","coordinates":[-63.5682215717392,44.666421059115]},"properties":{"OBJECTID":59866,"ASSETID":"TRE201302","TREEID":"TRE201302","ASSETCODE":"TRE","ASSETSTAT":"INS","SP_SCIEN":"Ulmus americana","SP_COMM":"American Elm","DBH":5,"WIRES":"Y","OWNER":"HRM","MAINTBY":"HRM","MODDATE":1759833442000,"dbhLabel":"46 to 60.9 cm","wiresLabel":"Yes"}},{"type":"Feature","id":59882,"geometry":{"type":"Point","coordinates":[-63.5590321216914,44.6697225205919]},"properties":{"OBJECTID":59882,"ASSETID":"TRE205901","TREEID":"TRE205901","ASSETCODE":"TRE","ASSETSTAT":"INS","SP_SCIEN":"Ulmus americana","SP_COMM":"American Elm","DBH":7,"WIRES":"Y","OWNER":"HRM","MAINTBY":"HRM","MODDATE":1759833442000,"dbhLabel":"77 to 90.9 cm","wiresLabel":"Yes"}},{"type":"Feature","id":59898,"geometry":{"type":"Point","coordinates":[-63.5574375563665,44.6684968965473]},"properties":{"OBJECTID":59898,"ASSETID":"TRE217786","TREEID":"TRE217786","ASSETCODE":"TRE","ASSETSTAT":"INS","SP_SCIEN":"Tilia americana","SP_COMM":"American Basswood","DBH":4,"WIRES":"N","OWNER":"HRM","MAINTBY":"HRM","MODDATE":1759833442000,"dbhLabel":"31 to 45.9 cm","wiresLabel":"No"}},{"type":"Feature","id":59924,"geometry":{"type":"Point","coordinates":[-63.5754822472439,44.6674260393927]},"properties":{"OBJECTID":59924,"ASSETID":"TRE201612","TREEID":"TRE201612","ASSETCODE":"TRE","ASSETSTAT":"INS","SP_SCIEN":"Syringa reticulata","SP_COMM":"Japanese Tree Lilac","DBH":3,"WIRES":"Y","OWNER":"HRM","MAINTBY":"HRM","MODDATE":1759833442000,"dbhLabel":"16 to 30.9cm","wiresLabel":"Yes"}},{"type":"Feature","id":59932,"geometry":{"type":"Point","coordinates":[-63.5572994978837,44.6687771640238]},"properties":{"OBJECTID":59932,"ASSETID":"TRE217777","TREEID":"TRE217777","ASSETCODE":"TRE","ASSETSTAT":"INS","SP_SCIEN":"Fraxinus excelsior","SP_COMM":"European Ash","DBH":2,"WIRES":"N","OWNER":"HRM","MAINTBY":"HRM","MODDATE":1759833442000,"dbhLabel":"8 to 15.9 cm","wiresLabel":"No"}},{"type":"Feature","id":59938,"geometry":{"type":"Point","coordinates":[-63.575852586703,44.667516257009]},"properties":{"OBJECTID":59938,"ASSETID":"TRE201615","TREEID":"TRE201615","ASSETCODE":"TRE","ASSETSTAT":"INS","SP_SCIEN":"Ulmus americana","SP_COMM":"American Elm","DBH":2,"WIRES":"Y","OWNER":"HRM","MAINTBY":"HRM","MODDATE":1759833442000,"dbhLabel":"8 to 15.9 cm","wiresLabel":"Yes"}},{"type":"Feature","id":59947,"geometry":{"type":"Point","coordinates":[-63.5575179187535,44.6682999257621]},"properties":{"OBJECTID":59947,"ASSETID":"TRE217790","TREEID":"TRE217790","ASSETCODE":"TRE","ASSETSTAT":"INS","SP_SCIEN":"Ulmus americana","SP_COMM":"American Elm","DBH":7,"WIRES":"N","OWNER":"HRM","MAINTBY":"HRM","MODDATE":1759833442000,"dbhLabel":"77 to 90.9 cm","wiresLabel":"No"}},{"type":"Feature","id":59958,"geometry":{"type":"Point","coordinates":[-63.5749213553502,44.6680044264829]},"properties":{"OBJECTID":59958,"ASSETID":"TRE212716","TREEID":"TRE212716","ASSETCODE":"TRE","ASSETSTAT":"INS","SP_SCIEN":null,"SP_COMM":null,"DBH":2,"WIRES":"N","OWNER":"HRM","MAINTBY":"HRM","MODDATE":1759833442000,"dbhLabel":"8 to 15.9 cm","wiresLabel":"No"}},{"type":"Feature","id":59963,"geometry":{"type":"Point","coordinates":[-63.5572970203302,44.6703239293403]},"properties":{"OBJECTID":59963,"ASSETID":"TRE205959","TREEID":"TRE205959","ASSETCODE":"TRE","ASSETSTAT":"INS","SP_SCIEN":"Acer rubrum","SP_COMM":"Red Maple","DBH":3,"WIRES":"N","OWNER":"HRM","MAINTBY":"HRM","MODDATE":1759833442000,"dbhLabel":"16 to 30.9cm","wiresLabel":"No"}},{"type":"Feature","id":59981,"geometry":{"type":"Point","coordinates":[-63.5575344845857,44.6682617902302]},"properties":{"OBJECTID":59981,"ASSETID":"TRE217791","TREEID":"TRE217791","ASSETCODE":"TRE","ASSETSTAT":"INS","SP_SCIEN":"Ulmus americana","SP_COMM":"American Elm","DBH":3,"WIRES":"N","OWNER":"HRM","MAINTBY":"HRM","MODDATE":1759833442000,"dbhLabel":"16 to 30.9cm","wiresLabel":"No"}},{"type":"Feature","id":60000,"geometry":{"type":"Point","coordinates":[-63.5730918123066,44.6673125854874]},"properties":{"OBJECTID":60000,"ASSETID":"TRE212657","TREEID":"TRE212657","ASSETCODE":"TRE","ASSETSTAT":"INS","SP_SCIEN":"Fagus sylvatica","SP_COMM":"European Beech","DBH":3,"WIRES":"N","OWNER":"HRM","MAINTBY":"HRM","MODDATE":1759833442000,"dbhLabel":"16 to 30.9cm","wiresLabel":"No"}},{"type":"Feature","id":60001,"geometry":{"type":"Point","coordinates":[-63.5728396650878,44.6672512220771]},"properties":{"OBJECTID":60001,"ASSETID":"TRE201581","TREEID":"TRE201581","ASSETCODE":"TRE","ASSETSTAT":"INS","SP_SCIEN":"Ulmus americana","SP_COMM":"American Elm","DBH":5,"WIRES":"N","OWNER":"HRM","MAINTBY":"HRM","MODDATE":1759833442000,"dbhLabel":"46 to 60.9 cm","wiresLabel":"No"}},{"type":"Feature","id":60028,"geometry":{"type":"Point","coordinates":[-63.5694211361556,44.6658661676898]},"properties":{"OBJECTID":60028,"ASSETID":"TRE201413","TREEID":"TRE201413","ASSETCODE":"TRE","ASSETSTAT":"INS","SP_SCIEN":"Gleditisia triacanthos","SP_COMM":"Honeylocust","DBH":1,"WIRES":"N","OWNER":"HRM","MAINTBY":"HRM","MODDATE":1759833442000,"dbhLabel":"0 to 7.9 cm","wiresLabel":"No"}},{"type":"Feature","id":60043,"geometry":{"type":"Point","coordinates":[-63.5762010854225,44.6675278641827]},"properties":{"OBJECTID":60043,"ASSETID":"TRE201617","TREEID":"TRE201617","ASSETCODE":"TRE","ASSETSTAT":"INS","SP_SCIEN":"Ulmus americana","SP_COMM":"American Elm","DBH":2,"WIRES":"N","OWNER":"HRM","MAINTBY":"HRM","MODDATE":1759833442000,"dbhLabel":"8 to 15.9 cm","wiresLabel":"No"}},{"type":"Feature","id":60045,"geometry":{"type":"Point","coordinates":[-63.5741293925109,44.66731528221]},"properties":{"OBJECTID":60045,"ASSETID":"TRE201590","TREEID":"TRE201590","ASSETCODE":"TRE","ASSETSTAT":"INS","SP_SCIEN":"Ulmus americana","SP_COMM":"American Elm","DBH":8,"WIRES":"Y","OWNER":"HRM","MAINTBY":"HRM","MODDATE":1759833442000,"dbhLabel":"91 to 106.9 cm","wiresLabel":"Yes"}},{"type":"Feature","id":60053,"geometry":{"type":"Point","coordinates":[-63.5688312780855,44.6650844613394]},"properties":{"OBJECTID":60053,"ASSETID":"TRE201454","TREEID":"TRE201454","ASSETCODE":"TRE","ASSETSTAT":"INS","SP_SCIEN":"Tilia cordata","SP_COMM":"Littleleaf Linden","DBH":2,"WIRES":"N","OWNER":"HRM","MAINTBY":"HRM","MODDATE":1759833442000,"dbhLabel":"8 to 15.9 cm","wiresLabel":"No"}},{"type":"Feature","id":60062,"geometry":{"type":"Point","coordinates":[-63.5734865553986,44.6674667942465]},"properties":{"OBJECTID":60062,"ASSETID":"TRE201587","TREEID":"TRE201587","ASSETCODE":"TRE","ASSETSTAT":"INS","SP_SCIEN":"Acer Platanoides","SP_COMM":"Norway Maple","DBH":4,"WIRES":"N","OWNER":"HRM","MAINTBY":"HRM","MODDATE":1759833442000,"dbhLabel":"31 to 45.9 cm","wiresLabel":"No"}},{"type":"Feature","id":60118,"geometry":{"type":"Point","coordinates":[-63.5685949519955,44.6649112316785]},"properties":{"OBJECTID":60118,"ASSETID":"TRE201210","TREEID":"TRE201210","ASSETCODE":"TRE","ASSETSTAT":"INS","SP_SCIEN":"Picea abies","SP_COMM":"Norway Spruce","DBH":1,"WIRES":"N","OWNER":"HRM","MAINTBY":"HRM","MODDATE":1759833442000,"dbhLabel":"0 to 7.9 cm","wiresLabel":"No"}},{"type":"Feature","id":60119,"geometry":{"type":"Point","coordinates":[-63.5712815516006,44.6661977428477]},"properties":{"OBJECTID":60119,"ASSETID":"TRE201563","TREEID":"TRE201563","ASSETCODE":"TRE","ASSETSTAT":"INS","SP_SCIEN":"Gleditisia triacanthos","SP_COMM":"Honeylocust","DBH":3,"WIRES":"N","OWNER":"HRM","MAINTBY":"HRM","MODDATE":1759833442000,"dbhLabel":"16 to 30.9cm","wiresLabel":"No"}},{"type":"Feature","id":60132,"geometry":{"type":"Point","coordinates":[-63.5695082152459,44.6661504735653]},"properties":{"OBJECTID":60132,"ASSETID":"TRE201400","TREEID":"TRE201400","ASSETCODE":"TRE","ASSETSTAT":"INS","SP_SCIEN":"Ulmus americana","SP_COMM":"American Elm","DBH":5,"WIRES":"Y","OWNER":"HRM","MAINTBY":"HRM","MODDATE":1759833442000,"dbhLabel":"46 to 60.9 cm","wiresLabel":"Yes"}},{"type":"Feature","id":60138,"geometry":{"type":"Point","coordinates":[-63.5749411146932,44.6676021773833]},"properties":{"OBJECTID":60138,"ASSETID":"TRE201606","TREEID":"TRE201606","ASSETCODE":"TRE","ASSETSTAT":"INS","SP_SCIEN":"Acer Platanoides","SP_COMM":"Norway Maple","DBH":4,"WIRES":"Y","OWNER":"HRM","MAINTBY":"HRM","MODDATE":1759833442000,"dbhLabel":"31 to 45.9 cm","wiresLabel":"Yes"}},{"type":"Feature","id":60152,"geometry":{"type":"Point","coordinates":[-63.5689761808324,44.6660371979711]},"properties":{"OBJECTID":60152,"ASSETID":"TRE201415","TREEID":"TRE201415","ASSETCODE":"TRE","ASSETSTAT":"INS","SP_SCIEN":"Ulmus americana","SP_COMM":"American Elm","DBH":2,"WIRES":"Y","OWNER":"HRM","MAINTBY":"HRM","MODDATE":1759833442000,"dbhLabel":"8 to 15.9 cm","wiresLabel":"Yes"}},{"type":"Feature","id":60175,"geometry":{"type":"Point","coordinates":[-63.5702539462892,44.6662541891669]},"properties":{"OBJECTID":60175,"ASSETID":"TRE201387","TREEID":"TRE201387","ASSETCODE":"TRE","ASSETSTAT":"INS","SP_SCIEN":"Acer freemanii  ","SP_COMM":"Freeman Maple","DBH":2,"WIRES":"Y","OWNER":"HRM","MAINTBY":"HRM","MODDATE":1759833442000,"dbhLabel":"8 to 15.9 cm","wiresLabel":"Yes"}},{"type":"Feature","id":60179,"geometry":{"type":"Point","coordinates":[-63.5727837907755,44.6669399778454]},"properties":{"OBJECTID":60179,"ASSETID":"TRE201580","TREEID":"TRE201580","ASSETCODE":"TRE","ASSETSTAT":"INS","SP_SCIEN":"Tilia americana","SP_COMM":"American Basswood","DBH":5,"WIRES":"Y","OWNER":"HRM","MAINTBY":"HRM","MODDATE":1759833442000,"dbhLabel":"46 to 60.9 cm","wiresLabel":"Yes"}},{"type":"Feature","id":60186,"geometry":{"type":"Point","coordinates":[-63.5718465937109,44.6664013895364]},"properties":{"OBJECTID":60186,"ASSETID":"TRE201571","TREEID":"TRE201571","ASSETCODE":"TRE","ASSETSTAT":"INS","SP_SCIEN":"Acer Platanoides","SP_COMM":"Norway Maple","DBH":2,"WIRES":"Y","OWNER":"HRM","MAINTBY":"HRM","MODDATE":1759833442000,"dbhLabel":"8 to 15.9 cm","wiresLabel":"Yes"}},{"type":"Feature","id":60199,"geometry":{"type":"Point","coordinates":[-63.5759873348939,44.667521261996]},"properties":{"OBJECTID":60199,"ASSETID":"TRE201616","TREEID":"TRE201616","ASSETCODE":"TRE","ASSETSTAT":"INS","SP_SCIEN":"Quercus rubra","SP_COMM":"Northern Red Oak","DBH":2,"WIRES":"Y","OWNER":"HRM","MAINTBY":"HRM","MODDATE":1759833442000,"dbhLabel":"8 to 15.9 cm","wiresLabel":"Yes"}},{"type":"Feature","id":60200,"geometry":{"type":"Point","coordinates":[-63.5729432722811,44.6673503261758]},"properties":{"OBJECTID":60200,"ASSETID":"TRE201583","TREEID":"TRE201583","ASSETCODE":"TRE","ASSETSTAT":"INS","SP_SCIEN":"Ulmus americana","SP_COMM":"American Elm","DBH":6,"WIRES":"N","OWNER":"HRM","MAINTBY":"HRM","MODDATE":1759833442000,"dbhLabel":"61 to 76.9 cm","wiresLabel":"No"}},{"type":"Feature","id":60205,"geometry":{"type":"Point","coordinates":[-63.5741538886704,44.6671139176334]},"properties":{"OBJECTID":60205,"ASSETID":"TRE201588","TREEID":"TRE201588","ASSETCODE":"TRE","ASSETSTAT":"INS","SP_SCIEN":"Fraxinus excelsior","SP_COMM":"European Ash","DBH":9,"WIRES":"N","OWNER":"HRM","MAINTBY":"HRM","MODDATE":1759833442000,"dbhLabel":">107 cm","wiresLabel":"No"}},{"type":"Feature","id":60229,"geometry":{"type":"Point","coordinates":[-63.5740358168044,44.6675334428829]},"properties":{"OBJECTID":60229,"ASSETID":"TRE201593","TREEID":"TRE201593","ASSETCODE":"TRE","ASSETSTAT":"INS","SP_SCIEN":"Ulmus americana","SP_COMM":"American Elm","DBH":8,"WIRES":"Y","OWNER":"HRM","MAINTBY":"HRM","MODDATE":1759833442000,"dbhLabel":"91 to 106.9 cm","wiresLabel":"Yes"}},{"type":"Feature","id":60234,"geometry":{"type":"Point","coordinates":[-63.5710505102994,44.6659095718721]},"properties":{"OBJECTID":60234,"ASSETID":"TRE201560","TREEID":"TRE201560","ASSETCODE":"TRE","ASSETSTAT":"INS","SP_SCIEN":"Acer Platanoides","SP_COMM":"Norway Maple","DBH":4,"WIRES":"Y","OWNER":"HRM","MAINTBY":"HRM","MODDATE":1759833442000,"dbhLabel":"31 to 45.9 cm","wiresLabel":"Yes"}},{"type":"Feature","id":60236,"geometry":{"type":"Point","coordinates":[-63.5737573318798,44.6674301857313]},"properties":{"OBJECTID":60236,"ASSETID":"TRE201592","TREEID":"TRE201592","ASSETCODE":"TRE","ASSETSTAT":"INS","SP_SCIEN":"Ulmus glabra","SP_COMM":"Wych elm","DBH":3,"WIRES":"Y","OWNER":"HRM","MAINTBY":"HRM","MODDATE":1759833442000,"dbhLabel":"16 to 30.9cm","wiresLabel":"Yes"}},{"type":"Feature","id":60245,"geometry":{"type":"Point","coordinates":[-63.5685737535514,44.6656467082456]},"properties":{"OBJECTID":60245,"ASSETID":"TRE201396","TREEID":"TRE201396","ASSETCODE":"TRE","ASSETSTAT":"INS","SP_SCIEN":"Tilia americana","SP_COMM":"American Basswood","DBH":3,"WIRES":"N","OWNER":"HRM","MAINTBY":"HRM","MODDATE":1759833442000,"dbhLabel":"16 to 30.9cm","wiresLabel":"No"}},{"type":"Feature","id":60249,"geometry":{"type":"Point","coordinates":[-63.5683786313869,44.6640380392]},"properties":{"OBJECTID":60249,"ASSETID":"TRE201205","TREEID":"TRE201205","ASSETCODE":"TRE","ASSETSTAT":"INS","SP_SCIEN":"Picea pungens","SP_COMM":"Blue Spruce","DBH":2,"WIRES":"N","OWNER":"HRM","MAINTBY":"HRM","MODDATE":1759833442000,"dbhLabel":"8 to 15.9 cm","wiresLabel":"No"}},{"type":"Feature","id":60252,"geometry":{"type":"Point","coordinates":[-63.5694786705546,44.6658198111235]},"properties":{"OBJECTID":60252,"ASSETID":"TRE201412","TREEID":"TRE201412","ASSETCODE":"TRE","ASSETSTAT":"INS","SP_SCIEN":"Quercus palustris","SP_COMM":"Pin Oak","DBH":1,"WIRES":"N","OWNER":"HRM","MAINTBY":"HRM","MODDATE":1759833442000,"dbhLabel":"0 to 7.9 cm","wiresLabel":"No"}},{"type":"Feature","id":60266,"geometry":{"type":"Point","coordinates":[-63.5697091935278,44.6662716130836]},"properties":{"OBJECTID":60266,"ASSETID":"TRE201404","TREEID":"TRE201404","ASSETCODE":"TRE","ASSETSTAT":"INS","SP_SCIEN":"Syringa reticulata","SP_COMM":"Japanese Tree Lilac","DBH":2,"WIRES":"Y","OWNER":"HRM","MAINTBY":"HRM","MODDATE":1759833442000,"dbhLabel":"8 to 15.9 cm","wiresLabel":"Yes"}},{"type":"Feature","id":60277,"geometry":{"type":"Point","coordinates":[-63.5727765045402,44.668246659185]},"properties":{"OBJECTID":60277,"ASSETID":"TRE216556","TREEID":"TRE216556","ASSETCODE":"TRE","ASSETSTAT":"INS","SP_SCIEN":"Quercus rubra","SP_COMM":"Northern Red Oak","DBH":1,"WIRES":"N","OWNER":"HRM","MAINTBY":"HRM","MODDATE":1759833442000,"dbhLabel":"0 to 7.9 cm","wiresLabel":"No"}},{"type":"Feature","id":60281,"geometry":{"type":"Point","coordinates":[-63.5717351199707,44.6666276298574]},"properties":{"OBJECTID":60281,"ASSETID":"TRE201569","TREEID":"TRE201569","ASSETCODE":"TRE","ASSETSTAT":"INS","SP_SCIEN":"Gleditisia triacanthos","SP_COMM":"Honeylocust","DBH":3,"WIRES":"N","OWNER":"HRM","MAINTBY":"HRM","MODDATE":1759833442000,"dbhLabel":"16 to 30.9cm","wiresLabel":"No"}},{"type":"Feature","id":60293,"geometry":{"type":"Point","coordinates":[-63.5758839504828,44.6678056408912]},"properties":{"OBJECTID":60293,"ASSETID":"TRE201618","TREEID":"TRE201618","ASSETCODE":"TRE","ASSETSTAT":"INS","SP_SCIEN":"Acer freemanii  ","SP_COMM":"Freeman Maple","DBH":3,"WIRES":"N","OWNER":"HRM","MAINTBY":"HRM","MODDATE":1759833442000,"dbhLabel":"16 to 30.9cm","wiresLabel":"No"}},{"type":"Feature","id":60312,"geometry":{"type":"Point","coordinates":[-63.5699063979872,44.6663905967252]},"properties":{"OBJECTID":60312,"ASSETID":"TRE201408","TREEID":"TRE201408","ASSETCODE":"TRE","ASSETSTAT":"INS","SP_SCIEN":"Pyrus calleryana","SP_COMM":"Callery Pear","DBH":1,"WIRES":"Y","OWNER":"HRM","MAINTBY":"HRM","MODDATE":1759833442000,"dbhLabel":"0 to 7.9 cm","wiresLabel":"Yes"}},{"type":"Feature","id":60317,"geometry":{"type":"Point","coordinates":[-63.5702876061629,44.6663589638674]},"properties":{"OBJECTID":60317,"ASSETID":"TRE201389","TREEID":"TRE201389","ASSETCODE":"TRE","ASSETSTAT":"INS","SP_SCIEN":"Acer glabrum","SP_COMM":"Rocky Mountain Maple","DBH":8,"WIRES":"N","OWNER":"HRM","MAINTBY":"HRM","MODDATE":1759833442000,"dbhLabel":"91 to 106.9 cm","wiresLabel":"No"}},{"type":"Feature","id":60321,"geometry":{"type":"Point","coordinates":[-63.5743270012122,44.6676172990136]},"properties":{"OBJECTID":60321,"ASSETID":"TRE201594","TREEID":"TRE201594","ASSETCODE":"TRE","ASSETSTAT":"INS","SP_SCIEN":"Tilia cordata","SP_COMM":"Littleleaf Linden","DBH":9,"WIRES":"Y","OWNER":"HRM","MAINTBY":"HRM","MODDATE":1759833442000,"dbhLabel":">107 cm","wiresLabel":"Yes"}},{"type":"Feature","id":60324,"geometry":{"type":"Point","coordinates":[-63.5690353869961,44.6659884475944]},"properties":{"OBJECTID":60324,"ASSETID":"TRE201416","TREEID":"TRE201416","ASSETCODE":"TRE","ASSETSTAT":"INS","SP_SCIEN":"Acer Platanoides","SP_COMM":"Norway Maple","DBH":3,"WIRES":"Y","OWNER":"HRM","MAINTBY":"HRM","MODDATE":1759833442000,"dbhLabel":"16 to 30.9cm","wiresLabel":"Yes"}},{"type":"Feature","id":60339,"geometry":{"type":"Point","coordinates":[-63.5752445368501,44.6677484128189]},"properties":{"OBJECTID":60339,"ASSETID":"TRE201609","TREEID":"TRE201609","ASSETCODE":"TRE","ASSETSTAT":"INS","SP_SCIEN":"Prunus cerasus","SP_COMM":"Sour Cherry","DBH":3,"WIRES":"N","OWNER":"HRM","MAINTBY":"HRM","MODDATE":1759833442000,"dbhLabel":"16 to 30.9cm","wiresLabel":"No"}},{"type":"Feature","id":60342,"geometry":{"type":"Point","coordinates":[-63.5693733287144,44.6660692220088]},"properties":{"OBJECTID":60342,"ASSETID":"TRE201399","TREEID":"TRE201399","ASSETCODE":"TRE","ASSETSTAT":"INS","SP_SCIEN":"Ulmus americana","SP_COMM":"American Elm","DBH":7,"WIRES":"Y","OWNER":"HRM","MAINTBY":"HRM","MODDATE":1759833442000,"dbhLabel":"77 to 90.9 cm","wiresLabel":"Yes"}},{"type":"Feature","id":60353,"geometry":{"type":"Point","coordinates":[-63.5741557760308,44.6672351611929]},"properties":{"OBJECTID":60353,"ASSETID":"TRE201589","TREEID":"TRE201589","ASSETCODE":"TRE","ASSETSTAT":"INS","SP_SCIEN":"Ulmus americana","SP_COMM":"American Elm","DBH":4,"WIRES":"N","OWNER":"HRM","MAINTBY":"HRM","MODDATE":1759833442000,"dbhLabel":"31 to 45.9 cm","wiresLabel":"No"}},{"type":"Feature","id":60356,"geometry":{"type":"Point","coordinates":[-63.5703350390065,44.6654475491159]},"properties":{"OBJECTID":60356,"ASSETID":"TRE201559","TREEID":"TRE201559","ASSETCODE":"TRE","ASSETSTAT":"INS","SP_SCIEN":"Pyrus calleryana","SP_COMM":"Callery Pear","DBH":3,"WIRES":"N","OWNER":"HRM","MAINTBY":"HRM","MODDATE":1759833442000,"dbhLabel":"16 to 30.9cm","wiresLabel":"No"}},{"type":"Feature","id":60359,"geometry":{"type":"Point","coordinates":[-63.5748504800709,44.667843431091]},"properties":{"OBJECTID":60359,"ASSETID":"TRE201602","TREEID":"TRE201602","ASSETCODE":"TRE","ASSETSTAT":"INS","SP_SCIEN":"Gleditisia triacanthos","SP_COMM":"Honeylocust","DBH":2,"WIRES":"N","OWNER":"HRM","MAINTBY":"HRM","MODDATE":1759833442000,"dbhLabel":"8 to 15.9 cm","wiresLabel":"No"}},{"type":"Feature","id":60379,"geometry":{"type":"Point","coordinates":[-63.5729590727486,44.6674336273838]},"properties":{"OBJECTID":60379,"ASSETID":"TRE201584","TREEID":"TRE201584","ASSETCODE":"TRE","ASSETSTAT":"INS","SP_SCIEN":"Picea pungens","SP_COMM":"Blue Spruce","DBH":3,"WIRES":"N","OWNER":"HRM","MAINTBY":"HRM","MODDATE":1759833442000,"dbhLabel":"16 to 30.9cm","wiresLabel":"No"}},{"type":"Feature","id":60414,"geometry":{"type":"Point","coordinates":[-63.5716130586865,44.666258928483]},"properties":{"OBJECTID":60414,"ASSETID":"TRE201565","TREEID":"TRE201565","ASSETCODE":"TRE","ASSETSTAT":"INS","SP_SCIEN":"Acer Platanoides","SP_COMM":"Norway Maple","DBH":4,"WIRES":"N","OWNER":"HRM","MAINTBY":"HRM","MODDATE":1759833442000,"dbhLabel":"31 to 45.9 cm","wiresLabel":"No"}},{"type":"Feature","id":60422,"geometry":{"type":"Point","coordinates":[-63.5684058710012,44.6655443952246]},"properties":{"OBJECTID":60422,"ASSETID":"TRE201394","TREEID":"TRE201394","ASSETCODE":"TRE","ASSETSTAT":"INS","SP_SCIEN":"Tilia americana","SP_COMM":"American Basswood","DBH":3,"WIRES":"N","OWNER":"HRM","MAINTBY":"HRM","MODDATE":1759833442000,"dbhLabel":"16 to 30.9cm","wiresLabel":"No"}},{"type":"Feature","id":60445,"geometry":{"type":"Point","coordinates":[-63.5682954869174,44.6655838199307]},"properties":{"OBJECTID":60445,"ASSETID":"TRE201393","TREEID":"TRE201393","ASSETCODE":"TRE","ASSETSTAT":"INS","SP_SCIEN":"Tilia americana","SP_COMM":"American Basswood","DBH":3,"WIRES":"N","OWNER":"HRM","MAINTBY":"HRM","MODDATE":1759833442000,"dbhLabel":"16 to 30.9cm","wiresLabel":"No"}},{"type":"Feature","id":60455,"geometry":{"type":"Point","coordinates":[-63.5698260544648,44.6663422632041]},"properties":{"OBJECTID":60455,"ASSETID":"TRE201407","TREEID":"TRE201407","ASSETCODE":"TRE","ASSETSTAT":"INS","SP_SCIEN":"Syringa reticulata","SP_COMM":"Japanese Tree Lilac","DBH":6,"WIRES":"Y","OWNER":"HRM","MAINTBY":"HRM","MODDATE":1759833442000,"dbhLabel":"61 to 76.9 cm","wiresLabel":"Yes"}},{"type":"Feature","id":60469,"geometry":{"type":"Point","coordinates":[-63.5697863300647,44.6663187621553]},"properties":{"OBJECTID":60469,"ASSETID":"TRE201406","TREEID":"TRE201406","ASSETCODE":"TRE","ASSETSTAT":"INS","SP_SCIEN":"Pyrus calleryana","SP_COMM":"Callery Pear","DBH":2,"WIRES":"Y","OWNER":"HRM","MAINTBY":"HRM","MODDATE":1759833442000,"dbhLabel":"8 to 15.9 cm","wiresLabel":"Yes"}},{"type":"Feature","id":60473,"geometry":{"type":"Point","coordinates":[-63.571604620811,44.6665449101596]},"properties":{"OBJECTID":60473,"ASSETID":"TRE201568","TREEID":"TRE201568","ASSETCODE":"TRE","ASSETSTAT":"INS","SP_SCIEN":"Gleditisia triacanthos","SP_COMM":"Honeylocust","DBH":2,"WIRES":"N","OWNER":"HRM","MAINTBY":"HRM","MODDATE":1759833442000,"dbhLabel":"8 to 15.9 cm","wiresLabel":"No"}},{"type":"Feature","id":60481,"geometry":{"type":"Point","coordinates":[-63.5698076470863,44.6641592246623]},"properties":{"OBJECTID":60481,"ASSETID":"TRE216005","TREEID":"TRE216005","ASSETCODE":"TRE","ASSETSTAT":"INS","SP_SCIEN":"Ulmus americana","SP_COMM":"American Elm","DBH":2,"WIRES":"N","OWNER":"HRM","MAINTBY":"HRM","MODDATE":1759833442000,"dbhLabel":"8 to 15.9 cm","wiresLabel":"No"}},{"type":"Feature","id":60484,"geometry":{"type":"Point","coordinates":[-63.5744788470379,44.6672530039219]},"properties":{"OBJECTID":60484,"ASSETID":"TRE201598","TREEID":"TRE201598","ASSETCODE":"TRE","ASSETSTAT":"INS","SP_SCIEN":"Amelanchier (genus)","SP_COMM":"Serviceberry","DBH":2,"WIRES":"N","OWNER":"HRM","MAINTBY":"HRM","MODDATE":1759833442000,"dbhLabel":"8 to 15.9 cm","wiresLabel":"No"}},{"type":"Feature","id":60504,"geometry":{"type":"Point","coordinates":[-63.5749651913395,44.667774309717]},"properties":{"OBJECTID":60504,"ASSETID":"TRE201604","TREEID":"TRE201604","ASSETCODE":"TRE","ASSETSTAT":"INS","SP_SCIEN":"Prunus cerasus","SP_COMM":"Sour Cherry","DBH":3,"WIRES":"N","OWNER":"HRM","MAINTBY":"HRM","MODDATE":1759833442000,"dbhLabel":"16 to 30.9cm","wiresLabel":"No"}},{"type":"Feature","id":60519,"geometry":{"type":"Point","coordinates":[-63.5682149008499,44.6665644436059]},"properties":{"OBJECTID":60519,"ASSETID":"TRE201301","TREEID":"TRE201301","ASSETCODE":"TRE","ASSETSTAT":"INS","SP_SCIEN":"Ulmus americana","SP_COMM":"American Elm","DBH":3,"WIRES":"N","OWNER":"HRM","MAINTBY":"HRM","MODDATE":1759833442000,"dbhLabel":"16 to 30.9cm","wiresLabel":"No"}},{"type":"Feature","id":60532,"geometry":{"type":"Point","coordinates":[-63.5750244442156,44.667737382596]},"properties":{"OBJECTID":60532,"ASSETID":"TRE201607","TREEID":"TRE201607","ASSETCODE":"TRE","ASSETSTAT":"INS","SP_SCIEN":"Prunus cerasus","SP_COMM":"Sour Cherry","DBH":3,"WIRES":"N","OWNER":"HRM","MAINTBY":"HRM","MODDATE":1759833442000,"dbhLabel":"16 to 30.9cm","wiresLabel":"No"}},{"type":"Feature","id":60550,"geometry":{"type":"Point","coordinates":[-63.5703889657713,44.6661437076645]},"properties":{"OBJECTID":60550,"ASSETID":"TRE201385","TREEID":"TRE201385","ASSETCODE":"TRE","ASSETSTAT":"INS","SP_SCIEN":"Acer freemanii  ","SP_COMM":"Freeman Maple","DBH":1,"WIRES":"Y","OWNER":"HRM","MAINTBY":"HRM","MODDATE":1759833442000,"dbhLabel":"0 to 7.9 cm","wiresLabel":"Yes"}},{"type":"Feature","id":60559,"geometry":{"type":"Point","coordinates":[-63.5706359719317,44.664696312556]},"properties":{"OBJECTID":60559,"ASSETID":"TRE215994","TREEID":"TRE215994","ASSETCODE":"TRE","ASSETSTAT":"INS","SP_SCIEN":"Acer Platanoides","SP_COMM":"Norway Maple","DBH":3,"WIRES":"N","OWNER":"HRM","MAINTBY":"HRM","MODDATE":1759833442000,"dbhLabel":"16 to 30.9cm","wiresLabel":"No"}},{"type":"Feature","id":60562,"geometry":{"type":"Point","coordinates":[-63.5683551952394,44.6640582628838]},"properties":{"OBJECTID":60562,"ASSETID":"TRE215972","TREEID":"TRE215972","ASSETCODE":"TRE","ASSETSTAT":"INS","SP_SCIEN":"Picea pungens","SP_COMM":"Blue Spruce","DBH":2,"WIRES":"N","OWNER":"HRM","MAINTBY":"HRM","MODDATE":1759833442000,"dbhLabel":"8 to 15.9 cm","wiresLabel":"No"}},{"type":"Feature","id":60569,"geometry":{"type":"Point","coordinates":[-63.5718955384192,44.6664320346438]},"properties":{"OBJECTID":60569,"ASSETID":"TRE201572","TREEID":"TRE201572","ASSETCODE":"TRE","ASSETSTAT":"INS","SP_SCIEN":"Amelanchier (genus)","SP_COMM":"Serviceberry","DBH":2,"WIRES":"Y","OWNER":"HRM","MAINTBY":"HRM","MODDATE":1759833442000,"dbhLabel":"8 to 15.9 cm","wiresLabel":"Yes"}},{"type":"Feature","id":60599,"geometry":{"type":"Point","coordinates":[-63.5762334777733,44.6674539655204]},"properties":{"OBJECTID":60599,"ASSETID":"TRE201619","TREEID":"TRE201619","ASSETCODE":"TRE","ASSETSTAT":"INS","SP_SCIEN":"Ulmus americana","SP_COMM":"American Elm","DBH":5,"WIRES":"Y","OWNER":"HRM","MAINTBY":"HRM","MODDATE":1759833442000,"dbhLabel":"46 to 60.9 cm","wiresLabel":"Yes"}},{"type":"Feature","id":60615,"geometry":{"type":"Point","coordinates":[-63.5747868245516,44.667575015427]},"properties":{"OBJECTID":60615,"ASSETID":"TRE201603","TREEID":"TRE201603","ASSETCODE":"TRE","ASSETSTAT":"INS","SP_SCIEN":"Acer Platanoides","SP_COMM":"Norway Maple","DBH":3,"WIRES":"Y","OWNER":"HRM","MAINTBY":"HRM","MODDATE":1759833442000,"dbhLabel":"16 to 30.9cm","wiresLabel":"Yes"}},{"type":"Feature","id":60631,"geometry":{"type":"Point","coordinates":[-63.5685448996645,44.6653263235402]},"properties":{"OBJECTID":60631,"ASSETID":"TRE201452","TREEID":"TRE201452","ASSETCODE":"TRE","ASSETSTAT":"INS","SP_SCIEN":"Celtis occidentalis","SP_COMM":"Northern Hackberry","DBH":2,"WIRES":"N","OWNER":"HRM","MAINTBY":"HRM","MODDATE":1759833442000,"dbhLabel":"8 to 15.9 cm","wiresLabel":"No"}},{"type":"Feature","id":60632,"geometry":{"type":"Point","coordinates":[-63.575651066737,44.6676197503925]},"properties":{"OBJECTID":60632,"ASSETID":"TRE201613","TREEID":"TRE201613","ASSETCODE":"TRE","ASSETSTAT":"INS","SP_SCIEN":"Sorbus aucuparia","SP_COMM":"European Mountain Ash","DBH":3,"WIRES":"Y","OWNER":"HRM","MAINTBY":"HRM","MODDATE":1759833442000,"dbhLabel":"16 to 30.9cm","wiresLabel":"Yes"}},{"type":"Feature","id":60645,"geometry":{"type":"Point","coordinates":[-63.5731420308259,44.667388507029]},"properties":{"OBJECTID":60645,"ASSETID":"TRE201586","TREEID":"TRE201586","ASSETCODE":"TRE","ASSETSTAT":"INS","SP_SCIEN":"Fagus sylvatica","SP_COMM":"European Beech","DBH":7,"WIRES":"N","OWNER":"HRM","MAINTBY":"HRM","MODDATE":1759833442000,"dbhLabel":"77 to 90.9 cm","wiresLabel":"No"}},{"type":"Feature","id":60650,"geometry":{"type":"Point","coordinates":[-63.5701825868179,44.664741502092]},"properties":{"OBJECTID":60650,"ASSETID":"TRE215989","TREEID":"TRE215989","ASSETCODE":"TRE","ASSETSTAT":"INS","SP_SCIEN":"Ulmus glabra","SP_COMM":"Wych elm","DBH":1,"WIRES":"N","OWNER":"HRM","MAINTBY":"HRM","MODDATE":1759833442000,"dbhLabel":"0 to 7.9 cm","wiresLabel":"No"}},{"type":"Feature","id":60669,"geometry":{"type":"Point","coordinates":[-63.5700261883304,44.6655367085953]},"properties":{"OBJECTID":60669,"ASSETID":"TRE201204","TREEID":"TRE201204","ASSETCODE":"TRE","ASSETSTAT":"INS","SP_SCIEN":"Tilia cordata","SP_COMM":"Littleleaf Linden","DBH":3,"WIRES":"N","OWNER":"HRM","MAINTBY":"HRM","MODDATE":1759833442000,"dbhLabel":"16 to 30.9cm","wiresLabel":"No"}},{"type":"Feature","id":60698,"geometry":{"type":"Point","coordinates":[-63.5684882716656,44.6641589844294]},"properties":{"OBJECTID":60698,"ASSETID":"TRE201206","TREEID":"TRE201206","ASSETCODE":"TRE","ASSETSTAT":"INS","SP_SCIEN":"Pyrus calleryana","SP_COMM":"Callery Pear","DBH":3,"WIRES":"N","OWNER":"HRM","MAINTBY":"HRM","MODDATE":1759833442000,"dbhLabel":"16 to 30.9cm","wiresLabel":"No"}},{"type":"Feature","id":60700,"geometry":{"type":"Point","coordinates":[-63.5596847980509,44.6691067682497]},"properties":{"OBJECTID":60700,"ASSETID":"TRE215889","TREEID":"TRE215889","ASSETCODE":"TRE","ASSETSTAT":"INS","SP_SCIEN":"Acer rubrum","SP_COMM":"Red Maple","DBH":6,"WIRES":"N","OWNER":"HRM","MAINTBY":"HRM","MODDATE":1759833442000,"dbhLabel":"61 to 76.9 cm","wiresLabel":"No"}},{"type":"Feature","id":60706,"geometry":{"type":"Point","coordinates":[-63.5727612816894,44.6673969402651]},"properties":{"OBJECTID":60706,"ASSETID":"TRE201585","TREEID":"TRE201585","ASSETCODE":"TRE","ASSETSTAT":"INS","SP_SCIEN":"Ulmus americana","SP_COMM":"American Elm","DBH":6,"WIRES":"N","OWNER":"HRM","MAINTBY":"HRM","MODDATE":1759833442000,"dbhLabel":"61 to 76.9 cm","wiresLabel":"No"}},{"type":"Feature","id":60712,"geometry":{"type":"Point","coordinates":[-63.5681429179479,44.6657092431806]},"properties":{"OBJECTID":60712,"ASSETID":"TRE201392","TREEID":"TRE201392","ASSETCODE":"TRE","ASSETSTAT":"INS","SP_SCIEN":"Tilia americana","SP_COMM":"American Basswood","DBH":3,"WIRES":"N","OWNER":"HRM","MAINTBY":"HRM","MODDATE":1759833442000,"dbhLabel":"16 to 30.9cm","wiresLabel":"No"}},{"type":"Feature","id":60722,"geometry":{"type":"Point","coordinates":[-63.5689525802933,44.6662591897906]},"properties":{"OBJECTID":60722,"ASSETID":"TRE212679","TREEID":"TRE212679","ASSETCODE":"TRE","ASSETSTAT":"INS","SP_SCIEN":"Gymnocladus dioicus","SP_COMM":"Kentucky Coffeetree","DBH":1,"WIRES":"Y","OWNER":"HRM","MAINTBY":"HRM","MODDATE":1759833442000,"dbhLabel":"0 to 7.9 cm","wiresLabel":"Yes"}},{"type":"Feature","id":60762,"geometry":{"type":"Point","coordinates":[-63.569671806544,44.6662474858899]},"properties":{"OBJECTID":60762,"ASSETID":"TRE201403","TREEID":"TRE201403","ASSETCODE":"TRE","ASSETSTAT":"INS","SP_SCIEN":"Pyrus calleryana","SP_COMM":"Callery Pear","DBH":2,"WIRES":"Y","OWNER":"HRM","MAINTBY":"HRM","MODDATE":1759833442000,"dbhLabel":"8 to 15.9 cm","wiresLabel":"Yes"}},{"type":"Feature","id":60777,"geometry":{"type":"Point","coordinates":[-63.5742883727566,44.6684012251431]},"properties":{"OBJECTID":60777,"ASSETID":"TRE216495","TREEID":"TRE216495","ASSETCODE":"TRE","ASSETSTAT":"INS","SP_SCIEN":"Acer freemanii  ","SP_COMM":"Freeman Maple","DBH":1,"WIRES":"N","OWNER":"HRM","MAINTBY":"HRM","MODDATE":1759833442000,"dbhLabel":"0 to 7.9 cm","wiresLabel":"No"}},{"type":"Feature","id":60780,"geometry":{"type":"Point","coordinates":[-63.5711480772207,44.6661176215638]},"properties":{"OBJECTID":60780,"ASSETID":"TRE201561","TREEID":"TRE201561","ASSETCODE":"TRE","ASSETSTAT":"INS","SP_SCIEN":"Gleditisia triacanthos","SP_COMM":"Honeylocust","DBH":3,"WIRES":"N","OWNER":"HRM","MAINTBY":"HRM","MODDATE":1759833442000,"dbhLabel":"16 to 30.9cm","wiresLabel":"No"}},{"type":"Feature","id":60791,"geometry":{"type":"Point","coordinates":[-63.5699490266407,44.6664164380073]},"properties":{"OBJECTID":60791,"ASSETID":"TRE201409","TREEID":"TRE201409","ASSETCODE":"TRE","ASSETSTAT":"INS","SP_SCIEN":"Syringa reticulata","SP_COMM":"Japanese Tree Lilac","DBH":1,"WIRES":"Y","OWNER":"HRM","MAINTBY":"HRM","MODDATE":1759833442000,"dbhLabel":"0 to 7.9 cm","wiresLabel":"Yes"}},{"type":"Feature","id":60794,"geometry":{"type":"Point","coordinates":[-63.5715176010095,44.666198869858]},"properties":{"OBJECTID":60794,"ASSETID":"TRE201564","TREEID":"TRE201564","ASSETCODE":"TRE","ASSETSTAT":"INS","SP_SCIEN":"Acer Platanoides","SP_COMM":"Norway Maple","DBH":3,"WIRES":"Y","OWNER":"HRM","MAINTBY":"HRM","MODDATE":1759833442000,"dbhLabel":"16 to 30.9cm","wiresLabel":"Yes"}},{"type":"Feature","id":60797,"geometry":{"type":"Point","coordinates":[-63.575905029451,44.667631750456]},"properties":{"OBJECTID":60797,"ASSETID":"TRE201614","TREEID":"TRE201614","ASSETCODE":"TRE","ASSETSTAT":"INS","SP_SCIEN":"Sorbus aucuparia","SP_COMM":"European Mountain Ash","DBH":3,"WIRES":"Y","OWNER":"HRM","MAINTBY":"HRM","MODDATE":1759833442000,"dbhLabel":"16 to 30.9cm","wiresLabel":"Yes"}},{"type":"Feature","id":60830,"geometry":{"type":"Point","coordinates":[-63.5728776377732,44.6673157945936]},"properties":{"OBJECTID":60830,"ASSETID":"TRE201582","TREEID":"TRE201582","ASSETCODE":"TRE","ASSETSTAT":"INS","SP_SCIEN":"Acer Platanoides","SP_COMM":"Norway Maple","DBH":5,"WIRES":"N","OWNER":"HRM","MAINTBY":"HRM","MODDATE":1759833442000,"dbhLabel":"46 to 60.9 cm","wiresLabel":"No"}},{"type":"Feature","id":60831,"geometry":{"type":"Point","coordinates":[-63.5718596812663,44.666708795659]},"properties":{"OBJECTID":60831,"ASSETID":"TRE201574","TREEID":"TRE201574","ASSETCODE":"TRE","ASSETSTAT":"INS","SP_SCIEN":"Liguidambar styraciflua","SP_COMM":"Sweetgum","DBH":1,"WIRES":"N","OWNER":"HRM","MAINTBY":"HRM","MODDATE":1759833442000,"dbhLabel":"0 to 7.9 cm","wiresLabel":"No"}},{"type":"Feature","id":60841,"geometry":{"type":"Point","coordinates":[-63.5686827173988,44.6652099348654]},"properties":{"OBJECTID":60841,"ASSETID":"TRE201453","TREEID":"TRE201453","ASSETCODE":"TRE","ASSETSTAT":"INS","SP_SCIEN":"Celtis occidentalis","SP_COMM":"Northern Hackberry","DBH":2,"WIRES":"N","OWNER":"HRM","MAINTBY":"HRM","MODDATE":1759833442000,"dbhLabel":"8 to 15.9 cm","wiresLabel":"No"}},{"type":"Feature","id":60877,"geometry":{"type":"Point","coordinates":[-63.5715538004204,44.6644011993389]},"properties":{"OBJECTID":60877,"ASSETID":"TRE216010","TREEID":"TRE216010","ASSETCODE":"TRE","ASSETSTAT":"INS","SP_SCIEN":"Acer Platanoides","SP_COMM":"Norway Maple","DBH":4,"WIRES":"N","OWNER":"HRM","MAINTBY":"HRM","MODDATE":1759833442000,"dbhLabel":"31 to 45.9 cm","wiresLabel":"No"}},{"type":"Feature","id":60888,"geometry":{"type":"Point","coordinates":[-63.5692373031192,44.6660993593696]},"properties":{"OBJECTID":60888,"ASSETID":"TRE201398","TREEID":"TRE201398","ASSETCODE":"TRE","ASSETSTAT":"INS","SP_SCIEN":"Ulmus americana","SP_COMM":"American Elm","DBH":7,"WIRES":"N","OWNER":"HRM","MAINTBY":"HRM","MODDATE":1759833442000,"dbhLabel":"77 to 90.9 cm","wiresLabel":"No"}},{"type":"Feature","id":60893,"geometry":{"type":"Point","coordinates":[-63.5702061613059,44.6662946956761]},"properties":{"OBJECTID":60893,"ASSETID":"TRE201388","TREEID":"TRE201388","ASSETCODE":"TRE","ASSETSTAT":"INS","SP_SCIEN":"Unknown Species","SP_COMM":"Unknown Species","DBH":1,"WIRES":"Y","OWNER":"HRM","MAINTBY":"HRM","MODDATE":1759833442000,"dbhLabel":"0 to 7.9 cm","wiresLabel":"Yes"}},{"type":"Feature","id":60899,"geometry":{"type":"Point","coordinates":[-63.5716621659898,44.6665833515718]},"properties":{"OBJECTID":60899,"ASSETID":"TRE201567","TREEID":"TRE201567","ASSETCODE":"TRE","ASSETSTAT":"INS","SP_SCIEN":"Gleditisia triacanthos","SP_COMM":"Honeylocust","DBH":2,"WIRES":"N","OWNER":"HRM","MAINTBY":"HRM","MODDATE":1759833442000,"dbhLabel":"8 to 15.9 cm","wiresLabel":"No"}},{"type":"Feature","id":60902,"geometry":{"type":"Point","coordinates":[-63.5751043790045,44.6675694897578]},"properties":{"OBJECTID":60902,"ASSETID":"TRE201610","TREEID":"TRE201610","ASSETCODE":"TRE","ASSETSTAT":"INS","SP_SCIEN":"Acer Platanoides","SP_COMM":"Norway Maple","DBH":4,"WIRES":"Y","OWNER":"HRM","MAINTBY":"HRM","MODDATE":1759833442000,"dbhLabel":"31 to 45.9 cm","wiresLabel":"Yes"}},{"type":"Feature","id":60931,"geometry":{"type":"Point","coordinates":[-63.5693698136068,44.6659082519091]},"properties":{"OBJECTID":60931,"ASSETID":"TRE201414","TREEID":"TRE201414","ASSETCODE":"TRE","ASSETSTAT":"INS","SP_SCIEN":"Ulmus accolade","SP_COMM":"Accolade Elm","DBH":1,"WIRES":"N","OWNER":"HRM","MAINTBY":"HRM","MODDATE":1759833442000,"dbhLabel":"0 to 7.9 cm","wiresLabel":"No"}},{"type":"Feature","id":60935,"geometry":{"type":"Point","coordinates":[-63.5717929103895,44.6666625515721]},"properties":{"OBJECTID":60935,"ASSETID":"TRE201570","TREEID":"TRE201570","ASSETCODE":"TRE","ASSETSTAT":"INS","SP_SCIEN":"Gleditisia triacanthos","SP_COMM":"Honeylocust","DBH":3,"WIRES":"N","OWNER":"HRM","MAINTBY":"HRM","MODDATE":1759833442000,"dbhLabel":"16 to 30.9cm","wiresLabel":"No"}},{"type":"Feature","id":60948,"geometry":{"type":"Point","coordinates":[-63.5698872548885,44.6665207830797]},"properties":{"OBJECTID":60948,"ASSETID":"TRE201410","TREEID":"TRE201410","ASSETCODE":"TRE","ASSETSTAT":"INS","SP_SCIEN":"Pyrus calleryana","SP_COMM":"Callery Pear","DBH":4,"WIRES":"N","OWNER":"HRM","MAINTBY":"HRM","MODDATE":1759833442000,"dbhLabel":"31 to 45.9 cm","wiresLabel":"No"}},{"type":"Feature","id":60954,"geometry":{"type":"Point","coordinates":[-63.5744670036492,44.6672074049028]},"properties":{"OBJECTID":60954,"ASSETID":"TRE201597","TREEID":"TRE201597","ASSETCODE":"TRE","ASSETSTAT":"INS","SP_SCIEN":"Amelanchier (genus)","SP_COMM":"Serviceberry","DBH":2,"WIRES":"N","OWNER":"HRM","MAINTBY":"HRM","MODDATE":1759833442000,"dbhLabel":"8 to 15.9 cm","wiresLabel":"No"}},{"type":"Feature","id":60959,"geometry":{"type":"Point","coordinates":[-63.5686668396761,44.6648220463196]},"properties":{"OBJECTID":60959,"ASSETID":"TRE201208","TREEID":"TRE201208","ASSETCODE":"TRE","ASSETSTAT":"INS","SP_SCIEN":"Betula papyrifera","SP_COMM":"Paper Birch","DBH":3,"WIRES":"N","OWNER":"HRM","MAINTBY":"HRM","MODDATE":1759833442000,"dbhLabel":"16 to 30.9cm","wiresLabel":"No"}},{"type":"Feature","id":60974,"geometry":{"type":"Point","coordinates":[-63.5740735855722,44.6685426108262]},"properties":{"OBJECTID":60974,"ASSETID":"TRE216499","TREEID":"TRE216499","ASSETCODE":"TRE","ASSETSTAT":"INS","SP_SCIEN":"Platanus occidentalis","SP_COMM":"American Sycamore","DBH":1,"WIRES":"N","OWNER":"HRM","MAINTBY":"HRM","MODDATE":1759833442000,"dbhLabel":"0 to 7.9 cm","wiresLabel":"No"}},{"type":"Feature","id":60985,"geometry":{"type":"Point","coordinates":[-63.568691550533,44.6657238573792]},"properties":{"OBJECTID":60985,"ASSETID":"TRE201397","TREEID":"TRE201397","ASSETCODE":"TRE","ASSETSTAT":"INS","SP_SCIEN":"Tilia americana","SP_COMM":"American Basswood","DBH":3,"WIRES":"N","OWNER":"HRM","MAINTBY":"HRM","MODDATE":1759833442000,"dbhLabel":"16 to 30.9cm","wiresLabel":"No"}},{"type":"Feature","id":60987,"geometry":{"type":"Point","coordinates":[-63.5744946753532,44.6673428761724]},"properties":{"OBJECTID":60987,"ASSETID":"TRE201599","TREEID":"TRE201599","ASSETCODE":"TRE","ASSETSTAT":"INS","SP_SCIEN":"Ulmus americana","SP_COMM":"American Elm","DBH":4,"WIRES":"Y","OWNER":"HRM","MAINTBY":"HRM","MODDATE":1759833442000,"dbhLabel":"31 to 45.9 cm","wiresLabel":"Yes"}},{"type":"Feature","id":61030,"geometry":{"type":"Point","coordinates":[-63.5705959196465,44.6647182789594]},"properties":{"OBJECTID":61030,"ASSETID":"TRE215993","TREEID":"TRE215993","ASSETCODE":"TRE","ASSETSTAT":"INS","SP_SCIEN":"Acer Platanoides","SP_COMM":"Norway Maple","DBH":3,"WIRES":"N","OWNER":"HRM","MAINTBY":"HRM","MODDATE":1759833442000,"dbhLabel":"16 to 30.9cm","wiresLabel":"No"}},{"type":"Feature","id":61045,"geometry":{"type":"Point","coordinates":[-63.571692285603,44.6647239844344]},"properties":{"OBJECTID":61045,"ASSETID":"TRE216013","TREEID":"TRE216013","ASSETCODE":"TRE","ASSETSTAT":"INS","SP_SCIEN":"Betula pendula","SP_COMM":"Silver Birch","DBH":3,"WIRES":"N","OWNER":"HRM","MAINTBY":"HRM","MODDATE":1759833442000,"dbhLabel":"16 to 30.9cm","wiresLabel":"No"}},{"type":"Feature","id":61082,"geometry":{"type":"Point","coordinates":[-63.5748728041041,44.6666474603595]},"properties":{"OBJECTID":61082,"ASSETID":"TRE217033","TREEID":"TRE217033","ASSETCODE":"TRE","ASSETSTAT":"INS","SP_SCIEN":"Fraxinus excelsior","SP_COMM":"European Ash","DBH":1,"WIRES":"N","OWNER":"HRM","MAINTBY":"HRM","MODDATE":1759833442000,"dbhLabel":"0 to 7.9 cm","wiresLabel":"No"}},{"type":"Feature","id":61102,"geometry":{"type":"Point","coordinates":[-63.5709956834226,44.664558940725]},"properties":{"OBJECTID":61102,"ASSETID":"TRE215997","TREEID":"TRE215997","ASSETCODE":"TRE","ASSETSTAT":"INS","SP_SCIEN":"Acer Platanoides","SP_COMM":"Norway Maple","DBH":3,"WIRES":"N","OWNER":"HRM","MAINTBY":"HRM","MODDATE":1759833442000,"dbhLabel":"16 to 30.9cm","wiresLabel":"No"}},{"type":"Feature","id":61103,"geometry":{"type":"Point","coordinates":[-63.5703354324686,44.6648325710808]},"properties":{"OBJECTID":61103,"ASSETID":"TRE215990","TREEID":"TRE215990","ASSETCODE":"TRE","ASSETSTAT":"INS","SP_SCIEN":"Ulmus americana","SP_COMM":"American Elm","DBH":1,"WIRES":"N","OWNER":"HRM","MAINTBY":"HRM","MODDATE":1759833442000,"dbhLabel":"0 to 7.9 cm","wiresLabel":"No"}},{"type":"Feature","id":61127,"geometry":{"type":"Point","coordinates":[-63.5708459198917,44.664678396843]},"properties":{"OBJECTID":61127,"ASSETID":"TRE215995","TREEID":"TRE215995","ASSETCODE":"TRE","ASSETSTAT":"INS","SP_SCIEN":"Acer Platanoides","SP_COMM":"Norway Maple","DBH":3,"WIRES":"N","OWNER":"HRM","MAINTBY":"HRM","MODDATE":1759833442000,"dbhLabel":"16 to 30.9cm","wiresLabel":"No"}},{"type":"Feature","id":61128,"geometry":{"type":"Point","coordinates":[-63.5752643761431,44.666681124728]},"properties":{"OBJECTID":61128,"ASSETID":"TRE217042","TREEID":"TRE217042","ASSETCODE":"TRE","ASSETSTAT":"INS","SP_SCIEN":"Ulmus americana","SP_COMM":"American Elm","DBH":2,"WIRES":"N","OWNER":"HRM","MAINTBY":"HRM","MODDATE":1759833442000,"dbhLabel":"8 to 15.9 cm","wiresLabel":"No"}},{"type":"Feature","id":61145,"geometry":{"type":"Point","coordinates":[-63.5700801501295,44.6646864113476]},"properties":{"OBJECTID":61145,"ASSETID":"TRE215988","TREEID":"TRE215988","ASSETCODE":"TRE","ASSETSTAT":"INS","SP_SCIEN":"Ulmus americana","SP_COMM":"American Elm","DBH":1,"WIRES":"N","OWNER":"HRM","MAINTBY":"HRM","MODDATE":1759833442000,"dbhLabel":"0 to 7.9 cm","wiresLabel":"No"}},{"type":"Feature","id":61154,"geometry":{"type":"Point","coordinates":[-63.5715671368092,44.6648448432578]},"properties":{"OBJECTID":61154,"ASSETID":"TRE216014","TREEID":"TRE216014","ASSETCODE":"TRE","ASSETSTAT":"INS","SP_SCIEN":"Betula papyrifera","SP_COMM":"Paper Birch","DBH":3,"WIRES":"N","OWNER":"HRM","MAINTBY":"HRM","MODDATE":1759833442000,"dbhLabel":"16 to 30.9cm","wiresLabel":"No"}},{"type":"Feature","id":61157,"geometry":{"type":"Point","coordinates":[-63.559904929313,44.6691784830916]},"properties":{"OBJECTID":61157,"ASSETID":"TRE215887","TREEID":"TRE215887","ASSETCODE":"TRE","ASSETSTAT":"INS","SP_SCIEN":"Acer rubrum","SP_COMM":"Red Maple","DBH":5,"WIRES":"N","OWNER":"HRM","MAINTBY":"HRM","MODDATE":1759833442000,"dbhLabel":"46 to 60.9 cm","wiresLabel":"No"}},{"type":"Feature","id":61218,"geometry":{"type":"Point","coordinates":[-63.5598592939982,44.6689080912124]},"properties":{"OBJECTID":61218,"ASSETID":"TRE215891","TREEID":"TRE215891","ASSETCODE":"TRE","ASSETSTAT":"INS","SP_SCIEN":"Quercus rubra","SP_COMM":"Northern Red Oak","DBH":5,"WIRES":"N","OWNER":"HRM","MAINTBY":"HRM","MODDATE":1759833442000,"dbhLabel":"46 to 60.9 cm","wiresLabel":"No"}},{"type":"Feature","id":61265,"geometry":{"type":"Point","coordinates":[-63.5707217718211,44.6647851697085]},"properties":{"OBJECTID":61265,"ASSETID":"TRE215992","TREEID":"TRE215992","ASSETCODE":"TRE","ASSETSTAT":"INS","SP_SCIEN":"Acer Platanoides","SP_COMM":"Norway Maple","DBH":3,"WIRES":"N","OWNER":"HRM","MAINTBY":"HRM","MODDATE":1759833442000,"dbhLabel":"16 to 30.9cm","wiresLabel":"No"}},{"type":"Feature","id":61276,"geometry":{"type":"Point","coordinates":[-63.5731845561732,44.668342411342]},"properties":{"OBJECTID":61276,"ASSETID":"TRE216549","TREEID":"TRE216549","ASSETCODE":"TRE","ASSETSTAT":"INS","SP_SCIEN":"Acer freemanii  ","SP_COMM":"Freeman Maple","DBH":1,"WIRES":"N","OWNER":"HRM","MAINTBY":"HRM","MODDATE":1759833442000,"dbhLabel":"0 to 7.9 cm","wiresLabel":"No"}},{"type":"Feature","id":61281,"geometry":{"type":"Point","coordinates":[-63.5601901156696,44.6690951588367]},"properties":{"OBJECTID":61281,"ASSETID":"TRE215892","TREEID":"TRE215892","ASSETCODE":"TRE","ASSETSTAT":"INS","SP_SCIEN":"Fraxinus pennsylvanica","SP_COMM":"Green Ash","DBH":4,"WIRES":"N","OWNER":"HRM","MAINTBY":"HRM","MODDATE":1759833442000,"dbhLabel":"31 to 45.9 cm","wiresLabel":"No"}},{"type":"Feature","id":61330,"geometry":{"type":"Point","coordinates":[-63.5602622458953,44.6691456519721]},"properties":{"OBJECTID":61330,"ASSETID":"TRE215895","TREEID":"TRE215895","ASSETCODE":"TRE","ASSETSTAT":"INS","SP_SCIEN":"Fraxinus pennsylvanica","SP_COMM":"Green Ash","DBH":4,"WIRES":"N","OWNER":"HRM","MAINTBY":"HRM","MODDATE":1759833442000,"dbhLabel":"31 to 45.9 cm","wiresLabel":"No"}},{"type":"Feature","id":61367,"geometry":{"type":"Point","coordinates":[-63.572843751524,44.6683597292173]},"properties":{"OBJECTID":61367,"ASSETID":"TRE216561","TREEID":"TRE216561","ASSETCODE":"TRE","ASSETSTAT":"INS","SP_SCIEN":"Platanus occidentalis","SP_COMM":"American Sycamore","DBH":1,"WIRES":"N","OWNER":"HRM","MAINTBY":"HRM","MODDATE":1759833442000,"dbhLabel":"0 to 7.9 cm","wiresLabel":"No"}},{"type":"Feature","id":61384,"geometry":{"type":"Point","coordinates":[-63.5740667251384,44.6684597846144]},"properties":{"OBJECTID":61384,"ASSETID":"TRE216493","TREEID":"TRE216493","ASSETCODE":"TRE","ASSETSTAT":"INS","SP_SCIEN":"Acer rubrum","SP_COMM":"Red Maple","DBH":1,"WIRES":"N","OWNER":"HRM","MAINTBY":"HRM","MODDATE":1759833442000,"dbhLabel":"0 to 7.9 cm","wiresLabel":"No"}},{"type":"Feature","id":61404,"geometry":{"type":"Point","coordinates":[-63.5707367323639,44.6641266532949]},"properties":{"OBJECTID":61404,"ASSETID":"TRE216004","TREEID":"TRE216004","ASSETCODE":"TRE","ASSETSTAT":"INS","SP_SCIEN":"Acer Platanoides","SP_COMM":"Norway Maple","DBH":4,"WIRES":"N","OWNER":"HRM","MAINTBY":"HRM","MODDATE":1759833442000,"dbhLabel":"31 to 45.9 cm","wiresLabel":"No"}},{"type":"Feature","id":61455,"geometry":{"type":"Point","coordinates":[-63.559852469497,44.6690739045075]},"properties":{"OBJECTID":61455,"ASSETID":"TRE215888","TREEID":"TRE215888","ASSETCODE":"TRE","ASSETSTAT":"INS","SP_SCIEN":"Acer rubrum","SP_COMM":"Red Maple","DBH":3,"WIRES":"N","OWNER":"HRM","MAINTBY":"HRM","MODDATE":1759833442000,"dbhLabel":"16 to 30.9cm","wiresLabel":"No"}},{"type":"Feature","id":61513,"geometry":{"type":"Point","coordinates":[-63.5696401867444,44.6641454444952]},"properties":{"OBJECTID":61513,"ASSETID":"TRE216008","TREEID":"TRE216008","ASSETCODE":"TRE","ASSETSTAT":"INS","SP_SCIEN":"Acer ginnala","SP_COMM":"Amur Maple","DBH":2,"WIRES":"N","OWNER":"HRM","MAINTBY":"HRM","MODDATE":1759833442000,"dbhLabel":"8 to 15.9 cm","wiresLabel":"No"}},{"type":"Feature","id":61517,"geometry":{"type":"Point","coordinates":[-63.5709113118545,44.6640731803458]},"properties":{"OBJECTID":61517,"ASSETID":"TRE216001","TREEID":"TRE216001","ASSETCODE":"TRE","ASSETSTAT":"INS","SP_SCIEN":"Gleditisia triacanthos","SP_COMM":"Honeylocust","DBH":3,"WIRES":"N","OWNER":"HRM","MAINTBY":"HRM","MODDATE":1759833442000,"dbhLabel":"16 to 30.9cm","wiresLabel":"No"}},{"type":"Feature","id":61583,"geometry":{"type":"Point","coordinates":[-63.5598662128226,44.6690408554763]},"properties":{"OBJECTID":61583,"ASSETID":"TRE215890","TREEID":"TRE215890","ASSETCODE":"TRE","ASSETSTAT":"INS","SP_SCIEN":"Acer rubrum","SP_COMM":"Red Maple","DBH":5,"WIRES":"N","OWNER":"HRM","MAINTBY":"HRM","MODDATE":1759833442000,"dbhLabel":"46 to 60.9 cm","wiresLabel":"No"}},{"type":"Feature","id":61591,"geometry":{"type":"Point","coordinates":[-63.559886198541,44.6692766645746]},"properties":{"OBJECTID":61591,"ASSETID":"TRE215886","TREEID":"TRE215886","ASSETCODE":"TRE","ASSETSTAT":"INS","SP_SCIEN":"Quercus rubra","SP_COMM":"Northern Red Oak","DBH":6,"WIRES":"N","OWNER":"HRM","MAINTBY":"HRM","MODDATE":1759833442000,"dbhLabel":"61 to 76.9 cm","wiresLabel":"No"}},{"type":"Feature","id":61634,"geometry":{"type":"Point","coordinates":[-63.5737442865452,44.6685830179894]},"properties":{"OBJECTID":61634,"ASSETID":"TRE216504","TREEID":"TRE216504","ASSETCODE":"TRE","ASSETSTAT":"INS","SP_SCIEN":"Catalpa speciosa","SP_COMM":"Northern Catalpa","DBH":1,"WIRES":"N","OWNER":"HRM","MAINTBY":"HRM","MODDATE":1759833442000,"dbhLabel":"0 to 7.9 cm","wiresLabel":"No"}},{"type":"Feature","id":61641,"geometry":{"type":"Point","coordinates":[-63.5710465541189,44.6645174254367]},"properties":{"OBJECTID":61641,"ASSETID":"TRE215998","TREEID":"TRE215998","ASSETCODE":"TRE","ASSETSTAT":"INS","SP_SCIEN":"Acer Platanoides","SP_COMM":"Norway Maple","DBH":2,"WIRES":"N","OWNER":"HRM","MAINTBY":"HRM","MODDATE":1759833442000,"dbhLabel":"8 to 15.9 cm","wiresLabel":"No"}},{"type":"Feature","id":61677,"geometry":{"type":"Point","coordinates":[-63.5699028658115,44.6641843922429]},"properties":{"OBJECTID":61677,"ASSETID":"TRE213740","TREEID":"TRE213740","ASSETCODE":"TRE","ASSETSTAT":"INS","SP_SCIEN":null,"SP_COMM":null,"DBH":1,"WIRES":"N","OWNER":"HRM","MAINTBY":"HRM","MODDATE":1759833442000,"dbhLabel":"0 to 7.9 cm","wiresLabel":"No"}},{"type":"Feature","id":61687,"geometry":{"type":"Point","coordinates":[-63.5590357868177,44.6692317405071]},"properties":{"OBJECTID":61687,"ASSETID":"TRE205904","TREEID":"TRE205904","ASSETCODE":"TRE","ASSETSTAT":"INS","SP_SCIEN":"Pyrus calleryana","SP_COMM":"Callery Pear","DBH":1,"WIRES":"Y","OWNER":"HRM","MAINTBY":"HRM","MODDATE":1759833442000,"dbhLabel":"0 to 7.9 cm","wiresLabel":"Yes"}},{"type":"Feature","id":61704,"geometry":{"type":"Point","coordinates":[-63.5708690254592,44.6640991025258]},"properties":{"OBJECTID":61704,"ASSETID":"TRE216002","TREEID":"TRE216002","ASSETCODE":"TRE","ASSETSTAT":"INS","SP_SCIEN":"Gleditisia triacanthos","SP_COMM":"Honeylocust","DBH":2,"WIRES":"N","OWNER":"HRM","MAINTBY":"HRM","MODDATE":1759833442000,"dbhLabel":"8 to 15.9 cm","wiresLabel":"No"}},{"type":"Feature","id":61707,"geometry":{"type":"Point","coordinates":[-63.5741793433323,44.6684206014406]},"properties":{"OBJECTID":61707,"ASSETID":"TRE216494","TREEID":"TRE216494","ASSETCODE":"TRE","ASSETSTAT":"INS","SP_SCIEN":"Gleditisia triacanthos","SP_COMM":"Honeylocust","DBH":1,"WIRES":"N","OWNER":"HRM","MAINTBY":"HRM","MODDATE":1759833442000,"dbhLabel":"0 to 7.9 cm","wiresLabel":"No"}},{"type":"Feature","id":61721,"geometry":{"type":"Point","coordinates":[-63.5711390608302,44.6644364814646]},"properties":{"OBJECTID":61721,"ASSETID":"TRE215999","TREEID":"TRE215999","ASSETCODE":"TRE","ASSETSTAT":"INS","SP_SCIEN":"Acer Platanoides","SP_COMM":"Norway Maple","DBH":3,"WIRES":"N","OWNER":"HRM","MAINTBY":"HRM","MODDATE":1759833442000,"dbhLabel":"16 to 30.9cm","wiresLabel":"No"}},{"type":"Feature","id":61723,"geometry":{"type":"Point","coordinates":[-63.5730212595225,44.667541237857]},"properties":{"OBJECTID":61723,"ASSETID":"TRE216584","TREEID":"TRE216584","ASSETCODE":"TRE","ASSETSTAT":"INS","SP_SCIEN":"Acer Platanoides","SP_COMM":"Norway Maple","DBH":7,"WIRES":"N","OWNER":"HRM","MAINTBY":"HRM","MODDATE":1759833442000,"dbhLabel":"77 to 90.9 cm","wiresLabel":"No"}},{"type":"Feature","id":61757,"geometry":{"type":"Point","coordinates":[-63.5706816737218,44.6648390374859]},"properties":{"OBJECTID":61757,"ASSETID":"TRE215991","TREEID":"TRE215991","ASSETCODE":"TRE","ASSETSTAT":"INS","SP_SCIEN":"Acer Platanoides","SP_COMM":"Norway Maple","DBH":3,"WIRES":"N","OWNER":"HRM","MAINTBY":"HRM","MODDATE":1759833442000,"dbhLabel":"16 to 30.9cm","wiresLabel":"No"}},{"type":"Feature","id":61758,"geometry":{"type":"Point","coordinates":[-63.5745051559976,44.6685898621862]},"properties":{"OBJECTID":61758,"ASSETID":"TRE202326","TREEID":"TRE202326","ASSETCODE":"TRE","ASSETSTAT":"INS","SP_SCIEN":"Quercus velutina","SP_COMM":"Black Oak","DBH":2,"WIRES":"Y","OWNER":"HRM","MAINTBY":"HRM","MODDATE":1759833442000,"dbhLabel":"8 to 15.9 cm","wiresLabel":"Yes"}},{"type":"Feature","id":61764,"geometry":{"type":"Point","coordinates":[-63.5743509943151,44.6684639219349]},"properties":{"OBJECTID":61764,"ASSETID":"TRE216496","TREEID":"TRE216496","ASSETCODE":"TRE","ASSETSTAT":"INS","SP_SCIEN":"Zelkova serrata","SP_COMM":"Japanese Zelkova","DBH":1,"WIRES":"N","OWNER":"HRM","MAINTBY":"HRM","MODDATE":1759833442000,"dbhLabel":"0 to 7.9 cm","wiresLabel":"No"}},{"type":"Feature","id":61780,"geometry":{"type":"Point","coordinates":[-63.5686012321177,44.6640685168823]},"properties":{"OBJECTID":61780,"ASSETID":"TRE215975","TREEID":"TRE215975","ASSETCODE":"TRE","ASSETSTAT":"INS","SP_SCIEN":"Pyrus calleryana","SP_COMM":"Callery Pear","DBH":3,"WIRES":"N","OWNER":"HRM","MAINTBY":"HRM","MODDATE":1759833442000,"dbhLabel":"16 to 30.9cm","wiresLabel":"No"}},{"type":"Feature","id":61788,"geometry":{"type":"Point","coordinates":[-63.5602652238105,44.6691292376831]},"properties":{"OBJECTID":61788,"ASSETID":"TRE215893","TREEID":"TRE215893","ASSETCODE":"TRE","ASSETSTAT":"INS","SP_SCIEN":"Fraxinus pennsylvanica","SP_COMM":"Green Ash","DBH":4,"WIRES":"N","OWNER":"HRM","MAINTBY":"HRM","MODDATE":1759833442000,"dbhLabel":"31 to 45.9 cm","wiresLabel":"No"}},{"type":"Feature","id":61795,"geometry":{"type":"Point","coordinates":[-63.5697825292927,44.6641783110316]},"properties":{"OBJECTID":61795,"ASSETID":"TRE216007","TREEID":"TRE216007","ASSETCODE":"TRE","ASSETSTAT":"INS","SP_SCIEN":"Syringa vulgaris","SP_COMM":"Common Lilac","DBH":1,"WIRES":"N","OWNER":"HRM","MAINTBY":"HRM","MODDATE":1759833442000,"dbhLabel":"0 to 7.9 cm","wiresLabel":"No"}},{"type":"Feature","id":61797,"geometry":{"type":"Point","coordinates":[-63.5752119190221,44.6666955655427]},"properties":{"OBJECTID":61797,"ASSETID":"TRE217045","TREEID":"TRE217045","ASSETCODE":"TRE","ASSETSTAT":"INS","SP_SCIEN":"Quercus rubra","SP_COMM":"Northern Red Oak","DBH":2,"WIRES":"N","OWNER":"HRM","MAINTBY":"HRM","MODDATE":1759833442000,"dbhLabel":"8 to 15.9 cm","wiresLabel":"No"}},{"type":"Feature","id":61798,"geometry":{"type":"Point","coordinates":[-63.5718528262223,44.6647082020542]},"properties":{"OBJECTID":61798,"ASSETID":"TRE216012","TREEID":"TRE216012","ASSETCODE":"TRE","ASSETSTAT":"INS","SP_SCIEN":"Betula pendula","SP_COMM":"Silver Birch","DBH":2,"WIRES":"N","OWNER":"HRM","MAINTBY":"HRM","MODDATE":1759833442000,"dbhLabel":"8 to 15.9 cm","wiresLabel":"No"}},{"type":"Feature","id":61828,"geometry":{"type":"Point","coordinates":[-63.56843139663,44.6640460109856]},"properties":{"OBJECTID":61828,"ASSETID":"TRE215971","TREEID":"TRE215971","ASSETCODE":"TRE","ASSETSTAT":"INS","SP_SCIEN":"Picea pungens","SP_COMM":"Blue Spruce","DBH":3,"WIRES":"N","OWNER":"HRM","MAINTBY":"HRM","MODDATE":1759833442000,"dbhLabel":"16 to 30.9cm","wiresLabel":"No"}},{"type":"Feature","id":61852,"geometry":{"type":"Point","coordinates":[-63.5714637326351,44.6643486243187]},"properties":{"OBJECTID":61852,"ASSETID":"TRE216009","TREEID":"TRE216009","ASSETCODE":"TRE","ASSETSTAT":"INS","SP_SCIEN":"Acer Platanoides","SP_COMM":"Norway Maple","DBH":4,"WIRES":"N","OWNER":"HRM","MAINTBY":"HRM","MODDATE":1759833442000,"dbhLabel":"31 to 45.9 cm","wiresLabel":"No"}},{"type":"Feature","id":61874,"geometry":{"type":"Point","coordinates":[-63.5685741263523,44.6640875349173]},"properties":{"OBJECTID":61874,"ASSETID":"TRE215974","TREEID":"TRE215974","ASSETCODE":"TRE","ASSETSTAT":"INS","SP_SCIEN":"Pyrus calleryana","SP_COMM":"Callery Pear","DBH":3,"WIRES":"N","OWNER":"HRM","MAINTBY":"HRM","MODDATE":1759833442000,"dbhLabel":"16 to 30.9cm","wiresLabel":"No"}},{"type":"Feature","id":61883,"geometry":{"type":"Point","coordinates":[-63.5731116848373,44.6683256741956]},"properties":{"OBJECTID":61883,"ASSETID":"TRE216551","TREEID":"TRE216551","ASSETCODE":"TRE","ASSETSTAT":"INS","SP_SCIEN":"Zelkova serrata","SP_COMM":"Japanese Zelkova","DBH":1,"WIRES":"N","OWNER":"HRM","MAINTBY":"HRM","MODDATE":1759833442000,"dbhLabel":"0 to 7.9 cm","wiresLabel":"No"}},{"type":"Feature","id":61921,"geometry":{"type":"Point","coordinates":[-63.5740313943982,44.6686143238107]},"properties":{"OBJECTID":61921,"ASSETID":"TRE216500","TREEID":"TRE216500","ASSETCODE":"TRE","ASSETSTAT":"INS","SP_SCIEN":"Acer Platanoides","SP_COMM":"Norway Maple","DBH":6,"WIRES":"N","OWNER":"HRM","MAINTBY":"HRM","MODDATE":1759833442000,"dbhLabel":"61 to 76.9 cm","wiresLabel":"No"}},{"type":"Feature","id":61953,"geometry":{"type":"Point","coordinates":[-63.5576083584414,44.6691226784826]},"properties":{"OBJECTID":61953,"ASSETID":"TRE211995","TREEID":"TRE211995","ASSETCODE":"TRE","ASSETSTAT":"INS","SP_SCIEN":"Syringa reticulata","SP_COMM":"Japanese Tree Lilac","DBH":1,"WIRES":"N","OWNER":"HRM","MAINTBY":"HRM","MODDATE":1759833442000,"dbhLabel":"0 to 7.9 cm","wiresLabel":"No"}},{"type":"Feature","id":61969,"geometry":{"type":"Point","coordinates":[-63.5745669618858,44.6687313042682]},"properties":{"OBJECTID":61969,"ASSETID":"TRE202325","TREEID":"TRE202325","ASSETCODE":"TRE","ASSETSTAT":"INS","SP_SCIEN":"Ulmus americana","SP_COMM":"American Elm","DBH":2,"WIRES":"N","OWNER":"HRM","MAINTBY":"HRM","MODDATE":1759833442000,"dbhLabel":"8 to 15.9 cm","wiresLabel":"No"}},{"type":"Feature","id":61972,"geometry":{"type":"Point","coordinates":[-63.5738151932656,44.6675148846944]},"properties":{"OBJECTID":61972,"ASSETID":"TRE216602","TREEID":"TRE216602","ASSETCODE":"TRE","ASSETSTAT":"INS","SP_SCIEN":"Acer Platanoides","SP_COMM":"Norway Maple","DBH":3,"WIRES":"N","OWNER":"HRM","MAINTBY":"HRM","MODDATE":1759833442000,"dbhLabel":"16 to 30.9cm","wiresLabel":"No"}},{"type":"Feature","id":61981,"geometry":{"type":"Point","coordinates":[-63.5711907471967,44.6643963499776]},"properties":{"OBJECTID":61981,"ASSETID":"TRE216000","TREEID":"TRE216000","ASSETCODE":"TRE","ASSETSTAT":"INS","SP_SCIEN":"Acer Platanoides","SP_COMM":"Norway Maple","DBH":3,"WIRES":"N","OWNER":"HRM","MAINTBY":"HRM","MODDATE":1759833442000,"dbhLabel":"16 to 30.9cm","wiresLabel":"No"}},{"type":"Feature","id":61985,"geometry":{"type":"Point","coordinates":[-63.5714526986285,44.6649435725979]},"properties":{"OBJECTID":61985,"ASSETID":"TRE216016","TREEID":"TRE216016","ASSETCODE":"TRE","ASSETSTAT":"INS","SP_SCIEN":"Betula pendula","SP_COMM":"Silver Birch","DBH":3,"WIRES":"N","OWNER":"HRM","MAINTBY":"HRM","MODDATE":1759833442000,"dbhLabel":"16 to 30.9cm","wiresLabel":"No"}},{"type":"Feature","id":62009,"geometry":{"type":"Point","coordinates":[-63.556850292631,44.6681285884701]},"properties":{"OBJECTID":62009,"ASSETID":"TRE215544","TREEID":"TRE215544","ASSETCODE":"TRE","ASSETSTAT":"INS","SP_SCIEN":"Acer Platanoides","SP_COMM":"Norway Maple","DBH":3,"WIRES":"N","OWNER":"HRM","MAINTBY":"HRM","MODDATE":1759833442000,"dbhLabel":"16 to 30.9cm","wiresLabel":"No"}},{"type":"Feature","id":62011,"geometry":{"type":"Point","coordinates":[-63.5733362510819,44.6676659675216]},"properties":{"OBJECTID":62011,"ASSETID":"TRE216588","TREEID":"TRE216588","ASSETCODE":"TRE","ASSETSTAT":"INS","SP_SCIEN":"Acer Platanoides","SP_COMM":"Norway Maple","DBH":4,"WIRES":"N","OWNER":"HRM","MAINTBY":"HRM","MODDATE":1759833442000,"dbhLabel":"31 to 45.9 cm","wiresLabel":"No"}},{"type":"Feature","id":62019,"geometry":{"type":"Point","coordinates":[-63.57515694572,44.6667289398277]},"properties":{"OBJECTID":62019,"ASSETID":"TRE217047","TREEID":"TRE217047","ASSETCODE":"TRE","ASSETSTAT":"INS","SP_SCIEN":"Ligustrum (genus)","SP_COMM":"Privet","DBH":1,"WIRES":"N","OWNER":"HRM","MAINTBY":"HRM","MODDATE":1759833442000,"dbhLabel":"0 to 7.9 cm","wiresLabel":"No"}},{"type":"Feature","id":62027,"geometry":{"type":"Point","coordinates":[-63.5762553706151,44.6669537375427]},"properties":{"OBJECTID":62027,"ASSETID":"TRE202167","TREEID":"TRE202167","ASSETCODE":"TRE","ASSETSTAT":"INS","SP_SCIEN":"Acer Platanoides","SP_COMM":"Norway Maple","DBH":4,"WIRES":"N","OWNER":"HRM","MAINTBY":"HRM","MODDATE":1759833442000,"dbhLabel":"31 to 45.9 cm","wiresLabel":"No"}},{"type":"Feature","id":62033,"geometry":{"type":"Point","coordinates":[-63.5762852126489,44.6667927130382]},"properties":{"OBJECTID":62033,"ASSETID":"TRE217048","TREEID":"TRE217048","ASSETCODE":"TRE","ASSETSTAT":"INS","SP_SCIEN":"Crataegus (genus)","SP_COMM":"Hawthorn","DBH":3,"WIRES":"N","OWNER":"HRM","MAINTBY":"HRM","MODDATE":1759833442000,"dbhLabel":"16 to 30.9cm","wiresLabel":"No"}},{"type":"Feature","id":62104,"geometry":{"type":"Point","coordinates":[-63.5729158727666,44.6684519559038]},"properties":{"OBJECTID":62104,"ASSETID":"TRE216562","TREEID":"TRE216562","ASSETCODE":"TRE","ASSETSTAT":"INS","SP_SCIEN":"Acer rubrum","SP_COMM":"Red Maple","DBH":6,"WIRES":"N","OWNER":"HRM","MAINTBY":"HRM","MODDATE":1759833442000,"dbhLabel":"61 to 76.9 cm","wiresLabel":"No"}},{"type":"Feature","id":62106,"geometry":{"type":"Point","coordinates":[-63.5732849186517,44.6675171220527]},"properties":{"OBJECTID":62106,"ASSETID":"TRE216585","TREEID":"TRE216585","ASSETCODE":"TRE","ASSETSTAT":"INS","SP_SCIEN":"Fagus sylvatica","SP_COMM":"European Beech","DBH":7,"WIRES":"N","OWNER":"HRM","MAINTBY":"HRM","MODDATE":1759833442000,"dbhLabel":"77 to 90.9 cm","wiresLabel":"No"}},{"type":"Feature","id":62109,"geometry":{"type":"Point","coordinates":[-63.573752243822,44.6686727374049]},"properties":{"OBJECTID":62109,"ASSETID":"TRE216503","TREEID":"TRE216503","ASSETCODE":"TRE","ASSETSTAT":"INS","SP_SCIEN":"Acer rubrum","SP_COMM":"Red Maple","DBH":6,"WIRES":"N","OWNER":"HRM","MAINTBY":"HRM","MODDATE":1759833442000,"dbhLabel":"61 to 76.9 cm","wiresLabel":"No"}},{"type":"Feature","id":62127,"geometry":{"type":"Point","coordinates":[-63.5764629838537,44.6670474569859]},"properties":{"OBJECTID":62127,"ASSETID":"TRE202181","TREEID":"TRE202181","ASSETCODE":"TRE","ASSETSTAT":"INS","SP_SCIEN":"Acer Platanoides","SP_COMM":"Norway Maple","DBH":6,"WIRES":"Y","OWNER":"HRM","MAINTBY":"HRM","MODDATE":1759833442000,"dbhLabel":"61 to 76.9 cm","wiresLabel":"Yes"}},{"type":"Feature","id":62130,"geometry":{"type":"Point","coordinates":[-63.572840004651,44.6677150991754]},"properties":{"OBJECTID":62130,"ASSETID":"TRE216582","TREEID":"TRE216582","ASSETCODE":"TRE","ASSETSTAT":"INS","SP_SCIEN":"Acer Platanoides","SP_COMM":"Norway Maple","DBH":4,"WIRES":"N","OWNER":"HRM","MAINTBY":"HRM","MODDATE":1759833442000,"dbhLabel":"31 to 45.9 cm","wiresLabel":"No"}},{"type":"Feature","id":62145,"geometry":{"type":"Point","coordinates":[-63.572986030292,44.6687651520589]},"properties":{"OBJECTID":62145,"ASSETID":"TRE216536","TREEID":"TRE216536","ASSETCODE":"TRE","ASSETSTAT":"INS","SP_SCIEN":"Quercus rubra","SP_COMM":"Northern Red Oak","DBH":5,"WIRES":"N","OWNER":"HRM","MAINTBY":"HRM","MODDATE":1759833442000,"dbhLabel":"46 to 60.9 cm","wiresLabel":"No"}},{"type":"Feature","id":62167,"geometry":{"type":"Point","coordinates":[-63.5740782442352,44.6667866806561]},"properties":{"OBJECTID":62167,"ASSETID":"TRE217024","TREEID":"TRE217024","ASSETCODE":"TRE","ASSETSTAT":"INS","SP_SCIEN":"Gleditisia triacanthos","SP_COMM":"Honeylocust","DBH":3,"WIRES":"N","OWNER":"HRM","MAINTBY":"HRM","MODDATE":1759833442000,"dbhLabel":"16 to 30.9cm","wiresLabel":"No"}},{"type":"Feature","id":62189,"geometry":{"type":"Point","coordinates":[-63.5600764913626,44.669660308776]},"properties":{"OBJECTID":62189,"ASSETID":"TRE215883","TREEID":"TRE215883","ASSETCODE":"TRE","ASSETSTAT":"INS","SP_SCIEN":"Acer Platanoides","SP_COMM":"Norway Maple","DBH":3,"WIRES":"N","OWNER":"HRM","MAINTBY":"HRM","MODDATE":1759833442000,"dbhLabel":"16 to 30.9cm","wiresLabel":"No"}},{"type":"Feature","id":62192,"geometry":{"type":"Point","coordinates":[-63.5740014364818,44.6676704748094]},"properties":{"OBJECTID":62192,"ASSETID":"TRE216603","TREEID":"TRE216603","ASSETCODE":"TRE","ASSETSTAT":"INS","SP_SCIEN":"Acer ginnala","SP_COMM":"Amur Maple","DBH":1,"WIRES":"N","OWNER":"HRM","MAINTBY":"HRM","MODDATE":1759833442000,"dbhLabel":"0 to 7.9 cm","wiresLabel":"No"}},{"type":"Feature","id":62216,"geometry":{"type":"Point","coordinates":[-63.5747893775636,44.6666512381144]},"properties":{"OBJECTID":62216,"ASSETID":"TRE217032","TREEID":"TRE217032","ASSETCODE":"TRE","ASSETSTAT":"INS","SP_SCIEN":"Picea glauca","SP_COMM":"White Spruce","DBH":1,"WIRES":"N","OWNER":"HRM","MAINTBY":"HRM","MODDATE":1759833442000,"dbhLabel":"0 to 7.9 cm","wiresLabel":"No"}},{"type":"Feature","id":62224,"geometry":{"type":"Point","coordinates":[-63.573122419705,44.6678475026512]},"properties":{"OBJECTID":62224,"ASSETID":"TRE216587","TREEID":"TRE216587","ASSETCODE":"TRE","ASSETSTAT":"INS","SP_SCIEN":"Acer Platanoides","SP_COMM":"Norway Maple","DBH":7,"WIRES":"N","OWNER":"HRM","MAINTBY":"HRM","MODDATE":1759833442000,"dbhLabel":"77 to 90.9 cm","wiresLabel":"No"}},{"type":"Feature","id":62228,"geometry":{"type":"Point","coordinates":[-63.5729038434267,44.6682577065606]},"properties":{"OBJECTID":62228,"ASSETID":"TRE216554","TREEID":"TRE216554","ASSETCODE":"TRE","ASSETSTAT":"INS","SP_SCIEN":"Aesculus Hippocastanum","SP_COMM":"Horsechestnut","DBH":5,"WIRES":"N","OWNER":"HRM","MAINTBY":"HRM","MODDATE":1759833442000,"dbhLabel":"46 to 60.9 cm","wiresLabel":"No"}},{"type":"Feature","id":62234,"geometry":{"type":"Point","coordinates":[-63.5728626951968,44.6687434491244]},"properties":{"OBJECTID":62234,"ASSETID":"TRE216534","TREEID":"TRE216534","ASSETCODE":"TRE","ASSETSTAT":"INS","SP_SCIEN":"Acer saccharinum","SP_COMM":"Silver Maple","DBH":6,"WIRES":"N","OWNER":"HRM","MAINTBY":"HRM","MODDATE":1759833442000,"dbhLabel":"61 to 76.9 cm","wiresLabel":"No"}},{"type":"Feature","id":62238,"geometry":{"type":"Point","coordinates":[-63.5764380771641,44.6674048291732]},"properties":{"OBJECTID":62238,"ASSETID":"TRE202182","TREEID":"TRE202182","ASSETCODE":"TRE","ASSETSTAT":"INS","SP_SCIEN":"Tilia americana","SP_COMM":"American Basswood","DBH":8,"WIRES":"Y","OWNER":"HRM","MAINTBY":"HRM","MODDATE":1759833442000,"dbhLabel":"91 to 106.9 cm","wiresLabel":"Yes"}},{"type":"Feature","id":62239,"geometry":{"type":"Point","coordinates":[-63.5600875604035,44.6696699286769]},"properties":{"OBJECTID":62239,"ASSETID":"TRE215885","TREEID":"TRE215885","ASSETCODE":"TRE","ASSETSTAT":"INS","SP_SCIEN":"Acer Platanoides","SP_COMM":"Norway Maple","DBH":2,"WIRES":"N","OWNER":"HRM","MAINTBY":"HRM","MODDATE":1759833442000,"dbhLabel":"8 to 15.9 cm","wiresLabel":"No"}},{"type":"Feature","id":62255,"geometry":{"type":"Point","coordinates":[-63.5751827866575,44.6667205857166]},"properties":{"OBJECTID":62255,"ASSETID":"TRE217046","TREEID":"TRE217046","ASSETCODE":"TRE","ASSETSTAT":"INS","SP_SCIEN":"Quercus robur","SP_COMM":"English Oak","DBH":1,"WIRES":"N","OWNER":"HRM","MAINTBY":"HRM","MODDATE":1759833442000,"dbhLabel":"0 to 7.9 cm","wiresLabel":"No"}},{"type":"Feature","id":62275,"geometry":{"type":"Point","coordinates":[-63.5743157471183,44.6667525097102]},"properties":{"OBJECTID":62275,"ASSETID":"TRE217031","TREEID":"TRE217031","ASSETCODE":"TRE","ASSETSTAT":"INS","SP_SCIEN":"Acer glabrum","SP_COMM":"Rocky Mountain Maple","DBH":3,"WIRES":"N","OWNER":"HRM","MAINTBY":"HRM","MODDATE":1759833442000,"dbhLabel":"16 to 30.9cm","wiresLabel":"No"}},{"type":"Feature","id":62286,"geometry":{"type":"Point","coordinates":[-63.5742405033318,44.6668445900931]},"properties":{"OBJECTID":62286,"ASSETID":"TRE217029","TREEID":"TRE217029","ASSETCODE":"TRE","ASSETSTAT":"INS","SP_SCIEN":"Gleditisia triacanthos","SP_COMM":"Honeylocust","DBH":4,"WIRES":"N","OWNER":"HRM","MAINTBY":"HRM","MODDATE":1759833442000,"dbhLabel":"31 to 45.9 cm","wiresLabel":"No"}},{"type":"Feature","id":62293,"geometry":{"type":"Point","coordinates":[-63.5731385498542,44.6680010647236]},"properties":{"OBJECTID":62293,"ASSETID":"TRE216593","TREEID":"TRE216593","ASSETCODE":"TRE","ASSETSTAT":"INS","SP_SCIEN":"Ulmus glabra","SP_COMM":"Wych elm","DBH":6,"WIRES":"N","OWNER":"HRM","MAINTBY":"HRM","MODDATE":1759833442000,"dbhLabel":"61 to 76.9 cm","wiresLabel":"No"}},{"type":"Feature","id":62305,"geometry":{"type":"Point","coordinates":[-63.5734294854286,44.6681810469815]},"properties":{"OBJECTID":62305,"ASSETID":"TRE216482","TREEID":"TRE216482","ASSETCODE":"TRE","ASSETSTAT":"INS","SP_SCIEN":"Ulmus americana","SP_COMM":"American Elm","DBH":9,"WIRES":"N","OWNER":"HRM","MAINTBY":"HRM","MODDATE":1759833442000,"dbhLabel":">107 cm","wiresLabel":"No"}},{"type":"Feature","id":62326,"geometry":{"type":"Point","coordinates":[-63.57357582548,44.6680649087273]},"properties":{"OBJECTID":62326,"ASSETID":"TRE216598","TREEID":"TRE216598","ASSETCODE":"TRE","ASSETSTAT":"INS","SP_SCIEN":"Tilia cordata","SP_COMM":"Littleleaf Linden","DBH":7,"WIRES":"N","OWNER":"HRM","MAINTBY":"HRM","MODDATE":1759833442000,"dbhLabel":"77 to 90.9 cm","wiresLabel":"No"}},{"type":"Feature","id":62349,"geometry":{"type":"Point","coordinates":[-63.574287274117,44.6685339579858]},"properties":{"OBJECTID":62349,"ASSETID":"TRE216497","TREEID":"TRE216497","ASSETCODE":"TRE","ASSETSTAT":"INS","SP_SCIEN":"Acer Platanoides","SP_COMM":"Norway Maple","DBH":6,"WIRES":"N","OWNER":"HRM","MAINTBY":"HRM","MODDATE":1759833442000,"dbhLabel":"61 to 76.9 cm","wiresLabel":"No"}},{"type":"Feature","id":62353,"geometry":{"type":"Point","coordinates":[-63.5569656390084,44.668096444823]},"properties":{"OBJECTID":62353,"ASSETID":"TRE215546","TREEID":"TRE215546","ASSETCODE":"TRE","ASSETSTAT":"INS","SP_SCIEN":"Acer Platanoides","SP_COMM":"Norway Maple","DBH":3,"WIRES":"N","OWNER":"HRM","MAINTBY":"HRM","MODDATE":1759833442000,"dbhLabel":"16 to 30.9cm","wiresLabel":"No"}},{"type":"Feature","id":62362,"geometry":{"type":"Point","coordinates":[-63.5765209512407,44.6668665454603]},"properties":{"OBJECTID":62362,"ASSETID":"TRE202166","TREEID":"TRE202166","ASSETCODE":"TRE","ASSETSTAT":"INS","SP_SCIEN":"Platanus hybrida","SP_COMM":"London Planetree","DBH":2,"WIRES":"Y","OWNER":"HRM","MAINTBY":"HRM","MODDATE":1759833442000,"dbhLabel":"8 to 15.9 cm","wiresLabel":"Yes"}},{"type":"Feature","id":62372,"geometry":{"type":"Point","coordinates":[-63.5733403087721,44.6687856896935]},"properties":{"OBJECTID":62372,"ASSETID":"TRE216517","TREEID":"TRE216517","ASSETCODE":"TRE","ASSETSTAT":"INS","SP_SCIEN":"Acer rubrum","SP_COMM":"Red Maple","DBH":5,"WIRES":"N","OWNER":"HRM","MAINTBY":"HRM","MODDATE":1759833442000,"dbhLabel":"46 to 60.9 cm","wiresLabel":"No"}},{"type":"Feature","id":62379,"geometry":{"type":"Point","coordinates":[-63.5741480262648,44.6667452627965]},"properties":{"OBJECTID":62379,"ASSETID":"TRE217025","TREEID":"TRE217025","ASSETCODE":"TRE","ASSETSTAT":"INS","SP_SCIEN":"Gleditisia triacanthos","SP_COMM":"Honeylocust","DBH":3,"WIRES":"N","OWNER":"HRM","MAINTBY":"HRM","MODDATE":1759833442000,"dbhLabel":"16 to 30.9cm","wiresLabel":"No"}},{"type":"Feature","id":62386,"geometry":{"type":"Point","coordinates":[-63.5728048131497,44.6676331540729]},"properties":{"OBJECTID":62386,"ASSETID":"TRE216581","TREEID":"TRE216581","ASSETCODE":"TRE","ASSETSTAT":"INS","SP_SCIEN":"Acer Platanoides","SP_COMM":"Norway Maple","DBH":3,"WIRES":"N","OWNER":"HRM","MAINTBY":"HRM","MODDATE":1759833442000,"dbhLabel":"16 to 30.9cm","wiresLabel":"No"}},{"type":"Feature","id":62388,"geometry":{"type":"Point","coordinates":[-63.5754592773221,44.6669318243751]},"properties":{"OBJECTID":62388,"ASSETID":"TRE202171","TREEID":"TRE202171","ASSETCODE":"TRE","ASSETSTAT":"INS","SP_SCIEN":"Acer Platanoides","SP_COMM":"Norway Maple","DBH":4,"WIRES":"N","OWNER":"HRM","MAINTBY":"HRM","MODDATE":1759833442000,"dbhLabel":"31 to 45.9 cm","wiresLabel":"No"}},{"type":"Feature","id":62430,"geometry":{"type":"Point","coordinates":[-63.574976344822,44.666631097752]},"properties":{"OBJECTID":62430,"ASSETID":"TRE217035","TREEID":"TRE217035","ASSETCODE":"TRE","ASSETSTAT":"INS","SP_SCIEN":"Quercus robur","SP_COMM":"English Oak","DBH":2,"WIRES":"N","OWNER":"HRM","MAINTBY":"HRM","MODDATE":1759833442000,"dbhLabel":"8 to 15.9 cm","wiresLabel":"No"}},{"type":"Feature","id":62431,"geometry":{"type":"Point","coordinates":[-63.5731313965696,44.6676363535782]},"properties":{"OBJECTID":62431,"ASSETID":"TRE216586","TREEID":"TRE216586","ASSETCODE":"TRE","ASSETSTAT":"INS","SP_SCIEN":"Fagus sylvatica","SP_COMM":"European Beech","DBH":4,"WIRES":"N","OWNER":"HRM","MAINTBY":"HRM","MODDATE":1759833442000,"dbhLabel":"31 to 45.9 cm","wiresLabel":"No"}},{"type":"Feature","id":62443,"geometry":{"type":"Point","coordinates":[-63.5742230032517,44.6667653494526]},"properties":{"OBJECTID":62443,"ASSETID":"TRE217026","TREEID":"TRE217026","ASSETCODE":"TRE","ASSETSTAT":"INS","SP_SCIEN":"Gleditisia triacanthos","SP_COMM":"Honeylocust","DBH":3,"WIRES":"N","OWNER":"HRM","MAINTBY":"HRM","MODDATE":1759833442000,"dbhLabel":"16 to 30.9cm","wiresLabel":"No"}},{"type":"Feature","id":62463,"geometry":{"type":"Point","coordinates":[-63.5762218499803,44.6668059942433]},"properties":{"OBJECTID":62463,"ASSETID":"TRE217049","TREEID":"TRE217049","ASSETCODE":"TRE","ASSETSTAT":"INS","SP_SCIEN":"Elm (genus)","SP_COMM":"Elm","DBH":3,"WIRES":"N","OWNER":"HRM","MAINTBY":"HRM","MODDATE":1759833442000,"dbhLabel":"16 to 30.9cm","wiresLabel":"No"}},{"type":"Feature","id":62465,"geometry":{"type":"Point","coordinates":[-63.5752405896527,44.6666904601788]},"properties":{"OBJECTID":62465,"ASSETID":"TRE217043","TREEID":"TRE217043","ASSETCODE":"TRE","ASSETSTAT":"INS","SP_SCIEN":"Acer glabrum","SP_COMM":"Rocky Mountain Maple","DBH":1,"WIRES":"N","OWNER":"HRM","MAINTBY":"HRM","MODDATE":1759833442000,"dbhLabel":"0 to 7.9 cm","wiresLabel":"No"}},{"type":"Feature","id":62470,"geometry":{"type":"Point","coordinates":[-63.5735775340757,44.6684616903629]},"properties":{"OBJECTID":62470,"ASSETID":"TRE216489","TREEID":"TRE216489","ASSETCODE":"TRE","ASSETSTAT":"INS","SP_SCIEN":"Quercus rubra","SP_COMM":"Northern Red Oak","DBH":6,"WIRES":"N","OWNER":"HRM","MAINTBY":"HRM","MODDATE":1759833442000,"dbhLabel":"61 to 76.9 cm","wiresLabel":"No"}},{"type":"Feature","id":62479,"geometry":{"type":"Point","coordinates":[-63.5727584555895,44.6679667961069]},"properties":{"OBJECTID":62479,"ASSETID":"TRE216596","TREEID":"TRE216596","ASSETCODE":"TRE","ASSETSTAT":"INS","SP_SCIEN":"Fagus sylvatica","SP_COMM":"European Beech","DBH":4,"WIRES":"N","OWNER":"HRM","MAINTBY":"HRM","MODDATE":1759833442000,"dbhLabel":"31 to 45.9 cm","wiresLabel":"No"}},{"type":"Feature","id":62482,"geometry":{"type":"Point","coordinates":[-63.5732463315186,44.6683608184921]},"properties":{"OBJECTID":62482,"ASSETID":"TRE216548","TREEID":"TRE216548","ASSETCODE":"TRE","ASSETSTAT":"INS","SP_SCIEN":"Betula papyrifera","SP_COMM":"Paper Birch","DBH":4,"WIRES":"N","OWNER":"HRM","MAINTBY":"HRM","MODDATE":1759833442000,"dbhLabel":"31 to 45.9 cm","wiresLabel":"No"}},{"type":"Feature","id":62500,"geometry":{"type":"Point","coordinates":[-63.5741655317348,44.6685089673437]},"properties":{"OBJECTID":62500,"ASSETID":"TRE216498","TREEID":"TRE216498","ASSETCODE":"TRE","ASSETSTAT":"INS","SP_SCIEN":"Acer rubrum","SP_COMM":"Red Maple","DBH":6,"WIRES":"N","OWNER":"HRM","MAINTBY":"HRM","MODDATE":1759833442000,"dbhLabel":"61 to 76.9 cm","wiresLabel":"No"}},{"type":"Feature","id":62508,"geometry":{"type":"Point","coordinates":[-63.5741418988563,44.666875247744]},"properties":{"OBJECTID":62508,"ASSETID":"TRE217030","TREEID":"TRE217030","ASSETCODE":"TRE","ASSETSTAT":"INS","SP_SCIEN":"Gleditisia triacanthos","SP_COMM":"Honeylocust","DBH":3,"WIRES":"N","OWNER":"HRM","MAINTBY":"HRM","MODDATE":1759833442000,"dbhLabel":"16 to 30.9cm","wiresLabel":"No"}},{"type":"Feature","id":62519,"geometry":{"type":"Point","coordinates":[-63.5737838115194,44.6676507481557]},"properties":{"OBJECTID":62519,"ASSETID":"TRE216601","TREEID":"TRE216601","ASSETCODE":"TRE","ASSETSTAT":"INS","SP_SCIEN":"Acer Platanoides","SP_COMM":"Norway Maple","DBH":4,"WIRES":"N","OWNER":"HRM","MAINTBY":"HRM","MODDATE":1759833442000,"dbhLabel":"31 to 45.9 cm","wiresLabel":"No"}},{"type":"Feature","id":62529,"geometry":{"type":"Point","coordinates":[-63.5752797588941,44.6667028821015]},"properties":{"OBJECTID":62529,"ASSETID":"TRE217044","TREEID":"TRE217044","ASSETCODE":"TRE","ASSETSTAT":"INS","SP_SCIEN":"Ulmus americana","SP_COMM":"American Elm","DBH":1,"WIRES":"N","OWNER":"HRM","MAINTBY":"HRM","MODDATE":1759833442000,"dbhLabel":"0 to 7.9 cm","wiresLabel":"No"}},{"type":"Feature","id":62541,"geometry":{"type":"Point","coordinates":[-63.5715482650017,44.6648294129498]},"properties":{"OBJECTID":62541,"ASSETID":"TRE216015","TREEID":"TRE216015","ASSETCODE":"TRE","ASSETSTAT":"INS","SP_SCIEN":"Pinus resinosa","SP_COMM":"Red Pine","DBH":6,"WIRES":"N","OWNER":"HRM","MAINTBY":"HRM","MODDATE":1759833442000,"dbhLabel":"61 to 76.9 cm","wiresLabel":"No"}},{"type":"Feature","id":62561,"geometry":{"type":"Point","coordinates":[-63.5733477701788,44.6675946181639]},"properties":{"OBJECTID":62561,"ASSETID":"TRE216589","TREEID":"TRE216589","ASSETCODE":"TRE","ASSETSTAT":"INS","SP_SCIEN":"Taxus (genus)","SP_COMM":"Yew","DBH":3,"WIRES":"N","OWNER":"HRM","MAINTBY":"HRM","MODDATE":1759833442000,"dbhLabel":"16 to 30.9cm","wiresLabel":"No"}},{"type":"Feature","id":62566,"geometry":{"type":"Point","coordinates":[-63.559434431293,44.6700958993289]},"properties":{"OBJECTID":62566,"ASSETID":"TRE215881","TREEID":"TRE215881","ASSETCODE":"TRE","ASSETSTAT":"INS","SP_SCIEN":"Tilia cordata","SP_COMM":"Littleleaf Linden","DBH":3,"WIRES":"N","OWNER":"HRM","MAINTBY":"HRM","MODDATE":1759833442000,"dbhLabel":"16 to 30.9cm","wiresLabel":"No"}},{"type":"Feature","id":62576,"geometry":{"type":"Point","coordinates":[-63.5733393583545,44.6675623317505]},"properties":{"OBJECTID":62576,"ASSETID":"TRE216590","TREEID":"TRE216590","ASSETCODE":"TRE","ASSETSTAT":"INS","SP_SCIEN":"Fagus sylvatica","SP_COMM":"European Beech","DBH":4,"WIRES":"N","OWNER":"HRM","MAINTBY":"HRM","MODDATE":1759833442000,"dbhLabel":"31 to 45.9 cm","wiresLabel":"No"}},{"type":"Feature","id":62599,"geometry":{"type":"Point","coordinates":[-63.5733266229387,44.6683637777418]},"properties":{"OBJECTID":62599,"ASSETID":"TRE216486","TREEID":"TRE216486","ASSETCODE":"TRE","ASSETSTAT":"INS","SP_SCIEN":"Acer saccharum","SP_COMM":"Sugar Maple","DBH":5,"WIRES":"N","OWNER":"HRM","MAINTBY":"HRM","MODDATE":1759833442000,"dbhLabel":"46 to 60.9 cm","wiresLabel":"No"}},{"type":"Feature","id":62606,"geometry":{"type":"Point","coordinates":[-63.5742628767722,44.6667819944108]},"properties":{"OBJECTID":62606,"ASSETID":"TRE217027","TREEID":"TRE217027","ASSETCODE":"TRE","ASSETSTAT":"INS","SP_SCIEN":"Gleditisia triacanthos","SP_COMM":"Honeylocust","DBH":3,"WIRES":"N","OWNER":"HRM","MAINTBY":"HRM","MODDATE":1759833442000,"dbhLabel":"16 to 30.9cm","wiresLabel":"No"}},{"type":"Feature","id":62658,"geometry":{"type":"Point","coordinates":[-63.5734033848781,44.6684083472701]},"properties":{"OBJECTID":62658,"ASSETID":"TRE216487","TREEID":"TRE216487","ASSETCODE":"TRE","ASSETSTAT":"INS","SP_SCIEN":"Acer rubrum","SP_COMM":"Red Maple","DBH":6,"WIRES":"N","OWNER":"HRM","MAINTBY":"HRM","MODDATE":1759833442000,"dbhLabel":"61 to 76.9 cm","wiresLabel":"No"}},{"type":"Feature","id":62662,"geometry":{"type":"Point","coordinates":[-63.5733526947432,44.6683376856126]},"properties":{"OBJECTID":62662,"ASSETID":"TRE216485","TREEID":"TRE216485","ASSETCODE":"TRE","ASSETSTAT":"INS","SP_SCIEN":"Quercus palustris","SP_COMM":"Pin Oak","DBH":3,"WIRES":"N","OWNER":"HRM","MAINTBY":"HRM","MODDATE":1759833442000,"dbhLabel":"16 to 30.9cm","wiresLabel":"No"}},{"type":"Feature","id":62665,"geometry":{"type":"Point","coordinates":[-63.5728161400072,44.6681888361187]},"properties":{"OBJECTID":62665,"ASSETID":"TRE216555","TREEID":"TRE216555","ASSETCODE":"TRE","ASSETSTAT":"INS","SP_SCIEN":"Pinus resinosa","SP_COMM":"Red Pine","DBH":6,"WIRES":"N","OWNER":"HRM","MAINTBY":"HRM","MODDATE":1759833442000,"dbhLabel":"61 to 76.9 cm","wiresLabel":"No"}},{"type":"Feature","id":62666,"geometry":{"type":"Point","coordinates":[-63.5735001145695,44.6682711937857]},"properties":{"OBJECTID":62666,"ASSETID":"TRE216483","TREEID":"TRE216483","ASSETCODE":"TRE","ASSETSTAT":"INS","SP_SCIEN":"Acer Platanoides","SP_COMM":"Norway Maple","DBH":7,"WIRES":"N","OWNER":"HRM","MAINTBY":"HRM","MODDATE":1759833442000,"dbhLabel":"77 to 90.9 cm","wiresLabel":"No"}},{"type":"Feature","id":62668,"geometry":{"type":"Point","coordinates":[-63.5741841924382,44.6677179766817]},"properties":{"OBJECTID":62668,"ASSETID":"TRE216604","TREEID":"TRE216604","ASSETCODE":"TRE","ASSETSTAT":"INS","SP_SCIEN":"Unknown Species","SP_COMM":"Unknown Species","DBH":1,"WIRES":"N","OWNER":"HRM","MAINTBY":"HRM","MODDATE":1759833442000,"dbhLabel":"0 to 7.9 cm","wiresLabel":"No"}},{"type":"Feature","id":62674,"geometry":{"type":"Point","coordinates":[-63.5733139324387,44.668107938161]},"properties":{"OBJECTID":62674,"ASSETID":"TRE216481","TREEID":"TRE216481","ASSETCODE":"TRE","ASSETSTAT":"INS","SP_SCIEN":"Ulmus glabra","SP_COMM":"Wych elm","DBH":3,"WIRES":"N","OWNER":"HRM","MAINTBY":"HRM","MODDATE":1759833442000,"dbhLabel":"16 to 30.9cm","wiresLabel":"No"}},{"type":"Feature","id":62703,"geometry":{"type":"Point","coordinates":[-63.5729704067926,44.6682775818649]},"properties":{"OBJECTID":62703,"ASSETID":"TRE216553","TREEID":"TRE216553","ASSETCODE":"TRE","ASSETSTAT":"INS","SP_SCIEN":"Quercus rubra","SP_COMM":"Northern Red Oak","DBH":6,"WIRES":"N","OWNER":"HRM","MAINTBY":"HRM","MODDATE":1759833442000,"dbhLabel":"61 to 76.9 cm","wiresLabel":"No"}},{"type":"Feature","id":62709,"geometry":{"type":"Point","coordinates":[-63.5735767794908,44.6686421330919]},"properties":{"OBJECTID":62709,"ASSETID":"TRE216506","TREEID":"TRE216506","ASSETCODE":"TRE","ASSETSTAT":"INS","SP_SCIEN":"Acer Platanoides","SP_COMM":"Norway Maple","DBH":6,"WIRES":"N","OWNER":"HRM","MAINTBY":"HRM","MODDATE":1759833442000,"dbhLabel":"61 to 76.9 cm","wiresLabel":"No"}},{"type":"Feature","id":62730,"geometry":{"type":"Point","coordinates":[-63.571367895869,44.6649906856931]},"properties":{"OBJECTID":62730,"ASSETID":"TRE216017","TREEID":"TRE216017","ASSETCODE":"TRE","ASSETSTAT":"INS","SP_SCIEN":"Acer glabrum","SP_COMM":"Rocky Mountain Maple","DBH":4,"WIRES":"N","OWNER":"HRM","MAINTBY":"HRM","MODDATE":1759833442000,"dbhLabel":"31 to 45.9 cm","wiresLabel":"No"}},{"type":"Feature","id":62751,"geometry":{"type":"Point","coordinates":[-63.5570084922407,44.6680145954519]},"properties":{"OBJECTID":62751,"ASSETID":"TRE215547","TREEID":"TRE215547","ASSETCODE":"TRE","ASSETSTAT":"INS","SP_SCIEN":"Fraxinus americana","SP_COMM":"White Ash","DBH":4,"WIRES":"N","OWNER":"HRM","MAINTBY":"HRM","MODDATE":1759833442000,"dbhLabel":"31 to 45.9 cm","wiresLabel":"No"}},{"type":"Feature","id":62760,"geometry":{"type":"Point","coordinates":[-63.568545373975,44.6648369725298]},"properties":{"OBJECTID":62760,"ASSETID":"TRE216019","TREEID":"TRE216019","ASSETCODE":"TRE","ASSETSTAT":"INS","SP_SCIEN":"Pinus resinosa","SP_COMM":"Red Pine","DBH":5,"WIRES":"N","OWNER":"HRM","MAINTBY":"HRM","MODDATE":1759833442000,"dbhLabel":"46 to 60.9 cm","wiresLabel":"No"}},{"type":"Feature","id":62766,"geometry":{"type":"Point","coordinates":[-63.5729241794881,44.6687596935841]},"properties":{"OBJECTID":62766,"ASSETID":"TRE216535","TREEID":"TRE216535","ASSETCODE":"TRE","ASSETSTAT":"INS","SP_SCIEN":"Acer saccharinum","SP_COMM":"Silver Maple","DBH":3,"WIRES":"N","OWNER":"HRM","MAINTBY":"HRM","MODDATE":1759833442000,"dbhLabel":"16 to 30.9cm","wiresLabel":"No"}},{"type":"Feature","id":62778,"geometry":{"type":"Point","coordinates":[-63.5570168672341,44.667912308332]},"properties":{"OBJECTID":62778,"ASSETID":"TRE215548","TREEID":"TRE215548","ASSETCODE":"TRE","ASSETSTAT":"INS","SP_SCIEN":"Tilia americana","SP_COMM":"American Basswood","DBH":7,"WIRES":"N","OWNER":"HRM","MAINTBY":"HRM","MODDATE":1759833442000,"dbhLabel":"77 to 90.9 cm","wiresLabel":"No"}},{"type":"Feature","id":62786,"geometry":{"type":"Point","coordinates":[-63.5744546419326,44.6680995401663]},"properties":{"OBJECTID":62786,"ASSETID":"TRE216605","TREEID":"TRE216605","ASSETCODE":"TRE","ASSETSTAT":"INS","SP_SCIEN":"Quercus palustris","SP_COMM":"Pin Oak","DBH":4,"WIRES":"Y","OWNER":"HRM","MAINTBY":"HRM","MODDATE":1759833442000,"dbhLabel":"31 to 45.9 cm","wiresLabel":"Yes"}},{"type":"Feature","id":62791,"geometry":{"type":"Point","coordinates":[-63.5728240478766,44.6674950870719]},"properties":{"OBJECTID":62791,"ASSETID":"TRE216580","TREEID":"TRE216580","ASSETCODE":"TRE","ASSETSTAT":"INS","SP_SCIEN":"Fagus sylvatica","SP_COMM":"European Beech","DBH":5,"WIRES":"N","OWNER":"HRM","MAINTBY":"HRM","MODDATE":1759833442000,"dbhLabel":"46 to 60.9 cm","wiresLabel":"No"}},{"type":"Feature","id":62808,"geometry":{"type":"Point","coordinates":[-63.5751918156244,44.6666433778539]},"properties":{"OBJECTID":62808,"ASSETID":"TRE217039","TREEID":"TRE217039","ASSETCODE":"TRE","ASSETSTAT":"INS","SP_SCIEN":"Acer glabrum","SP_COMM":"Rocky Mountain Maple","DBH":2,"WIRES":"N","OWNER":"HRM","MAINTBY":"HRM","MODDATE":1759833442000,"dbhLabel":"8 to 15.9 cm","wiresLabel":"No"}},{"type":"Feature","id":62813,"geometry":{"type":"Point","coordinates":[-63.5734931292699,44.6684307958915]},"properties":{"OBJECTID":62813,"ASSETID":"TRE216488","TREEID":"TRE216488","ASSETCODE":"TRE","ASSETSTAT":"INS","SP_SCIEN":"Aesculus Hippocastanum","SP_COMM":"Horsechestnut","DBH":5,"WIRES":"N","OWNER":"HRM","MAINTBY":"HRM","MODDATE":1759833442000,"dbhLabel":"46 to 60.9 cm","wiresLabel":"No"}},{"type":"Feature","id":62821,"geometry":{"type":"Point","coordinates":[-63.5569369522081,44.6681123744994]},"properties":{"OBJECTID":62821,"ASSETID":"TRE215545","TREEID":"TRE215545","ASSETCODE":"TRE","ASSETSTAT":"INS","SP_SCIEN":"Acer Platanoides","SP_COMM":"Norway Maple","DBH":4,"WIRES":"N","OWNER":"HRM","MAINTBY":"HRM","MODDATE":1759833442000,"dbhLabel":"31 to 45.9 cm","wiresLabel":"No"}},{"type":"Feature","id":62851,"geometry":{"type":"Point","coordinates":[-63.5596825181267,44.669772019122]},"properties":{"OBJECTID":62851,"ASSETID":"TRE215882","TREEID":"TRE215882","ASSETCODE":"TRE","ASSETSTAT":"INS","SP_SCIEN":"Euonymus alatus","SP_COMM":"Burning Bush","DBH":1,"WIRES":"N","OWNER":"HRM","MAINTBY":"HRM","MODDATE":1759833442000,"dbhLabel":"0 to 7.9 cm","wiresLabel":"No"}},{"type":"Feature","id":62863,"geometry":{"type":"Point","coordinates":[-63.573487351306,44.6683567488846]},"properties":{"OBJECTID":62863,"ASSETID":"TRE216484","TREEID":"TRE216484","ASSETCODE":"TRE","ASSETSTAT":"INS","SP_SCIEN":"Acer Platanoides","SP_COMM":"Norway Maple","DBH":5,"WIRES":"N","OWNER":"HRM","MAINTBY":"HRM","MODDATE":1759833442000,"dbhLabel":"46 to 60.9 cm","wiresLabel":"No"}},{"type":"Feature","id":62876,"geometry":{"type":"Point","coordinates":[-63.5752496904849,44.6666629010448]},"properties":{"OBJECTID":62876,"ASSETID":"TRE217041","TREEID":"TRE217041","ASSETCODE":"TRE","ASSETSTAT":"INS","SP_SCIEN":"Quercus robur","SP_COMM":"English Oak","DBH":2,"WIRES":"N","OWNER":"HRM","MAINTBY":"HRM","MODDATE":1759833442000,"dbhLabel":"8 to 15.9 cm","wiresLabel":"No"}},{"type":"Feature","id":62877,"geometry":{"type":"Point","coordinates":[-63.5751008980328,44.6666320969758]},"properties":{"OBJECTID":62877,"ASSETID":"TRE217037","TREEID":"TRE217037","ASSETCODE":"TRE","ASSETSTAT":"INS","SP_SCIEN":"Ostrya virginiana","SP_COMM":"Eastern Hophornbeam","DBH":2,"WIRES":"N","OWNER":"HRM","MAINTBY":"HRM","MODDATE":1759833442000,"dbhLabel":"8 to 15.9 cm","wiresLabel":"No"}},{"type":"Feature","id":62910,"geometry":{"type":"Point","coordinates":[-63.5750471697957,44.6666348774247]},"properties":{"OBJECTID":62910,"ASSETID":"TRE217036","TREEID":"TRE217036","ASSETCODE":"TRE","ASSETSTAT":"INS","SP_SCIEN":"Pinus sylvestris","SP_COMM":"Scotch Pine","DBH":2,"WIRES":"N","OWNER":"HRM","MAINTBY":"HRM","MODDATE":1759833442000,"dbhLabel":"8 to 15.9 cm","wiresLabel":"No"}},{"type":"Feature","id":62926,"geometry":{"type":"Point","coordinates":[-63.5740583824843,44.6668347148072]},"properties":{"OBJECTID":62926,"ASSETID":"TRE217022","TREEID":"TRE217022","ASSETCODE":"TRE","ASSETSTAT":"INS","SP_SCIEN":"Gleditisia triacanthos","SP_COMM":"Honeylocust","DBH":1,"WIRES":"N","OWNER":"HRM","MAINTBY":"HRM","MODDATE":1759833442000,"dbhLabel":"0 to 7.9 cm","wiresLabel":"No"}},{"type":"Feature","id":62935,"geometry":{"type":"Point","coordinates":[-63.5751356529528,44.6666602362363]},"properties":{"OBJECTID":62935,"ASSETID":"TRE217038","TREEID":"TRE217038","ASSETCODE":"TRE","ASSETSTAT":"INS","SP_SCIEN":"Quercus rubra","SP_COMM":"Northern Red Oak","DBH":2,"WIRES":"N","OWNER":"HRM","MAINTBY":"HRM","MODDATE":1759833442000,"dbhLabel":"8 to 15.9 cm","wiresLabel":"No"}},{"type":"Feature","id":62954,"geometry":{"type":"Point","coordinates":[-63.573816331431,44.6687361743495]},"properties":{"OBJECTID":62954,"ASSETID":"TRE216502","TREEID":"TRE216502","ASSETCODE":"TRE","ASSETSTAT":"INS","SP_SCIEN":"Acer Platanoides","SP_COMM":"Norway Maple","DBH":5,"WIRES":"N","OWNER":"HRM","MAINTBY":"HRM","MODDATE":1759833442000,"dbhLabel":"46 to 60.9 cm","wiresLabel":"No"}},{"type":"Feature","id":62958,"geometry":{"type":"Point","coordinates":[-63.5732681551901,44.668024347873]},"properties":{"OBJECTID":62958,"ASSETID":"TRE216592","TREEID":"TRE216592","ASSETCODE":"TRE","ASSETSTAT":"INS","SP_SCIEN":"Ulmus americana","SP_COMM":"American Elm","DBH":7,"WIRES":"N","OWNER":"HRM","MAINTBY":"HRM","MODDATE":1759833442000,"dbhLabel":"77 to 90.9 cm","wiresLabel":"No"}},{"type":"Feature","id":62962,"geometry":{"type":"Point","coordinates":[-63.574063772376,44.6668145131752]},"properties":{"OBJECTID":62962,"ASSETID":"TRE217023","TREEID":"TRE217023","ASSETCODE":"TRE","ASSETSTAT":"INS","SP_SCIEN":"Gleditisia triacanthos","SP_COMM":"Honeylocust","DBH":3,"WIRES":"N","OWNER":"HRM","MAINTBY":"HRM","MODDATE":1759833442000,"dbhLabel":"16 to 30.9cm","wiresLabel":"No"}},{"type":"Feature","id":62972,"geometry":{"type":"Point","coordinates":[-63.5730258175742,44.667975909022]},"properties":{"OBJECTID":62972,"ASSETID":"TRE216594","TREEID":"TRE216594","ASSETCODE":"TRE","ASSETSTAT":"INS","SP_SCIEN":"Ulmus glabra","SP_COMM":"Wych elm","DBH":5,"WIRES":"N","OWNER":"HRM","MAINTBY":"HRM","MODDATE":1759833442000,"dbhLabel":"46 to 60.9 cm","wiresLabel":"No"}},{"type":"Feature","id":62984,"geometry":{"type":"Point","coordinates":[-63.5733820678564,44.6680436917139]},"properties":{"OBJECTID":62984,"ASSETID":"TRE216597","TREEID":"TRE216597","ASSETCODE":"TRE","ASSETSTAT":"INS","SP_SCIEN":"Acer Platanoides","SP_COMM":"Norway Maple","DBH":5,"WIRES":"N","OWNER":"HRM","MAINTBY":"HRM","MODDATE":1759833442000,"dbhLabel":"46 to 60.9 cm","wiresLabel":"No"}},{"type":"Feature","id":62986,"geometry":{"type":"Point","coordinates":[-63.572896558988,44.6679484150256]},"properties":{"OBJECTID":62986,"ASSETID":"TRE216595","TREEID":"TRE216595","ASSETCODE":"TRE","ASSETSTAT":"INS","SP_SCIEN":"Fagus sylvatica","SP_COMM":"European Beech","DBH":3,"WIRES":"N","OWNER":"HRM","MAINTBY":"HRM","MODDATE":1759833442000,"dbhLabel":"16 to 30.9cm","wiresLabel":"No"}},{"type":"Feature","id":62989,"geometry":{"type":"Point","coordinates":[-63.5685383743023,44.6648805263486]},"properties":{"OBJECTID":62989,"ASSETID":"TRE216020","TREEID":"TRE216020","ASSETCODE":"TRE","ASSETSTAT":"INS","SP_SCIEN":"Tilia cordata","SP_COMM":"Littleleaf Linden","DBH":2,"WIRES":"N","OWNER":"HRM","MAINTBY":"HRM","MODDATE":1759833442000,"dbhLabel":"8 to 15.9 cm","wiresLabel":"No"}},{"type":"Feature","id":63000,"geometry":{"type":"Point","coordinates":[-63.5741965334935,44.6667819573553]},"properties":{"OBJECTID":63000,"ASSETID":"TRE217028","TREEID":"TRE217028","ASSETCODE":"TRE","ASSETSTAT":"INS","SP_SCIEN":"Ulmus americana","SP_COMM":"American Elm","DBH":3,"WIRES":"N","OWNER":"HRM","MAINTBY":"HRM","MODDATE":1759833442000,"dbhLabel":"16 to 30.9cm","wiresLabel":"No"}},{"type":"Feature","id":63196,"geometry":{"type":"Point","coordinates":[-63.5756534939849,44.6669368243015]},"properties":{"OBJECTID":63196,"ASSETID":"TRE202170","TREEID":"TRE202170","ASSETCODE":"TRE","ASSETSTAT":"INS","SP_SCIEN":"Acer saccharum","SP_COMM":"Sugar Maple","DBH":2,"WIRES":"N","OWNER":"HRM","MAINTBY":"HRM","MODDATE":1759833442000,"dbhLabel":"8 to 15.9 cm","wiresLabel":"No"}},{"type":"Feature","id":63204,"geometry":{"type":"Point","coordinates":[-63.5757365432329,44.6669394756806]},"properties":{"OBJECTID":63204,"ASSETID":"TRE202169","TREEID":"TRE202169","ASSETCODE":"TRE","ASSETSTAT":"INS","SP_SCIEN":"Tilia americana","SP_COMM":"American Basswood","DBH":3,"WIRES":"N","OWNER":"HRM","MAINTBY":"HRM","MODDATE":1759833442000,"dbhLabel":"16 to 30.9cm","wiresLabel":"No"}},{"type":"Feature","id":63232,"geometry":{"type":"Point","coordinates":[-63.576357289874,44.6666773955306]},"properties":{"OBJECTID":63232,"ASSETID":"TRE202180","TREEID":"TRE202180","ASSETCODE":"TRE","ASSETSTAT":"INS","SP_SCIEN":"Fraxinus excelsior","SP_COMM":"European Ash","DBH":5,"WIRES":"N","OWNER":"HRM","MAINTBY":"HRM","MODDATE":1759833442000,"dbhLabel":"46 to 60.9 cm","wiresLabel":"No"}},{"type":"Feature","id":63271,"geometry":{"type":"Point","coordinates":[-63.5762058761379,44.6668393863536]},"properties":{"OBJECTID":63271,"ASSETID":"TRE202172","TREEID":"TRE202172","ASSETCODE":"TRE","ASSETSTAT":"INS","SP_SCIEN":"Ulmus americana","SP_COMM":"American Elm","DBH":3,"WIRES":"Y","OWNER":"HRM","MAINTBY":"HRM","MODDATE":1759833442000,"dbhLabel":"16 to 30.9cm","wiresLabel":"Yes"}},{"type":"Feature","id":63285,"geometry":{"type":"Point","coordinates":[-63.5764535084241,44.6672040584306]},"properties":{"OBJECTID":63285,"ASSETID":"TRE202184","TREEID":"TRE202184","ASSETCODE":"TRE","ASSETSTAT":"INS","SP_SCIEN":"Ulmus americana","SP_COMM":"American Elm","DBH":6,"WIRES":"Y","OWNER":"HRM","MAINTBY":"HRM","MODDATE":1759833442000,"dbhLabel":"61 to 76.9 cm","wiresLabel":"Yes"}},{"type":"Feature","id":63293,"geometry":{"type":"Point","coordinates":[-63.5757171414194,44.6663167125853]},"properties":{"OBJECTID":63293,"ASSETID":"TRE202112","TREEID":"TRE202112","ASSETCODE":"TRE","ASSETSTAT":"INS","SP_SCIEN":"Acer Platanoides","SP_COMM":"Norway Maple","DBH":3,"WIRES":"Y","OWNER":"HRM","MAINTBY":"HRM","MODDATE":1759833442000,"dbhLabel":"16 to 30.9cm","wiresLabel":"Yes"}},{"type":"Feature","id":63329,"geometry":{"type":"Point","coordinates":[-63.5761637442528,44.6669500524461]},"properties":{"OBJECTID":63329,"ASSETID":"TRE203589","TREEID":"TRE203589","ASSETCODE":"TRE","ASSETSTAT":"INS","SP_SCIEN":"Acer rubrum","SP_COMM":"Red Maple","DBH":2,"WIRES":"N","OWNER":"HRM","MAINTBY":"HRM","MODDATE":1759833442000,"dbhLabel":"8 to 15.9 cm","wiresLabel":"No"}},{"type":"Feature","id":63337,"geometry":{"type":"Point","coordinates":[-63.5759311928836,44.6668539191287]},"properties":{"OBJECTID":63337,"ASSETID":"TRE202168","TREEID":"TRE202168","ASSETCODE":"TRE","ASSETSTAT":"INS","SP_SCIEN":"Ulmus americana","SP_COMM":"American Elm","DBH":2,"WIRES":"Y","OWNER":"HRM","MAINTBY":"HRM","MODDATE":1759833442000,"dbhLabel":"8 to 15.9 cm","wiresLabel":"Yes"}},{"type":"Feature","id":63355,"geometry":{"type":"Point","coordinates":[-63.5756956923453,44.6663617839407]},"properties":{"OBJECTID":63355,"ASSETID":"TRE202113","TREEID":"TRE202113","ASSETCODE":"TRE","ASSETSTAT":"INS","SP_SCIEN":"Quercus robur","SP_COMM":"English Oak","DBH":3,"WIRES":"N","OWNER":"HRM","MAINTBY":"HRM","MODDATE":1759833442000,"dbhLabel":"16 to 30.9cm","wiresLabel":"No"}},{"type":"Feature","id":63366,"geometry":{"type":"Point","coordinates":[-63.5734765652344,44.6667924012608]},"properties":{"OBJECTID":63366,"ASSETID":"TRE202110","TREEID":"TRE202110","ASSETCODE":"TRE","ASSETSTAT":"INS","SP_SCIEN":"Tilia tomentosa","SP_COMM":"Silver Linden","DBH":4,"WIRES":"N","OWNER":"HRM","MAINTBY":"HRM","MODDATE":1759833442000,"dbhLabel":"31 to 45.9 cm","wiresLabel":"No"}},{"type":"Feature","id":63459,"geometry":{"type":"Point","coordinates":[-63.5586191949013,44.684213884968]},"properties":{"OBJECTID":63459,"ASSETID":"TRE206525","TREEID":"TRE206525","ASSETCODE":"TRE","ASSETSTAT":"INS","SP_SCIEN":"Unknown Species","SP_COMM":"Unknown Species","DBH":1,"WIRES":"N","OWNER":"HRM","MAINTBY":"HRM","MODDATE":1759833442000,"dbhLabel":"0 to 7.9 cm","wiresLabel":"No"}},{"type":"Feature","id":63623,"geometry":{"type":"Point","coordinates":[-63.5759643479041,44.6663218160655]},"properties":{"OBJECTID":63623,"ASSETID":"TRE202114","TREEID":"TRE202114","ASSETCODE":"TRE","ASSETSTAT":"INS","SP_SCIEN":"Fraxinus pennsylvanica","SP_COMM":"Green Ash","DBH":3,"WIRES":"Y","OWNER":"HRM","MAINTBY":"HRM","MODDATE":1759833442000,"dbhLabel":"16 to 30.9cm","wiresLabel":"Yes"}},{"type":"Feature","id":63712,"geometry":{"type":"Point","coordinates":[-63.5738489187163,44.6664719481372]},"properties":{"OBJECTID":63712,"ASSETID":"TRE202111","TREEID":"TRE202111","ASSETCODE":"TRE","ASSETSTAT":"INS","SP_SCIEN":"Acer freemanii  ","SP_COMM":"Freeman Maple","DBH":1,"WIRES":"Y","OWNER":"HRM","MAINTBY":"HRM","MODDATE":1759833442000,"dbhLabel":"0 to 7.9 cm","wiresLabel":"Yes"}},{"type":"Feature","id":63751,"geometry":{"type":"Point","coordinates":[-63.5575812104552,44.6699084829261]},"properties":{"OBJECTID":63751,"ASSETID":"TRE207517","TREEID":"TRE207517","ASSETCODE":"TRE","ASSETSTAT":"INS","SP_SCIEN":"Acer Platanoides","SP_COMM":"Norway Maple","DBH":4,"WIRES":"N","OWNER":"HRM","MAINTBY":"HRM","MODDATE":1759833442000,"dbhLabel":"31 to 45.9 cm","wiresLabel":"No"}},{"type":"Feature","id":63876,"geometry":{"type":"Point","coordinates":[-63.5601204863536,44.6841105534273]},"properties":{"OBJECTID":63876,"ASSETID":"TRE206459","TREEID":"TRE206459","ASSETCODE":"TRE","ASSETSTAT":"INS","SP_SCIEN":"Gleditisia triacanthos","SP_COMM":"Honeylocust","DBH":3,"WIRES":"Y","OWNER":"HRM","MAINTBY":"HRM","MODDATE":1759833442000,"dbhLabel":"16 to 30.9cm","wiresLabel":"Yes"}},{"type":"Feature","id":63943,"geometry":{"type":"Point","coordinates":[-63.5592794171093,44.6840277750125]},"properties":{"OBJECTID":63943,"ASSETID":"TRE206530","TREEID":"TRE206530","ASSETCODE":"TRE","ASSETSTAT":"INS","SP_SCIEN":"Ulmus americana","SP_COMM":"American Elm","DBH":2,"WIRES":"N","OWNER":"HRM","MAINTBY":"HRM","MODDATE":1759833442000,"dbhLabel":"8 to 15.9 cm","wiresLabel":"No"}},{"type":"Feature","id":64039,"geometry":{"type":"Point","coordinates":[-63.5563284864353,44.6701423917452]},"properties":{"OBJECTID":64039,"ASSETID":"TRE207531","TREEID":"TRE207531","ASSETCODE":"TRE","ASSETSTAT":"INS","SP_SCIEN":"Acer glabrum","SP_COMM":"Rocky Mountain Maple","DBH":3,"WIRES":"Y","OWNER":"HRM","MAINTBY":"HRM","MODDATE":1759833442000,"dbhLabel":"16 to 30.9cm","wiresLabel":"Yes"}},{"type":"Feature","id":64089,"geometry":{"type":"Point","coordinates":[-63.5563562919882,44.6701090443407]},"properties":{"OBJECTID":64089,"ASSETID":"TRE207530","TREEID":"TRE207530","ASSETCODE":"TRE","ASSETSTAT":"INS","SP_SCIEN":"Acer glabrum","SP_COMM":"Rocky Mountain Maple","DBH":3,"WIRES":"Y","OWNER":"HRM","MAINTBY":"HRM","MODDATE":1759833442000,"dbhLabel":"16 to 30.9cm","wiresLabel":"Yes"}},{"type":"Feature","id":64096,"geometry":{"type":"Point","coordinates":[-63.5602806353075,44.6840501351918]},"properties":{"OBJECTID":64096,"ASSETID":"TRE206464","TREEID":"TRE206464","ASSETCODE":"TRE","ASSETSTAT":"INS","SP_SCIEN":"Acer saccharum","SP_COMM":"Sugar Maple","DBH":2,"WIRES":"N","OWNER":"HRM","MAINTBY":"HRM","MODDATE":1759833442000,"dbhLabel":"8 to 15.9 cm","wiresLabel":"No"}},{"type":"Feature","id":64111,"geometry":{"type":"Point","coordinates":[-63.5588317641453,44.6841591384672]},"properties":{"OBJECTID":64111,"ASSETID":"TRE206527","TREEID":"TRE206527","ASSETCODE":"TRE","ASSETSTAT":"INS","SP_SCIEN":"Juglans nigra","SP_COMM":"Black Walnut","DBH":2,"WIRES":"N","OWNER":"HRM","MAINTBY":"HRM","MODDATE":1759833442000,"dbhLabel":"8 to 15.9 cm","wiresLabel":"No"}},{"type":"Feature","id":64161,"geometry":{"type":"Point","coordinates":[-63.5606020929404,44.6844747265905]},"properties":{"OBJECTID":64161,"ASSETID":"TRE206469","TREEID":"TRE206469","ASSETCODE":"TRE","ASSETSTAT":"INS","SP_SCIEN":"Tilia americana","SP_COMM":"American Basswood","DBH":2,"WIRES":"N","OWNER":"HRM","MAINTBY":"HRM","MODDATE":1759833442000,"dbhLabel":"8 to 15.9 cm","wiresLabel":"No"}},{"type":"Feature","id":64207,"geometry":{"type":"Point","coordinates":[-63.5592141625887,44.6840536933777]},"properties":{"OBJECTID":64207,"ASSETID":"TRE206529","TREEID":"TRE206529","ASSETCODE":"TRE","ASSETSTAT":"INS","SP_SCIEN":"Ulmus americana","SP_COMM":"American Elm","DBH":1,"WIRES":"N","OWNER":"HRM","MAINTBY":"HRM","MODDATE":1759833442000,"dbhLabel":"0 to 7.9 cm","wiresLabel":"No"}},{"type":"Feature","id":64236,"geometry":{"type":"Point","coordinates":[-63.5597901327045,44.6840271324821]},"properties":{"OBJECTID":64236,"ASSETID":"TRE206457","TREEID":"TRE206457","ASSETCODE":"TRE","ASSETSTAT":"INS","SP_SCIEN":"Gleditisia triacanthos","SP_COMM":"Honeylocust","DBH":4,"WIRES":"Y","OWNER":"HRM","MAINTBY":"HRM","MODDATE":1759833442000,"dbhLabel":"31 to 45.9 cm","wiresLabel":"Yes"}},{"type":"Feature","id":64239,"geometry":{"type":"Point","coordinates":[-63.5603814640116,44.6841582998584]},"properties":{"OBJECTID":64239,"ASSETID":"TRE206466","TREEID":"TRE206466","ASSETCODE":"TRE","ASSETSTAT":"INS","SP_SCIEN":"Acer Platanoides","SP_COMM":"Norway Maple","DBH":2,"WIRES":"N","OWNER":"HRM","MAINTBY":"HRM","MODDATE":1759833442000,"dbhLabel":"8 to 15.9 cm","wiresLabel":"No"}},{"type":"Feature","id":64296,"geometry":{"type":"Point","coordinates":[-63.5577211464168,44.6699193044696]},"properties":{"OBJECTID":64296,"ASSETID":"TRE207515","TREEID":"TRE207515","ASSETCODE":"TRE","ASSETSTAT":"INS","SP_SCIEN":"Acer saccharinum","SP_COMM":"Silver Maple","DBH":7,"WIRES":"Y","OWNER":"HRM","MAINTBY":"HRM","MODDATE":1759833442000,"dbhLabel":"77 to 90.9 cm","wiresLabel":"Yes"}},{"type":"Feature","id":64342,"geometry":{"type":"Point","coordinates":[-63.5581462166329,44.6843323955468]},"properties":{"OBJECTID":64342,"ASSETID":"TRE206523","TREEID":"TRE206523","ASSETCODE":"TRE","ASSETSTAT":"INS","SP_SCIEN":"Ulmus americana","SP_COMM":"American Elm","DBH":2,"WIRES":"N","OWNER":"HRM","MAINTBY":"HRM","MODDATE":1759833442000,"dbhLabel":"8 to 15.9 cm","wiresLabel":"No"}},{"type":"Feature","id":64361,"geometry":{"type":"Point","coordinates":[-63.5564026576333,44.6700547955938]},"properties":{"OBJECTID":64361,"ASSETID":"TRE207529","TREEID":"TRE207529","ASSETCODE":"TRE","ASSETSTAT":"INS","SP_SCIEN":"Ulmus americana","SP_COMM":"American Elm","DBH":8,"WIRES":"Y","OWNER":"HRM","MAINTBY":"HRM","MODDATE":1759833442000,"dbhLabel":"91 to 106.9 cm","wiresLabel":"Yes"}},{"type":"Feature","id":64425,"geometry":{"type":"Point","coordinates":[-63.5566677756265,44.6695583171571]},"properties":{"OBJECTID":64425,"ASSETID":"TRE207525","TREEID":"TRE207525","ASSETCODE":"TRE","ASSETSTAT":"INS","SP_SCIEN":"Acer glabrum","SP_COMM":"Rocky Mountain Maple","DBH":6,"WIRES":"N","OWNER":"HRM","MAINTBY":"HRM","MODDATE":1759833442000,"dbhLabel":"61 to 76.9 cm","wiresLabel":"No"}},{"type":"Feature","id":64430,"geometry":{"type":"Point","coordinates":[-63.5576283612278,44.6698399108741]},"properties":{"OBJECTID":64430,"ASSETID":"TRE207518","TREEID":"TRE207518","ASSETCODE":"TRE","ASSETSTAT":"INS","SP_SCIEN":"Acer Platanoides","SP_COMM":"Norway Maple","DBH":6,"WIRES":"N","OWNER":"HRM","MAINTBY":"HRM","MODDATE":1759833442000,"dbhLabel":"61 to 76.9 cm","wiresLabel":"No"}},{"type":"Feature","id":64496,"geometry":{"type":"Point","coordinates":[-63.5566716383822,44.6697330380748]},"properties":{"OBJECTID":64496,"ASSETID":"TRE207527","TREEID":"TRE207527","ASSETCODE":"TRE","ASSETSTAT":"INS","SP_SCIEN":null,"SP_COMM":null,"DBH":2,"WIRES":"Y","OWNER":"HRM","MAINTBY":"HRM","MODDATE":1759833442000,"dbhLabel":"8 to 15.9 cm","wiresLabel":"Yes"}},{"type":"Feature","id":64536,"geometry":{"type":"Point","coordinates":[-63.5601765205661,44.6841503231747]},"properties":{"OBJECTID":64536,"ASSETID":"TRE206460","TREEID":"TRE206460","ASSETCODE":"TRE","ASSETSTAT":"INS","SP_SCIEN":"Gleditisia triacanthos","SP_COMM":"Honeylocust","DBH":3,"WIRES":"Y","OWNER":"HRM","MAINTBY":"HRM","MODDATE":1759833442000,"dbhLabel":"16 to 30.9cm","wiresLabel":"Yes"}},{"type":"Feature","id":64570,"geometry":{"type":"Point","coordinates":[-63.5599081192306,44.6840402111029]},"properties":{"OBJECTID":64570,"ASSETID":"TRE206458","TREEID":"TRE206458","ASSETCODE":"TRE","ASSETSTAT":"INS","SP_SCIEN":"Gleditisia triacanthos","SP_COMM":"Honeylocust","DBH":3,"WIRES":"Y","OWNER":"HRM","MAINTBY":"HRM","MODDATE":1759833442000,"dbhLabel":"16 to 30.9cm","wiresLabel":"Yes"}},{"type":"Feature","id":64591,"geometry":{"type":"Point","coordinates":[-63.5579189841885,44.6694175038141]},"properties":{"OBJECTID":64591,"ASSETID":"TRE207520","TREEID":"TRE207520","ASSETCODE":"TRE","ASSETSTAT":"INS","SP_SCIEN":"Fraxinus americana","SP_COMM":"White Ash","DBH":8,"WIRES":"N","OWNER":"HRM","MAINTBY":"HRM","MODDATE":1759833442000,"dbhLabel":"91 to 106.9 cm","wiresLabel":"No"}},{"type":"Feature","id":64617,"geometry":{"type":"Point","coordinates":[-63.5582127764055,44.6843098279005]},"properties":{"OBJECTID":64617,"ASSETID":"TRE206524","TREEID":"TRE206524","ASSETCODE":"TRE","ASSETSTAT":"INS","SP_SCIEN":"Acer rubrum","SP_COMM":"Red Maple","DBH":3,"WIRES":"N","OWNER":"HRM","MAINTBY":"HRM","MODDATE":1759833442000,"dbhLabel":"16 to 30.9cm","wiresLabel":"No"}},{"type":"Feature","id":64621,"geometry":{"type":"Point","coordinates":[-63.5580921254764,44.6693787646564]},"properties":{"OBJECTID":64621,"ASSETID":"TRE207513","TREEID":"TRE207513","ASSETCODE":"TRE","ASSETSTAT":"INS","SP_SCIEN":"Tilia americana","SP_COMM":"American Basswood","DBH":2,"WIRES":"Y","OWNER":"HRM","MAINTBY":"HRM","MODDATE":1759833442000,"dbhLabel":"8 to 15.9 cm","wiresLabel":"Yes"}},{"type":"Feature","id":64645,"geometry":{"type":"Point","coordinates":[-63.5613835984915,44.6856691785441]},"properties":{"OBJECTID":64645,"ASSETID":"TRE206471","TREEID":"TRE206471","ASSETCODE":"TRE","ASSETSTAT":"INS","SP_SCIEN":"Tilia americana","SP_COMM":"American Basswood","DBH":4,"WIRES":"N","OWNER":"HRM","MAINTBY":"HRM","MODDATE":1759833442000,"dbhLabel":"31 to 45.9 cm","wiresLabel":"No"}},{"type":"Feature","id":64648,"geometry":{"type":"Point","coordinates":[-63.5617491849643,44.6830780499016]},"properties":{"OBJECTID":64648,"ASSETID":"TRE206293","TREEID":"TRE206293","ASSETCODE":"TRE","ASSETSTAT":"INS","SP_SCIEN":"Quercus rubra","SP_COMM":"Northern Red Oak","DBH":3,"WIRES":"N","OWNER":"HRM","MAINTBY":"HRM","MODDATE":1759833442000,"dbhLabel":"16 to 30.9cm","wiresLabel":"No"}},{"type":"Feature","id":64708,"geometry":{"type":"Point","coordinates":[-63.5603301396662,44.6841012073698]},"properties":{"OBJECTID":64708,"ASSETID":"TRE206465","TREEID":"TRE206465","ASSETCODE":"TRE","ASSETSTAT":"INS","SP_SCIEN":"Ulmus glabra","SP_COMM":"Wych elm","DBH":2,"WIRES":"N","OWNER":"HRM","MAINTBY":"HRM","MODDATE":1759833442000,"dbhLabel":"8 to 15.9 cm","wiresLabel":"No"}},{"type":"Feature","id":64789,"geometry":{"type":"Point","coordinates":[-63.5601794454806,44.6839520917869]},"properties":{"OBJECTID":64789,"ASSETID":"TRE206462","TREEID":"TRE206462","ASSETCODE":"TRE","ASSETSTAT":"INS","SP_SCIEN":"Acer saccharum","SP_COMM":"Sugar Maple","DBH":2,"WIRES":"N","OWNER":"HRM","MAINTBY":"HRM","MODDATE":1759833442000,"dbhLabel":"8 to 15.9 cm","wiresLabel":"No"}},{"type":"Feature","id":64799,"geometry":{"type":"Point","coordinates":[-63.5593589135204,44.6839966640172]},"properties":{"OBJECTID":64799,"ASSETID":"TRE206531","TREEID":"TRE206531","ASSETCODE":"TRE","ASSETSTAT":"INS","SP_SCIEN":"Acer rubrum","SP_COMM":"Red Maple","DBH":2,"WIRES":"N","OWNER":"HRM","MAINTBY":"HRM","MODDATE":1759833442000,"dbhLabel":"8 to 15.9 cm","wiresLabel":"No"}},{"type":"Feature","id":64802,"geometry":{"type":"Point","coordinates":[-63.5591394155706,44.6840776585941]},"properties":{"OBJECTID":64802,"ASSETID":"TRE206528","TREEID":"TRE206528","ASSETCODE":"TRE","ASSETSTAT":"INS","SP_SCIEN":"Acer rubrum","SP_COMM":"Red Maple","DBH":2,"WIRES":"N","OWNER":"HRM","MAINTBY":"HRM","MODDATE":1759833442000,"dbhLabel":"8 to 15.9 cm","wiresLabel":"No"}},{"type":"Feature","id":64812,"geometry":{"type":"Point","coordinates":[-63.5579208437011,44.6696242459523]},"properties":{"OBJECTID":64812,"ASSETID":"TRE207514","TREEID":"TRE207514","ASSETCODE":"TRE","ASSETSTAT":"INS","SP_SCIEN":"Ulmus americana","SP_COMM":"American Elm","DBH":7,"WIRES":"Y","OWNER":"HRM","MAINTBY":"HRM","MODDATE":1759833442000,"dbhLabel":"77 to 90.9 cm","wiresLabel":"Yes"}},{"type":"Feature","id":64842,"geometry":{"type":"Point","coordinates":[-63.5565121389103,44.6699241239815]},"properties":{"OBJECTID":64842,"ASSETID":"TRE207528","TREEID":"TRE207528","ASSETCODE":"TRE","ASSETSTAT":"INS","SP_SCIEN":"Acer Platanoides","SP_COMM":"Norway Maple","DBH":3,"WIRES":"Y","OWNER":"HRM","MAINTBY":"HRM","MODDATE":1759833442000,"dbhLabel":"16 to 30.9cm","wiresLabel":"Yes"}},{"type":"Feature","id":64860,"geometry":{"type":"Point","coordinates":[-63.5615879643203,44.6829567481491]},"properties":{"OBJECTID":64860,"ASSETID":"TRE206295","TREEID":"TRE206295","ASSETCODE":"TRE","ASSETSTAT":"INS","SP_SCIEN":"Acer rubrum","SP_COMM":"Red Maple","DBH":3,"WIRES":"N","OWNER":"HRM","MAINTBY":"HRM","MODDATE":1759833442000,"dbhLabel":"16 to 30.9cm","wiresLabel":"No"}},{"type":"Feature","id":64902,"geometry":{"type":"Point","coordinates":[-63.5568946846774,44.6694628691889]},"properties":{"OBJECTID":64902,"ASSETID":"TRE207524","TREEID":"TRE207524","ASSETCODE":"TRE","ASSETSTAT":"INS","SP_SCIEN":"Acer Platanoides","SP_COMM":"Norway Maple","DBH":7,"WIRES":"Y","OWNER":"HRM","MAINTBY":"HRM","MODDATE":1759833442000,"dbhLabel":"77 to 90.9 cm","wiresLabel":"Yes"}},{"type":"Feature","id":64903,"geometry":{"type":"Point","coordinates":[-63.5605340985582,44.6843576578364]},"properties":{"OBJECTID":64903,"ASSETID":"TRE206468","TREEID":"TRE206468","ASSETCODE":"TRE","ASSETSTAT":"INS","SP_SCIEN":"Quercus rubra","SP_COMM":"Northern Red Oak","DBH":2,"WIRES":"N","OWNER":"HRM","MAINTBY":"HRM","MODDATE":1759833442000,"dbhLabel":"8 to 15.9 cm","wiresLabel":"No"}},{"type":"Feature","id":64929,"geometry":{"type":"Point","coordinates":[-63.5569995647834,44.6693407167193]},"properties":{"OBJECTID":64929,"ASSETID":"TRE207523","TREEID":"TRE207523","ASSETCODE":"TRE","ASSETSTAT":"INS","SP_SCIEN":"Ulmus americana","SP_COMM":"American Elm","DBH":9,"WIRES":"Y","OWNER":"HRM","MAINTBY":"HRM","MODDATE":1759833442000,"dbhLabel":">107 cm","wiresLabel":"Yes"}},{"type":"Feature","id":64946,"geometry":{"type":"Point","coordinates":[-63.5601261870624,44.6839017431239]},"properties":{"OBJECTID":64946,"ASSETID":"TRE206461","TREEID":"TRE206461","ASSETCODE":"TRE","ASSETSTAT":"INS","SP_SCIEN":"Acer saccharum","SP_COMM":"Sugar Maple","DBH":2,"WIRES":"N","OWNER":"HRM","MAINTBY":"HRM","MODDATE":1759833442000,"dbhLabel":"8 to 15.9 cm","wiresLabel":"No"}},{"type":"Feature","id":64998,"geometry":{"type":"Point","coordinates":[-63.5617468161069,44.6830702327462]},"properties":{"OBJECTID":64998,"ASSETID":"TRE206294","TREEID":"TRE206294","ASSETCODE":"TRE","ASSETSTAT":"INS","SP_SCIEN":"Acer griseum","SP_COMM":"Paperbark Maple","DBH":3,"WIRES":"N","OWNER":"HRM","MAINTBY":"HRM","MODDATE":1759833442000,"dbhLabel":"16 to 30.9cm","wiresLabel":"No"}},{"type":"Feature","id":65147,"geometry":{"type":"Point","coordinates":[-63.5567404376549,44.6681487078683]},"properties":{"OBJECTID":65147,"ASSETID":"TRE207180","TREEID":"TRE207180","ASSETCODE":"TRE","ASSETSTAT":"INS","SP_SCIEN":"Acer rubrum","SP_COMM":"Red Maple","DBH":4,"WIRES":"Y","OWNER":"HRM","MAINTBY":"HRM","MODDATE":1759833442000,"dbhLabel":"31 to 45.9 cm","wiresLabel":"Yes"}},{"type":"Feature","id":65345,"geometry":{"type":"Point","coordinates":[-63.557239759019,44.6691676620487]},"properties":{"OBJECTID":65345,"ASSETID":"TRE208661","TREEID":"TRE208661","ASSETCODE":"TRE","ASSETSTAT":"INS","SP_SCIEN":"Acer Platanoides","SP_COMM":"Norway Maple","DBH":3,"WIRES":"Y","OWNER":"HRM","MAINTBY":"HRM","MODDATE":1759833442000,"dbhLabel":"16 to 30.9cm","wiresLabel":"Yes"}},{"type":"Feature","id":65389,"geometry":{"type":"Point","coordinates":[-63.5582232301005,44.6692022691909]},"properties":{"OBJECTID":65389,"ASSETID":"TRE208653","TREEID":"TRE208653","ASSETCODE":"TRE","ASSETSTAT":"INS","SP_SCIEN":"Quercus rubra","SP_COMM":"Northern Red Oak","DBH":9,"WIRES":"Y","OWNER":"HRM","MAINTBY":"HRM","MODDATE":1759833442000,"dbhLabel":">107 cm","wiresLabel":"Yes"}},{"type":"Feature","id":65743,"geometry":{"type":"Point","coordinates":[-63.5565048266239,44.6678558118785]},"properties":{"OBJECTID":65743,"ASSETID":"TRE207179","TREEID":"TRE207179","ASSETCODE":"TRE","ASSETSTAT":"INS","SP_SCIEN":"Syringa reticulata","SP_COMM":"Japanese Tree Lilac","DBH":2,"WIRES":"Y","OWNER":"HRM","MAINTBY":"HRM","MODDATE":1759833442000,"dbhLabel":"8 to 15.9 cm","wiresLabel":"Yes"}},{"type":"Feature","id":65780,"geometry":{"type":"Point","coordinates":[-63.5565742367509,44.6678079063489]},"properties":{"OBJECTID":65780,"ASSETID":"TRE207177","TREEID":"TRE207177","ASSETCODE":"TRE","ASSETSTAT":"INS","SP_SCIEN":"Tilia americana","SP_COMM":"American Basswood","DBH":5,"WIRES":"N","OWNER":"HRM","MAINTBY":"HRM","MODDATE":1759833442000,"dbhLabel":"46 to 60.9 cm","wiresLabel":"No"}},{"type":"Feature","id":65835,"geometry":{"type":"Point","coordinates":[-63.5568809566232,44.6681844042582]},"properties":{"OBJECTID":65835,"ASSETID":"TRE207181","TREEID":"TRE207181","ASSETCODE":"TRE","ASSETSTAT":"INS","SP_SCIEN":"Salix x sepulcralis","SP_COMM":"Weeping Willow","DBH":7,"WIRES":"Y","OWNER":"HRM","MAINTBY":"HRM","MODDATE":1759833442000,"dbhLabel":"77 to 90.9 cm","wiresLabel":"Yes"}},{"type":"Feature","id":66009,"geometry":{"type":"Point","coordinates":[-63.559039286654,44.6688386561473]},"properties":{"OBJECTID":66009,"ASSETID":"TRE208649","TREEID":"TRE208649","ASSETCODE":"TRE","ASSETSTAT":"INS","SP_SCIEN":"Ulmus americana","SP_COMM":"American Elm","DBH":6,"WIRES":"Y","OWNER":"HRM","MAINTBY":"HRM","MODDATE":1759833442000,"dbhLabel":"61 to 76.9 cm","wiresLabel":"Yes"}},{"type":"Feature","id":66016,"geometry":{"type":"Point","coordinates":[-63.5560005016436,44.6688262570425]},"properties":{"OBJECTID":66016,"ASSETID":"TRE208666","TREEID":"TRE208666","ASSETCODE":"TRE","ASSETSTAT":"INS","SP_SCIEN":"Ulmus americana","SP_COMM":"American Elm","DBH":2,"WIRES":"Y","OWNER":"HRM","MAINTBY":"HRM","MODDATE":1759833442000,"dbhLabel":"8 to 15.9 cm","wiresLabel":"Yes"}},{"type":"Feature","id":66028,"geometry":{"type":"Point","coordinates":[-63.5574226155867,44.6690916010099]},"properties":{"OBJECTID":66028,"ASSETID":"TRE208660","TREEID":"TRE208660","ASSETCODE":"TRE","ASSETSTAT":"INS","SP_SCIEN":"Ulmus americana","SP_COMM":"American Elm","DBH":5,"WIRES":"Y","OWNER":"HRM","MAINTBY":"HRM","MODDATE":1759833442000,"dbhLabel":"46 to 60.9 cm","wiresLabel":"Yes"}},{"type":"Feature","id":66086,"geometry":{"type":"Point","coordinates":[-63.5586399217299,44.6691010996212]},"properties":{"OBJECTID":66086,"ASSETID":"TRE208651","TREEID":"TRE208651","ASSETCODE":"TRE","ASSETSTAT":"INS","SP_SCIEN":"Quercus rubra","SP_COMM":"Northern Red Oak","DBH":6,"WIRES":"Y","OWNER":"HRM","MAINTBY":"HRM","MODDATE":1759833442000,"dbhLabel":"61 to 76.9 cm","wiresLabel":"Yes"}},{"type":"Feature","id":66120,"geometry":{"type":"Point","coordinates":[-63.5578479049916,44.669220984638]},"properties":{"OBJECTID":66120,"ASSETID":"TRE208655","TREEID":"TRE208655","ASSETCODE":"TRE","ASSETSTAT":"INS","SP_SCIEN":"Acer Platanoides","SP_COMM":"Norway Maple","DBH":3,"WIRES":"Y","OWNER":"HRM","MAINTBY":"HRM","MODDATE":1759833442000,"dbhLabel":"16 to 30.9cm","wiresLabel":"Yes"}},{"type":"Feature","id":66124,"geometry":{"type":"Point","coordinates":[-63.5435807233087,44.6803409623164]},"properties":{"OBJECTID":66124,"ASSETID":"TRE208177","TREEID":"TRE208177","ASSETCODE":"TRE","ASSETSTAT":"INS","SP_SCIEN":"Pinus resinosa","SP_COMM":"Red Pine","DBH":4,"WIRES":"Y","OWNER":"HRM","MAINTBY":"HRM","MODDATE":1759833442000,"dbhLabel":"31 to 45.9 cm","wiresLabel":"Yes"}},{"type":"Feature","id":66201,"geometry":{"type":"Point","coordinates":[-63.5585371948856,44.6690232528714]},"properties":{"OBJECTID":66201,"ASSETID":"TRE208652","TREEID":"TRE208652","ASSETCODE":"TRE","ASSETSTAT":"INS","SP_SCIEN":"Quercus robur","SP_COMM":"English Oak","DBH":2,"WIRES":"Y","OWNER":"HRM","MAINTBY":"HRM","MODDATE":1759833442000,"dbhLabel":"8 to 15.9 cm","wiresLabel":"Yes"}},{"type":"Feature","id":66212,"geometry":{"type":"Point","coordinates":[-63.5599563273203,44.6680800206537]},"properties":{"OBJECTID":66212,"ASSETID":"TRE208606","TREEID":"TRE208606","ASSETCODE":"TRE","ASSETSTAT":"INS","SP_SCIEN":"Acer Platanoides","SP_COMM":"Norway Maple","DBH":4,"WIRES":"Y","OWNER":"HRM","MAINTBY":"HRM","MODDATE":1759833442000,"dbhLabel":"31 to 45.9 cm","wiresLabel":"Yes"}},{"type":"Feature","id":66227,"geometry":{"type":"Point","coordinates":[-63.5578463859405,44.6691203753834]},"properties":{"OBJECTID":66227,"ASSETID":"TRE208658","TREEID":"TRE208658","ASSETCODE":"TRE","ASSETSTAT":"INS","SP_SCIEN":"Syringa reticulata","SP_COMM":"Japanese Tree Lilac","DBH":1,"WIRES":"Y","OWNER":"HRM","MAINTBY":"HRM","MODDATE":1759833442000,"dbhLabel":"0 to 7.9 cm","wiresLabel":"Yes"}},{"type":"Feature","id":66267,"geometry":{"type":"Point","coordinates":[-63.5595436817029,44.6685340448719]},"properties":{"OBJECTID":66267,"ASSETID":"TRE208644","TREEID":"TRE208644","ASSETCODE":"TRE","ASSETSTAT":"INS","SP_SCIEN":"Ulmus americana","SP_COMM":"American Elm","DBH":5,"WIRES":"Y","OWNER":"HRM","MAINTBY":"HRM","MODDATE":1759833442000,"dbhLabel":"46 to 60.9 cm","wiresLabel":"Yes"}},{"type":"Feature","id":66282,"geometry":{"type":"Point","coordinates":[-63.5590325178484,44.6689821745691]},"properties":{"OBJECTID":66282,"ASSETID":"TRE208650","TREEID":"TRE208650","ASSETCODE":"TRE","ASSETSTAT":"INS","SP_SCIEN":"Acer Platanoides","SP_COMM":"Norway Maple","DBH":4,"WIRES":"Y","OWNER":"HRM","MAINTBY":"HRM","MODDATE":1759833442000,"dbhLabel":"31 to 45.9 cm","wiresLabel":"Yes"}},{"type":"Feature","id":66327,"geometry":{"type":"Point","coordinates":[-63.5688788295067,44.6661116645011]},"properties":{"OBJECTID":66327,"ASSETID":"TRE211927","TREEID":"TRE211927","ASSETCODE":"TRE","ASSETSTAT":"INS","SP_SCIEN":"Acer Platanoides","SP_COMM":"Norway Maple","DBH":3,"WIRES":"Y","OWNER":"HRM","MAINTBY":"HRM","MODDATE":1759833442000,"dbhLabel":"16 to 30.9cm","wiresLabel":"Yes"}},{"type":"Feature","id":66375,"geometry":{"type":"Point","coordinates":[-63.5596353718457,44.6686212951386]},"properties":{"OBJECTID":66375,"ASSETID":"TRE211996","TREEID":"TRE211996","ASSETCODE":"TRE","ASSETSTAT":"INS","SP_SCIEN":"Ulmus americana","SP_COMM":"American Elm","DBH":3,"WIRES":"Y","OWNER":"HRM","MAINTBY":"HRM","MODDATE":1759833442000,"dbhLabel":"16 to 30.9cm","wiresLabel":"Yes"}},{"type":"Feature","id":66407,"geometry":{"type":"Point","coordinates":[-63.5577242824355,44.6691159895922]},"properties":{"OBJECTID":66407,"ASSETID":"TRE208657","TREEID":"TRE208657","ASSETCODE":"TRE","ASSETSTAT":"INS","SP_SCIEN":"Acer Platanoides","SP_COMM":"Norway Maple","DBH":3,"WIRES":"Y","OWNER":"HRM","MAINTBY":"HRM","MODDATE":1759833442000,"dbhLabel":"16 to 30.9cm","wiresLabel":"Yes"}},{"type":"Feature","id":66437,"geometry":{"type":"Point","coordinates":[-63.5579895019383,44.6691157174368]},"properties":{"OBJECTID":66437,"ASSETID":"TRE208656","TREEID":"TRE208656","ASSETCODE":"TRE","ASSETSTAT":"INS","SP_SCIEN":"Quercus robur","SP_COMM":"English Oak","DBH":2,"WIRES":"Y","OWNER":"HRM","MAINTBY":"HRM","MODDATE":1759833442000,"dbhLabel":"8 to 15.9 cm","wiresLabel":"Yes"}},{"type":"Feature","id":66444,"geometry":{"type":"Point","coordinates":[-63.5591442116759,44.6689164878122]},"properties":{"OBJECTID":66444,"ASSETID":"TRE208648","TREEID":"TRE208648","ASSETCODE":"TRE","ASSETSTAT":"INS","SP_SCIEN":"Quercus rubra","SP_COMM":"Northern Red Oak","DBH":7,"WIRES":"Y","OWNER":"HRM","MAINTBY":"HRM","MODDATE":1759833442000,"dbhLabel":"77 to 90.9 cm","wiresLabel":"Yes"}},{"type":"Feature","id":66479,"geometry":{"type":"Point","coordinates":[-63.5560301325732,44.6687197407785]},"properties":{"OBJECTID":66479,"ASSETID":"TRE208665","TREEID":"TRE208665","ASSETCODE":"TRE","ASSETSTAT":"INS","SP_SCIEN":"Acer Platanoides","SP_COMM":"Norway Maple","DBH":5,"WIRES":"Y","OWNER":"HRM","MAINTBY":"HRM","MODDATE":1759833442000,"dbhLabel":"46 to 60.9 cm","wiresLabel":"Yes"}},{"type":"Feature","id":66504,"geometry":{"type":"Point","coordinates":[-63.5592197474149,44.6688718988699]},"properties":{"OBJECTID":66504,"ASSETID":"TRE208647","TREEID":"TRE208647","ASSETCODE":"TRE","ASSETSTAT":"INS","SP_SCIEN":"Quercus rubra","SP_COMM":"Northern Red Oak","DBH":9,"WIRES":"Y","OWNER":"HRM","MAINTBY":"HRM","MODDATE":1759833442000,"dbhLabel":">107 cm","wiresLabel":"Yes"}},{"type":"Feature","id":66516,"geometry":{"type":"Point","coordinates":[-63.5589180284638,44.667913892744]},"properties":{"OBJECTID":66516,"ASSETID":"TRE208615","TREEID":"TRE208615","ASSETCODE":"TRE","ASSETSTAT":"INS","SP_SCIEN":"Ulmus americana","SP_COMM":"American Elm","DBH":7,"WIRES":"Y","OWNER":"HRM","MAINTBY":"HRM","MODDATE":1759833442000,"dbhLabel":"77 to 90.9 cm","wiresLabel":"Yes"}},{"type":"Feature","id":66542,"geometry":{"type":"Point","coordinates":[-63.5597856752641,44.6679194477687]},"properties":{"OBJECTID":66542,"ASSETID":"TRE208607","TREEID":"TRE208607","ASSETCODE":"TRE","ASSETSTAT":"INS","SP_SCIEN":"Quercus palustris","SP_COMM":"Pin Oak","DBH":8,"WIRES":"N","OWNER":"HRM","MAINTBY":"HRM","MODDATE":1759833442000,"dbhLabel":"91 to 106.9 cm","wiresLabel":"No"}},{"type":"Feature","id":66577,"geometry":{"type":"Point","coordinates":[-63.5437975784149,44.6803830992608]},"properties":{"OBJECTID":66577,"ASSETID":"TRE208175","TREEID":"TRE208175","ASSETCODE":"TRE","ASSETSTAT":"INS","SP_SCIEN":"Picea glauca","SP_COMM":"White Spruce","DBH":3,"WIRES":"Y","OWNER":"HRM","MAINTBY":"HRM","MODDATE":1759833442000,"dbhLabel":"16 to 30.9cm","wiresLabel":"Yes"}},{"type":"Feature","id":66678,"geometry":{"type":"Point","coordinates":[-63.5576662611496,44.6692143922271]},"properties":{"OBJECTID":66678,"ASSETID":"TRE208659","TREEID":"TRE208659","ASSETCODE":"TRE","ASSETSTAT":"INS","SP_SCIEN":"Acer Platanoides","SP_COMM":"Norway Maple","DBH":4,"WIRES":"Y","OWNER":"HRM","MAINTBY":"HRM","MODDATE":1759833442000,"dbhLabel":"31 to 45.9 cm","wiresLabel":"Yes"}},{"type":"Feature","id":66700,"geometry":{"type":"Point","coordinates":[-63.5435075699019,44.6803230399417]},"properties":{"OBJECTID":66700,"ASSETID":"TRE208178","TREEID":"TRE208178","ASSETCODE":"TRE","ASSETSTAT":"INS","SP_SCIEN":"Pinus resinosa","SP_COMM":"Red Pine","DBH":4,"WIRES":"N","OWNER":"HRM","MAINTBY":"HRM","MODDATE":1759833442000,"dbhLabel":"31 to 45.9 cm","wiresLabel":"No"}},{"type":"Feature","id":66810,"geometry":{"type":"Point","coordinates":[-63.556431405519,44.6700316800006]},"properties":{"OBJECTID":66810,"ASSETID":"TRE211998","TREEID":"TRE211998","ASSETCODE":"TRE","ASSETSTAT":"INS","SP_SCIEN":"Sorbus aucuparia","SP_COMM":"European Mountain Ash","DBH":1,"WIRES":"Y","OWNER":"HRM","MAINTBY":"HRM","MODDATE":1759833442000,"dbhLabel":"0 to 7.9 cm","wiresLabel":"Yes"}},{"type":"Feature","id":66812,"geometry":{"type":"Point","coordinates":[-63.5434380771298,44.6803024859559]},"properties":{"OBJECTID":66812,"ASSETID":"TRE208179","TREEID":"TRE208179","ASSETCODE":"TRE","ASSETSTAT":"INS","SP_SCIEN":"Pinus resinosa","SP_COMM":"Red Pine","DBH":4,"WIRES":"N","OWNER":"HRM","MAINTBY":"HRM","MODDATE":1759833442000,"dbhLabel":"31 to 45.9 cm","wiresLabel":"No"}},{"type":"Feature","id":66826,"geometry":{"type":"Point","coordinates":[-63.5436806312397,44.6803517435876]},"properties":{"OBJECTID":66826,"ASSETID":"TRE208176","TREEID":"TRE208176","ASSETCODE":"TRE","ASSETSTAT":"INS","SP_SCIEN":"Picea glauca","SP_COMM":"White Spruce","DBH":2,"WIRES":"Y","OWNER":"HRM","MAINTBY":"HRM","MODDATE":1759833442000,"dbhLabel":"8 to 15.9 cm","wiresLabel":"Yes"}},{"type":"Feature","id":66870,"geometry":{"type":"Point","coordinates":[-63.558135541054,44.6691026526964]},"properties":{"OBJECTID":66870,"ASSETID":"TRE208654","TREEID":"TRE208654","ASSETCODE":"TRE","ASSETSTAT":"INS","SP_SCIEN":"Quercus robur","SP_COMM":"English Oak","DBH":2,"WIRES":"Y","OWNER":"HRM","MAINTBY":"HRM","MODDATE":1759833442000,"dbhLabel":"8 to 15.9 cm","wiresLabel":"Yes"}},{"type":"Feature","id":66954,"geometry":{"type":"Point","coordinates":[-63.5565948575782,44.668951648361]},"properties":{"OBJECTID":66954,"ASSETID":"TRE208663","TREEID":"TRE208663","ASSETCODE":"TRE","ASSETSTAT":"INS","SP_SCIEN":"Ulmus americana","SP_COMM":"American Elm","DBH":5,"WIRES":"Y","OWNER":"HRM","MAINTBY":"HRM","MODDATE":1759833442000,"dbhLabel":"46 to 60.9 cm","wiresLabel":"Yes"}},{"type":"Feature","id":66987,"geometry":{"type":"Point","coordinates":[-63.5562469966626,44.6688162032117]},"properties":{"OBJECTID":66987,"ASSETID":"TRE208664","TREEID":"TRE208664","ASSETCODE":"TRE","ASSETSTAT":"INS","SP_SCIEN":"Ulmus americana","SP_COMM":"American Elm","DBH":6,"WIRES":"Y","OWNER":"HRM","MAINTBY":"HRM","MODDATE":1759833442000,"dbhLabel":"61 to 76.9 cm","wiresLabel":"Yes"}},{"type":"Feature","id":67374,"geometry":{"type":"Point","coordinates":[-63.573364085381,44.6685046498653]},"properties":{"OBJECTID":67374,"ASSETID":"TRE246168","TREEID":"TRE246168","ASSETCODE":"TRE","ASSETSTAT":"INS","SP_SCIEN":"Acer rubrum","SP_COMM":"Red Maple","DBH":1,"WIRES":"N","OWNER":"HRM","MAINTBY":"HRM","MODDATE":1759833442000,"dbhLabel":"0 to 7.9 cm","wiresLabel":"No"}},{"type":"Feature","id":67426,"geometry":{"type":"Point","coordinates":[-63.5567567905863,44.6678509845281]},"properties":{"OBJECTID":67426,"ASSETID":"TRE207178","TREEID":"TRE207178","ASSETCODE":"TRE","ASSETSTAT":"INS","SP_SCIEN":"Tilia americana","SP_COMM":"American Basswood","DBH":1,"WIRES":"N","OWNER":"HRM","MAINTBY":"HRM","MODDATE":1759833442000,"dbhLabel":"0 to 7.9 cm","wiresLabel":"No"}},{"type":"Feature","id":67522,"geometry":{"type":"Point","coordinates":[-63.5709030392691,44.6646363954283]},"properties":{"OBJECTID":67522,"ASSETID":"TRE215996","TREEID":"TRE215996","ASSETCODE":"TRE","ASSETSTAT":"INS","SP_SCIEN":"Acer Platanoides","SP_COMM":"Norway Maple","DBH":3,"WIRES":"N","OWNER":"HRM","MAINTBY":"HRM","MODDATE":1759833442000,"dbhLabel":"16 to 30.9cm","wiresLabel":"No"}},{"type":"Feature","id":67742,"geometry":{"type":"Point","coordinates":[-63.5591448899039,44.66877022913]},"properties":{"OBJECTID":67742,"ASSETID":"TRE246478","TREEID":"TRE246478","ASSETCODE":"TRE","ASSETSTAT":"INS","SP_SCIEN":"Acer saccharum","SP_COMM":"Sugar Maple","DBH":1,"WIRES":"Y","OWNER":"HRM","MAINTBY":"HRM","MODDATE":1759833442000,"dbhLabel":"0 to 7.9 cm","wiresLabel":"Yes"}},{"type":"Feature","id":67806,"geometry":{"type":"Point","coordinates":[-63.5740024165438,44.6680406014786]},"properties":{"OBJECTID":67806,"ASSETID":"TRE216599","TREEID":"TRE216599","ASSETCODE":"TRE","ASSETSTAT":"INS","SP_SCIEN":"Pinus resinosa","SP_COMM":"Red Pine","DBH":4,"WIRES":"N","OWNER":"HRM","MAINTBY":"HRM","MODDATE":1759833442000,"dbhLabel":"31 to 45.9 cm","wiresLabel":"No"}},{"type":"Feature","id":67951,"geometry":{"type":"Point","coordinates":[-63.5738699105478,44.6685781855885]},"properties":{"OBJECTID":67951,"ASSETID":"TRE216505","TREEID":"TRE216505","ASSETCODE":"TRE","ASSETSTAT":"INS","SP_SCIEN":"Acer rubrum","SP_COMM":"Red Maple","DBH":1,"WIRES":"N","OWNER":"HRM","MAINTBY":"HRM","MODDATE":1759833442000,"dbhLabel":"0 to 7.9 cm","wiresLabel":"No"}},{"type":"Feature","id":68025,"geometry":{"type":"Point","coordinates":[-63.57306443525,44.6683151698736]},"properties":{"OBJECTID":68025,"ASSETID":"TRE216552","TREEID":"TRE216552","ASSETCODE":"TRE","ASSETSTAT":"INS","SP_SCIEN":"Quercus rubra","SP_COMM":"Northern Red Oak","DBH":5,"WIRES":"N","OWNER":"HRM","MAINTBY":"HRM","MODDATE":1759833442000,"dbhLabel":"46 to 60.9 cm","wiresLabel":"No"}},{"type":"Feature","id":68045,"geometry":{"type":"Point","coordinates":[-63.5685169746356,44.6641359342102]},"properties":{"OBJECTID":68045,"ASSETID":"TRE215973","TREEID":"TRE215973","ASSETCODE":"TRE","ASSETSTAT":"INS","SP_SCIEN":"Pyrus calleryana","SP_COMM":"Callery Pear","DBH":3,"WIRES":"N","OWNER":"HRM","MAINTBY":"HRM","MODDATE":1759833442000,"dbhLabel":"16 to 30.9cm","wiresLabel":"No"}},{"type":"Feature","id":68102,"geometry":{"type":"Point","coordinates":[-63.5753607105759,44.6685816501721]},"properties":{"OBJECTID":68102,"ASSETID":"TRE213411","TREEID":"TRE213411","ASSETCODE":"TRE","ASSETSTAT":"INS","SP_SCIEN":"Acer Platanoides","SP_COMM":"Norway Maple","DBH":4,"WIRES":"Y","OWNER":"HRM","MAINTBY":"HRM","MODDATE":1759833442000,"dbhLabel":"31 to 45.9 cm","wiresLabel":"Yes"}},{"type":"Feature","id":68190,"geometry":{"type":"Point","coordinates":[-63.5736556776239,44.6666017963361]},"properties":{"OBJECTID":68190,"ASSETID":"TRE214773","TREEID":"TRE214773","ASSETCODE":"TRE","ASSETSTAT":"INS","SP_SCIEN":"Sorbus aucuparia","SP_COMM":"European Mountain Ash","DBH":1,"WIRES":"Y","OWNER":"HRM","MAINTBY":"HRM","MODDATE":1759833442000,"dbhLabel":"0 to 7.9 cm","wiresLabel":"Yes"}},{"type":"Feature","id":68203,"geometry":{"type":"Point","coordinates":[-63.573866799682,44.6685015654044]},"properties":{"OBJECTID":68203,"ASSETID":"TRE216492","TREEID":"TRE216492","ASSETCODE":"TRE","ASSETSTAT":"INS","SP_SCIEN":"Acer Platanoides","SP_COMM":"Norway Maple","DBH":5,"WIRES":"N","OWNER":"HRM","MAINTBY":"HRM","MODDATE":1759833442000,"dbhLabel":"46 to 60.9 cm","wiresLabel":"No"}},{"type":"Feature","id":68219,"geometry":{"type":"Point","coordinates":[-63.5736642843827,44.6685013175231]},"properties":{"OBJECTID":68219,"ASSETID":"TRE216490","TREEID":"TRE216490","ASSETCODE":"TRE","ASSETSTAT":"INS","SP_SCIEN":"Aesculus Hippocastanum","SP_COMM":"Horsechestnut","DBH":4,"WIRES":"N","OWNER":"HRM","MAINTBY":"HRM","MODDATE":1759833442000,"dbhLabel":"31 to 45.9 cm","wiresLabel":"No"}},{"type":"Feature","id":68230,"geometry":{"type":"Point","coordinates":[-63.5718787174655,44.6646815313424]},"properties":{"OBJECTID":68230,"ASSETID":"TRE216011","TREEID":"TRE216011","ASSETCODE":"TRE","ASSETSTAT":"INS","SP_SCIEN":"Pinus resinosa","SP_COMM":"Red Pine","DBH":4,"WIRES":"N","OWNER":"HRM","MAINTBY":"HRM","MODDATE":1759833442000,"dbhLabel":"31 to 45.9 cm","wiresLabel":"No"}},{"type":"Feature","id":68299,"geometry":{"type":"Point","coordinates":[-63.5586616627564,44.6831171414109]},"properties":{"OBJECTID":68299,"ASSETID":"TRE206481","TREEID":"TRE206481","ASSETCODE":"TRE","ASSETSTAT":"INS","SP_SCIEN":"Cotinus coggygria","SP_COMM":"Smoketree","DBH":1,"WIRES":"N","OWNER":"HRM","MAINTBY":"HRM","MODDATE":1759833442000,"dbhLabel":"0 to 7.9 cm","wiresLabel":"No"}},{"type":"Feature","id":68435,"geometry":{"type":"Point","coordinates":[-63.5572948185594,44.668621530242]},"properties":{"OBJECTID":68435,"ASSETID":"TRE217782","TREEID":"TRE217782","ASSETCODE":"TRE","ASSETSTAT":"INS","SP_SCIEN":"Ulmus americana","SP_COMM":"American Elm","DBH":3,"WIRES":"Y","OWNER":"HRM","MAINTBY":"HRM","MODDATE":1759833442000,"dbhLabel":"16 to 30.9cm","wiresLabel":"Yes"}},{"type":"Feature","id":68565,"geometry":{"type":"Point","coordinates":[-63.5599785327758,44.6839271710245]},"properties":{"OBJECTID":68565,"ASSETID":"TRE245468","TREEID":"TRE245468","ASSETCODE":"TRE","ASSETSTAT":"INS","SP_SCIEN":"Tilia cordata","SP_COMM":"Littleleaf Linden","DBH":1,"WIRES":"N","OWNER":"HRM","MAINTBY":"HRM","MODDATE":1759833442000,"dbhLabel":"0 to 7.9 cm","wiresLabel":"No"}},{"type":"Feature","id":68663,"geometry":{"type":"Point","coordinates":[-63.5572830766803,44.6686611509042]},"properties":{"OBJECTID":68663,"ASSETID":"TRE217781","TREEID":"TRE217781","ASSETCODE":"TRE","ASSETSTAT":"INS","SP_SCIEN":"Ulmus americana","SP_COMM":"American Elm","DBH":3,"WIRES":"Y","OWNER":"HRM","MAINTBY":"HRM","MODDATE":1759833442000,"dbhLabel":"16 to 30.9cm","wiresLabel":"Yes"}},{"type":"Feature","id":68704,"geometry":{"type":"Point","coordinates":[-63.5752217933037,44.6666426035195]},"properties":{"OBJECTID":68704,"ASSETID":"TRE217040","TREEID":"TRE217040","ASSETCODE":"TRE","ASSETSTAT":"INS","SP_SCIEN":"Acer glabrum","SP_COMM":"Rocky Mountain Maple","DBH":1,"WIRES":"N","OWNER":"HRM","MAINTBY":"HRM","MODDATE":1759833442000,"dbhLabel":"0 to 7.9 cm","wiresLabel":"No"}},{"type":"Feature","id":68777,"geometry":{"type":"Point","coordinates":[-63.5744391954013,44.6671897959912]},"properties":{"OBJECTID":68777,"ASSETID":"TRE201596","TREEID":"TRE201596","ASSETCODE":"TRE","ASSETSTAT":"INS","SP_SCIEN":"Amelanchier (genus)","SP_COMM":"Serviceberry","DBH":2,"WIRES":"N","OWNER":"HRM","MAINTBY":"HRM","MODDATE":1759833442000,"dbhLabel":"8 to 15.9 cm","wiresLabel":"No"}},{"type":"Feature","id":68791,"geometry":{"type":"Point","coordinates":[-63.5698797135317,44.6642503054274]},"properties":{"OBJECTID":68791,"ASSETID":"TRE213741","TREEID":"TRE213741","ASSETCODE":"TRE","ASSETSTAT":"INS","SP_SCIEN":null,"SP_COMM":null,"DBH":1,"WIRES":"N","OWNER":"HRM","MAINTBY":"HRM","MODDATE":1759833442000,"dbhLabel":"0 to 7.9 cm","wiresLabel":"No"}},{"type":"Feature","id":68898,"geometry":{"type":"Point","coordinates":[-63.560638610355,44.6845410599534]},"properties":{"OBJECTID":68898,"ASSETID":"TRE206470","TREEID":"TRE206470","ASSETCODE":"TRE","ASSETSTAT":"INS","SP_SCIEN":"Acer Platanoides","SP_COMM":"Norway Maple","DBH":2,"WIRES":"N","OWNER":"HRM","MAINTBY":"HRM","MODDATE":1759833442000,"dbhLabel":"8 to 15.9 cm","wiresLabel":"No"}},{"type":"Feature","id":68900,"geometry":{"type":"Point","coordinates":[-63.5697634257198,44.6641804437364]},"properties":{"OBJECTID":68900,"ASSETID":"TRE216006","TREEID":"TRE216006","ASSETCODE":"TRE","ASSETSTAT":"INS","SP_SCIEN":"Syringa vulgaris","SP_COMM":"Common Lilac","DBH":1,"WIRES":"N","OWNER":"HRM","MAINTBY":"HRM","MODDATE":1759833442000,"dbhLabel":"0 to 7.9 cm","wiresLabel":"No"}},{"type":"Feature","id":68952,"geometry":{"type":"Point","coordinates":[-63.5757126633177,44.6683592002322]},"properties":{"OBJECTID":68952,"ASSETID":"TRE212725","TREEID":"TRE212725","ASSETCODE":"TRE","ASSETSTAT":"INS","SP_SCIEN":"Pinus resinosa","SP_COMM":"Red Pine","DBH":5,"WIRES":"N","OWNER":"HRM","MAINTBY":"HRM","MODDATE":1759833442000,"dbhLabel":"46 to 60.9 cm","wiresLabel":"No"}},{"type":"Feature","id":69016,"geometry":{"type":"Point","coordinates":[-63.5749574721162,44.6676851824287]},"properties":{"OBJECTID":69016,"ASSETID":"TRE201605","TREEID":"TRE201605","ASSETCODE":"TRE","ASSETSTAT":"INS","SP_SCIEN":"Acer Platanoides","SP_COMM":"Norway Maple","DBH":4,"WIRES":"N","OWNER":"HRM","MAINTBY":"HRM","MODDATE":1759833442000,"dbhLabel":"31 to 45.9 cm","wiresLabel":"No"}},{"type":"Feature","id":69024,"geometry":{"type":"Point","coordinates":[-63.5757713349839,44.6663571717728]},"properties":{"OBJECTID":69024,"ASSETID":"TRE212699","TREEID":"TRE212699","ASSETCODE":"TRE","ASSETSTAT":"INS","SP_SCIEN":"Fraxinus pennsylvanica","SP_COMM":"Green Ash","DBH":3,"WIRES":"N","OWNER":"HRM","MAINTBY":"HRM","MODDATE":1759833442000,"dbhLabel":"16 to 30.9cm","wiresLabel":"No"}},{"type":"Feature","id":69127,"geometry":{"type":"Point","coordinates":[-63.5761443262696,44.6667031261571]},"properties":{"OBJECTID":69127,"ASSETID":"TRE217050","TREEID":"TRE217050","ASSETCODE":"TRE","ASSETSTAT":"INS","SP_SCIEN":"Fraxinus excelsior","SP_COMM":"European Ash","DBH":5,"WIRES":"N","OWNER":"HRM","MAINTBY":"HRM","MODDATE":1759833442000,"dbhLabel":"46 to 60.9 cm","wiresLabel":"No"}},{"type":"Feature","id":69146,"geometry":{"type":"Point","coordinates":[-63.5597632398399,44.6830218971671]},"properties":{"OBJECTID":69146,"ASSETID":"TRE214883","TREEID":"TRE214883","ASSETCODE":"TRE","ASSETSTAT":"INS","SP_SCIEN":"Picea pungens","SP_COMM":"Blue Spruce","DBH":5,"WIRES":"Y","OWNER":"HRM","MAINTBY":"HRM","MODDATE":1759833442000,"dbhLabel":"46 to 60.9 cm","wiresLabel":"Yes"}},{"type":"Feature","id":69147,"geometry":{"type":"Point","coordinates":[-63.5605082513325,44.6843137258562]},"properties":{"OBJECTID":69147,"ASSETID":"TRE206467","TREEID":"TRE206467","ASSETCODE":"TRE","ASSETSTAT":"INS","SP_SCIEN":"Juglans nigra","SP_COMM":"Black Walnut","DBH":2,"WIRES":"N","OWNER":"HRM","MAINTBY":"HRM","MODDATE":1759833442000,"dbhLabel":"8 to 15.9 cm","wiresLabel":"No"}},{"type":"Feature","id":69207,"geometry":{"type":"Point","coordinates":[-63.5745533838503,44.6671413398318]},"properties":{"OBJECTID":69207,"ASSETID":"TRE201601","TREEID":"TRE201601","ASSETCODE":"TRE","ASSETSTAT":"INS","SP_SCIEN":"Betula papyrifera","SP_COMM":"Paper Birch","DBH":3,"WIRES":"N","OWNER":"HRM","MAINTBY":"HRM","MODDATE":1759833442000,"dbhLabel":"16 to 30.9cm","wiresLabel":"No"}},{"type":"Feature","id":69223,"geometry":{"type":"Point","coordinates":[-63.5732687435866,44.6685210029998]},"properties":{"OBJECTID":69223,"ASSETID":"TRE217862","TREEID":"TRE217862","ASSETCODE":"TRE","ASSETSTAT":"INS","SP_SCIEN":null,"SP_COMM":null,"DBH":3,"WIRES":"N","OWNER":"HRM","MAINTBY":"HRM","MODDATE":1759833442000,"dbhLabel":"16 to 30.9cm","wiresLabel":"No"}},{"type":"Feature","id":69225,"geometry":{"type":"Point","coordinates":[-63.5708154777834,44.6641028548901]},"properties":{"OBJECTID":69225,"ASSETID":"TRE216003","TREEID":"TRE216003","ASSETCODE":"TRE","ASSETSTAT":"INS","SP_SCIEN":"Gleditisia triacanthos","SP_COMM":"Honeylocust","DBH":3,"WIRES":"N","OWNER":"HRM","MAINTBY":"HRM","MODDATE":1759833442000,"dbhLabel":"16 to 30.9cm","wiresLabel":"No"}},{"type":"Feature","id":69227,"geometry":{"type":"Point","coordinates":[-63.573125850371,44.6684476780311]},"properties":{"OBJECTID":69227,"ASSETID":"TRE216547","TREEID":"TRE216547","ASSETCODE":"TRE","ASSETSTAT":"INS","SP_SCIEN":"Metasequoia glyptostroboides","SP_COMM":"Dawn Redwood","DBH":1,"WIRES":"N","OWNER":"HRM","MAINTBY":"HRM","MODDATE":1759833442000,"dbhLabel":"0 to 7.9 cm","wiresLabel":"No"}},{"type":"Feature","id":69244,"geometry":{"type":"Point","coordinates":[-63.5572015896026,44.6690411819355]},"properties":{"OBJECTID":69244,"ASSETID":"TRE217774","TREEID":"TRE217774","ASSETCODE":"TRE","ASSETSTAT":"INS","SP_SCIEN":"Tilia americana","SP_COMM":"American Basswood","DBH":5,"WIRES":"Y","OWNER":"HRM","MAINTBY":"HRM","MODDATE":1759833442000,"dbhLabel":"46 to 60.9 cm","wiresLabel":"Yes"}},{"type":"Feature","id":69252,"geometry":{"type":"Point","coordinates":[-63.5685731229341,44.6648173464984]},"properties":{"OBJECTID":69252,"ASSETID":"TRE216018","TREEID":"TRE216018","ASSETCODE":"TRE","ASSETSTAT":"INS","SP_SCIEN":"Ulmus glabra","SP_COMM":"Wych elm","DBH":2,"WIRES":"N","OWNER":"HRM","MAINTBY":"HRM","MODDATE":1759833442000,"dbhLabel":"8 to 15.9 cm","wiresLabel":"No"}},{"type":"Feature","id":69293,"geometry":{"type":"Point","coordinates":[-63.5601029826803,44.6696759748139]},"properties":{"OBJECTID":69293,"ASSETID":"TRE215884","TREEID":"TRE215884","ASSETCODE":"TRE","ASSETSTAT":"INS","SP_SCIEN":"Acer Platanoides","SP_COMM":"Norway Maple","DBH":2,"WIRES":"N","OWNER":"HRM","MAINTBY":"HRM","MODDATE":1759833442000,"dbhLabel":"8 to 15.9 cm","wiresLabel":"No"}},{"type":"Feature","id":69329,"geometry":{"type":"Point","coordinates":[-63.5574732392462,44.6681807856826]},"properties":{"OBJECTID":69329,"ASSETID":"TRE217795","TREEID":"TRE217795","ASSETCODE":"TRE","ASSETSTAT":"INS","SP_SCIEN":"Tilia americana","SP_COMM":"American Basswood","DBH":4,"WIRES":"N","OWNER":"HRM","MAINTBY":"HRM","MODDATE":1759833442000,"dbhLabel":"31 to 45.9 cm","wiresLabel":"No"}},{"type":"Feature","id":69387,"geometry":{"type":"Point","coordinates":[-63.5712108694591,44.6661552263067]},"properties":{"OBJECTID":69387,"ASSETID":"TRE201562","TREEID":"TRE201562","ASSETCODE":"TRE","ASSETSTAT":"INS","SP_SCIEN":"Gleditisia triacanthos","SP_COMM":"Honeylocust","DBH":3,"WIRES":"N","OWNER":"HRM","MAINTBY":"HRM","MODDATE":1759833442000,"dbhLabel":"16 to 30.9cm","wiresLabel":"No"}},{"type":"Feature","id":69446,"geometry":{"type":"Point","coordinates":[-63.5743969422436,44.6672115110074]},"properties":{"OBJECTID":69446,"ASSETID":"TRE201595","TREEID":"TRE201595","ASSETCODE":"TRE","ASSETSTAT":"INS","SP_SCIEN":"Sorbus aucuparia","SP_COMM":"European Mountain Ash","DBH":3,"WIRES":"N","OWNER":"HRM","MAINTBY":"HRM","MODDATE":1759833442000,"dbhLabel":"16 to 30.9cm","wiresLabel":"No"}},{"type":"Feature","id":69471,"geometry":{"type":"Point","coordinates":[-63.559400836098,44.6687612249471]},"properties":{"OBJECTID":69471,"ASSETID":"TRE208645","TREEID":"TRE208645","ASSETCODE":"TRE","ASSETSTAT":"INS","SP_SCIEN":"Quercus rubra","SP_COMM":"Northern Red Oak","DBH":8,"WIRES":"Y","OWNER":"HRM","MAINTBY":"HRM","MODDATE":1759833442000,"dbhLabel":"91 to 106.9 cm","wiresLabel":"Yes"}},{"type":"Feature","id":69478,"geometry":{"type":"Point","coordinates":[-63.5602158757587,44.6682317562132]},"properties":{"OBJECTID":69478,"ASSETID":"TRE205950","TREEID":"TRE205950","ASSETCODE":"TRE","ASSETSTAT":"INS","SP_SCIEN":"Ulmus americana","SP_COMM":"American Elm","DBH":7,"WIRES":"Y","OWNER":"HRM","MAINTBY":"HRM","MODDATE":1759833442000,"dbhLabel":"77 to 90.9 cm","wiresLabel":"Yes"}},{"type":"Feature","id":69541,"geometry":{"type":"Point","coordinates":[-63.5593349455703,44.6700470028743]},"properties":{"OBJECTID":69541,"ASSETID":"TRE205896","TREEID":"TRE205896","ASSETCODE":"TRE","ASSETSTAT":"INS","SP_SCIEN":"Pyrus calleryana","SP_COMM":"Callery Pear","DBH":2,"WIRES":"N","OWNER":"HRM","MAINTBY":"HRM","MODDATE":1759833442000,"dbhLabel":"8 to 15.9 cm","wiresLabel":"No"}},{"type":"Feature","id":69550,"geometry":{"type":"Point","coordinates":[-63.5763530884534,44.6667677765898]},"properties":{"OBJECTID":69550,"ASSETID":"TRE202183","TREEID":"TRE202183","ASSETCODE":"TRE","ASSETSTAT":"INS","SP_SCIEN":"Fraxinus excelsior","SP_COMM":"European Ash","DBH":3,"WIRES":"N","OWNER":"HRM","MAINTBY":"HRM","MODDATE":1759833442000,"dbhLabel":"16 to 30.9cm","wiresLabel":"No"}},{"type":"Feature","id":69551,"geometry":{"type":"Point","coordinates":[-63.5697491496934,44.6662948266493]},"properties":{"OBJECTID":69551,"ASSETID":"TRE201405","TREEID":"TRE201405","ASSETCODE":"TRE","ASSETSTAT":"INS","SP_SCIEN":"Pyrus calleryana","SP_COMM":"Callery Pear","DBH":1,"WIRES":"Y","OWNER":"HRM","MAINTBY":"HRM","MODDATE":1759833442000,"dbhLabel":"0 to 7.9 cm","wiresLabel":"Yes"}},{"type":"Feature","id":69610,"geometry":{"type":"Point","coordinates":[-63.5732388099247,44.6685167270488]},"properties":{"OBJECTID":69610,"ASSETID":"TRE217863","TREEID":"TRE217863","ASSETCODE":"TRE","ASSETSTAT":"INS","SP_SCIEN":null,"SP_COMM":null,"DBH":3,"WIRES":"N","OWNER":"HRM","MAINTBY":"HRM","MODDATE":1759833442000,"dbhLabel":"16 to 30.9cm","wiresLabel":"No"}},{"type":"Feature","id":69630,"geometry":{"type":"Point","coordinates":[-63.5751821030395,44.667418960589]},"properties":{"OBJECTID":69630,"ASSETID":"TRE201611","TREEID":"TRE201611","ASSETCODE":"TRE","ASSETSTAT":"INS","SP_SCIEN":"Ulmus americana","SP_COMM":"American Elm","DBH":7,"WIRES":"Y","OWNER":"HRM","MAINTBY":"HRM","MODDATE":1759833442000,"dbhLabel":"77 to 90.9 cm","wiresLabel":"Yes"}},{"type":"Feature","id":69684,"geometry":{"type":"Point","coordinates":[-63.5569186732887,44.6690238406259]},"properties":{"OBJECTID":69684,"ASSETID":"TRE208662","TREEID":"TRE208662","ASSETCODE":"TRE","ASSETSTAT":"INS","SP_SCIEN":"Acer Platanoides","SP_COMM":"Norway Maple","DBH":4,"WIRES":"Y","OWNER":"HRM","MAINTBY":"HRM","MODDATE":1759833442000,"dbhLabel":"31 to 45.9 cm","wiresLabel":"Yes"}},{"type":"Feature","id":69768,"geometry":{"type":"Point","coordinates":[-63.5753432284622,44.6680482634986]},"properties":{"OBJECTID":69768,"ASSETID":"TRE213412","TREEID":"TRE213412","ASSETCODE":"TRE","ASSETSTAT":"INS","SP_SCIEN":"Acer freemanii  ","SP_COMM":"Freeman Maple","DBH":2,"WIRES":"N","OWNER":"HRM","MAINTBY":"HRM","MODDATE":1759833442000,"dbhLabel":"8 to 15.9 cm","wiresLabel":"No"}},{"type":"Feature","id":69822,"geometry":{"type":"Point","coordinates":[-63.5745600888756,44.667328299437]},"properties":{"OBJECTID":69822,"ASSETID":"TRE201600","TREEID":"TRE201600","ASSETCODE":"TRE","ASSETSTAT":"INS","SP_SCIEN":"Malus (genus)","SP_COMM":"Apple","DBH":5,"WIRES":"Y","OWNER":"HRM","MAINTBY":"HRM","MODDATE":1759833442000,"dbhLabel":"46 to 60.9 cm","wiresLabel":"Yes"}},{"type":"Feature","id":69824,"geometry":{"type":"Point","coordinates":[-63.5602236704404,44.6839964455823]},"properties":{"OBJECTID":69824,"ASSETID":"TRE206463","TREEID":"TRE206463","ASSETCODE":"TRE","ASSETSTAT":"INS","SP_SCIEN":"Quercus rubra","SP_COMM":"Northern Red Oak","DBH":2,"WIRES":"N","OWNER":"HRM","MAINTBY":"HRM","MODDATE":1759833442000,"dbhLabel":"8 to 15.9 cm","wiresLabel":"No"}},{"type":"Feature","id":69857,"geometry":{"type":"Point","coordinates":[-63.5733478680952,44.6675611919892]},"properties":{"OBJECTID":69857,"ASSETID":"TRE216591","TREEID":"TRE216591","ASSETCODE":"TRE","ASSETSTAT":"INS","SP_SCIEN":"Acer Platanoides","SP_COMM":"Norway Maple","DBH":3,"WIRES":"N","OWNER":"HRM","MAINTBY":"HRM","MODDATE":1759833442000,"dbhLabel":"16 to 30.9cm","wiresLabel":"No"}},{"type":"Feature","id":69863,"geometry":{"type":"Point","coordinates":[-63.5728545241209,44.6676294389921]},"properties":{"OBJECTID":69863,"ASSETID":"TRE216583","TREEID":"TRE216583","ASSETCODE":"TRE","ASSETSTAT":"INS","SP_SCIEN":"Fagus sylvatica","SP_COMM":"European Beech","DBH":3,"WIRES":"N","OWNER":"HRM","MAINTBY":"HRM","MODDATE":1759833442000,"dbhLabel":"16 to 30.9cm","wiresLabel":"No"}},{"type":"Feature","id":69885,"geometry":{"type":"Point","coordinates":[-63.5684836264773,44.6653792279869]},"properties":{"OBJECTID":69885,"ASSETID":"TRE201451","TREEID":"TRE201451","ASSETCODE":"TRE","ASSETSTAT":"INS","SP_SCIEN":"Celtis occidentalis","SP_COMM":"Northern Hackberry","DBH":2,"WIRES":"N","OWNER":"HRM","MAINTBY":"HRM","MODDATE":1759833442000,"dbhLabel":"8 to 15.9 cm","wiresLabel":"No"}},{"type":"Feature","id":69934,"geometry":{"type":"Point","coordinates":[-63.5740487202051,44.6679108983331]},"properties":{"OBJECTID":69934,"ASSETID":"TRE216600","TREEID":"TRE216600","ASSETCODE":"TRE","ASSETSTAT":"INS","SP_SCIEN":"Pinus resinosa","SP_COMM":"Red Pine","DBH":3,"WIRES":"N","OWNER":"HRM","MAINTBY":"HRM","MODDATE":1759833442000,"dbhLabel":"16 to 30.9cm","wiresLabel":"No"}},{"type":"Feature","id":69938,"geometry":{"type":"Point","coordinates":[-63.5600234512349,44.6703694767164]},"properties":{"OBJECTID":69938,"ASSETID":"TRE205907","TREEID":"TRE205907","ASSETCODE":"TRE","ASSETSTAT":"INS","SP_SCIEN":"Quercus rubra","SP_COMM":"Northern Red Oak","DBH":6,"WIRES":"N","OWNER":"HRM","MAINTBY":"HRM","MODDATE":1759833442000,"dbhLabel":"61 to 76.9 cm","wiresLabel":"No"}},{"type":"Feature","id":69949,"geometry":{"type":"Point","coordinates":[-63.5586450861445,44.6830959784498]},"properties":{"OBJECTID":69949,"ASSETID":"TRE206480","TREEID":"TRE206480","ASSETCODE":"TRE","ASSETSTAT":"INS","SP_SCIEN":"Acer rubrum","SP_COMM":"Red Maple","DBH":1,"WIRES":"N","OWNER":"HRM","MAINTBY":"HRM","MODDATE":1759833442000,"dbhLabel":"0 to 7.9 cm","wiresLabel":"No"}},{"type":"Feature","id":69963,"geometry":{"type":"Point","coordinates":[-63.5593647462815,44.6702707796163]},"properties":{"OBJECTID":69963,"ASSETID":"TRE205893","TREEID":"TRE205893","ASSETCODE":"TRE","ASSETSTAT":"INS","SP_SCIEN":"Betula papyrifera","SP_COMM":"Paper Birch","DBH":3,"WIRES":"Y","OWNER":"HRM","MAINTBY":"HRM","MODDATE":1759833442000,"dbhLabel":"16 to 30.9cm","wiresLabel":"Yes"}},{"type":"Feature","id":69969,"geometry":{"type":"Point","coordinates":[-63.5593162534258,44.6688205679429]},"properties":{"OBJECTID":69969,"ASSETID":"TRE208646","TREEID":"TRE208646","ASSETCODE":"TRE","ASSETSTAT":"INS","SP_SCIEN":"Quercus rubra","SP_COMM":"Northern Red Oak","DBH":6,"WIRES":"Y","OWNER":"HRM","MAINTBY":"HRM","MODDATE":1759833442000,"dbhLabel":"61 to 76.9 cm","wiresLabel":"Yes"}},{"type":"Feature","id":70035,"geometry":{"type":"Point","coordinates":[-63.5749221800036,44.6666342589793]},"properties":{"OBJECTID":70035,"ASSETID":"TRE217034","TREEID":"TRE217034","ASSETCODE":"TRE","ASSETSTAT":"INS","SP_SCIEN":"Pinus sylvestris","SP_COMM":"Scotch Pine","DBH":2,"WIRES":"N","OWNER":"HRM","MAINTBY":"HRM","MODDATE":1759833442000,"dbhLabel":"8 to 15.9 cm","wiresLabel":"No"}},{"type":"Feature","id":70036,"geometry":{"type":"Point","coordinates":[-63.5587409408768,44.6841837749099]},"properties":{"OBJECTID":70036,"ASSETID":"TRE206526","TREEID":"TRE206526","ASSETCODE":"TRE","ASSETSTAT":"INS","SP_SCIEN":"Quercus macrocarpa","SP_COMM":"Bur Oak","DBH":2,"WIRES":"N","OWNER":"HRM","MAINTBY":"HRM","MODDATE":1759833442000,"dbhLabel":"8 to 15.9 cm","wiresLabel":"No"}},{"type":"Feature","id":70072,"geometry":{"type":"Point","coordinates":[-63.5590175626956,44.6691644370734]},"properties":{"OBJECTID":70072,"ASSETID":"TRE205905","TREEID":"TRE205905","ASSETCODE":"TRE","ASSETSTAT":"INS","SP_SCIEN":"Tilia americana","SP_COMM":"American Basswood","DBH":1,"WIRES":"N","OWNER":"HRM","MAINTBY":"HRM","MODDATE":1759833442000,"dbhLabel":"0 to 7.9 cm","wiresLabel":"No"}},{"type":"Feature","id":70247,"geometry":{"type":"Point","coordinates":[-63.5598981623039,44.6702482901822]},"properties":{"OBJECTID":70247,"ASSETID":"TRE205908","TREEID":"TRE205908","ASSETCODE":"TRE","ASSETSTAT":"INS","SP_SCIEN":"Acer saccharinum","SP_COMM":"Silver Maple","DBH":6,"WIRES":"Y","OWNER":"HRM","MAINTBY":"HRM","MODDATE":1759833442000,"dbhLabel":"61 to 76.9 cm","wiresLabel":"Yes"}},{"type":"Feature","id":70283,"geometry":{"type":"Point","coordinates":[-63.5684957393606,44.6655990308948]},"properties":{"OBJECTID":70283,"ASSETID":"TRE201395","TREEID":"TRE201395","ASSETCODE":"TRE","ASSETSTAT":"INS","SP_SCIEN":"Tilia americana","SP_COMM":"American Basswood","DBH":3,"WIRES":"N","OWNER":"HRM","MAINTBY":"HRM","MODDATE":1759833442000,"dbhLabel":"16 to 30.9cm","wiresLabel":"No"}},{"type":"Feature","id":70323,"geometry":{"type":"Point","coordinates":[-63.5565240945884,44.6704011348559]},"properties":{"OBJECTID":70323,"ASSETID":"TRE205984","TREEID":"TRE205984","ASSETCODE":"TRE","ASSETSTAT":"INS","SP_SCIEN":"Celtis occidentalis","SP_COMM":"Northern Hackberry","DBH":3,"WIRES":"Y","OWNER":"HRM","MAINTBY":"HRM","MODDATE":1759833442000,"dbhLabel":"16 to 30.9cm","wiresLabel":"Yes"}},{"type":"Feature","id":70389,"geometry":{"type":"Point","coordinates":[-63.5731326407363,44.6670117458402]},"properties":{"OBJECTID":70389,"ASSETID":"TRE202109","TREEID":"TRE202109","ASSETCODE":"TRE","ASSETSTAT":"INS","SP_SCIEN":"Tilia americana","SP_COMM":"American Basswood","DBH":2,"WIRES":"N","OWNER":"HRM","MAINTBY":"HRM","MODDATE":1759833442000,"dbhLabel":"8 to 15.9 cm","wiresLabel":"No"}},{"type":"Feature","id":70404,"geometry":{"type":"Point","coordinates":[-63.569639804062,44.6662281529496]},"properties":{"OBJECTID":70404,"ASSETID":"TRE201402","TREEID":"TRE201402","ASSETCODE":"TRE","ASSETSTAT":"INS","SP_SCIEN":"Syringa reticulata","SP_COMM":"Japanese Tree Lilac","DBH":1,"WIRES":"Y","OWNER":"HRM","MAINTBY":"HRM","MODDATE":1759833442000,"dbhLabel":"0 to 7.9 cm","wiresLabel":"Yes"}},{"type":"Feature","id":70441,"geometry":{"type":"Point","coordinates":[-63.573731937405,44.66688381011]},"properties":{"OBJECTID":70441,"ASSETID":"TRE212689","TREEID":"TRE212689","ASSETCODE":"TRE","ASSETSTAT":"INS","SP_SCIEN":"Fraxinus excelsior","SP_COMM":"European Ash","DBH":5,"WIRES":"N","OWNER":"HRM","MAINTBY":"HRM","MODDATE":1759833442000,"dbhLabel":"46 to 60.9 cm","wiresLabel":"No"}},{"type":"Feature","id":70447,"geometry":{"type":"Point","coordinates":[-63.5754626549876,44.6686405940595]},"properties":{"OBJECTID":70447,"ASSETID":"TRE213410","TREEID":"TRE213410","ASSETCODE":"TRE","ASSETSTAT":"INS","SP_SCIEN":"Acer Platanoides","SP_COMM":"Norway Maple","DBH":4,"WIRES":"Y","OWNER":"HRM","MAINTBY":"HRM","MODDATE":1759833442000,"dbhLabel":"31 to 45.9 cm","wiresLabel":"Yes"}},{"type":"Feature","id":70541,"geometry":{"type":"Point","coordinates":[-63.5715464414216,44.6665115178797]},"properties":{"OBJECTID":70541,"ASSETID":"TRE201566","TREEID":"TRE201566","ASSETCODE":"TRE","ASSETSTAT":"INS","SP_SCIEN":"Gleditisia triacanthos","SP_COMM":"Honeylocust","DBH":3,"WIRES":"N","OWNER":"HRM","MAINTBY":"HRM","MODDATE":1759833442000,"dbhLabel":"16 to 30.9cm","wiresLabel":"No"}},{"type":"Feature","id":70585,"geometry":{"type":"Point","coordinates":[-63.5402770098496,44.6818274232042]},"properties":{"OBJECTID":70585,"ASSETID":"TRE213429","TREEID":"TRE213429","ASSETCODE":"TRE","ASSETSTAT":"INS","SP_SCIEN":"Acer freemanii  ","SP_COMM":"Freeman Maple","DBH":1,"WIRES":"N","OWNER":"HRM","MAINTBY":"HRM","MODDATE":1759833872000,"dbhLabel":"0 to 7.9 cm","wiresLabel":"No"}},{"type":"Feature","id":70741,"geometry":{"type":"Point","coordinates":[-63.5401816464956,44.6818322168157]},"properties":{"OBJECTID":70741,"ASSETID":"TRE213430","TREEID":"TRE213430","ASSETCODE":"TRE","ASSETSTAT":"INS","SP_SCIEN":"Acer freemanii  ","SP_COMM":"Freeman Maple","DBH":1,"WIRES":"N","OWNER":"HRM","MAINTBY":"HRM","MODDATE":1759833872000,"dbhLabel":"0 to 7.9 cm","wiresLabel":"No"}},{"type":"Feature","id":70755,"geometry":{"type":"Point","coordinates":[-63.5406108938777,44.6818020978551]},"properties":{"OBJECTID":70755,"ASSETID":"TRE213426","TREEID":"TRE213426","ASSETCODE":"TRE","ASSETSTAT":"INS","SP_SCIEN":"Acer freemanii  ","SP_COMM":"Freeman Maple","DBH":1,"WIRES":"N","OWNER":"HRM","MAINTBY":"HRM","MODDATE":1759833872000,"dbhLabel":"0 to 7.9 cm","wiresLabel":"No"}},{"type":"Feature","id":70846,"geometry":{"type":"Point","coordinates":[-63.5403687278401,44.6818206859599]},"properties":{"OBJECTID":70846,"ASSETID":"TRE213428","TREEID":"TRE213428","ASSETCODE":"TRE","ASSETSTAT":"INS","SP_SCIEN":"Acer freemanii  ","SP_COMM":"Freeman Maple","DBH":1,"WIRES":"N","OWNER":"HRM","MAINTBY":"HRM","MODDATE":1759833872000,"dbhLabel":"0 to 7.9 cm","wiresLabel":"No"}},{"type":"Feature","id":70882,"geometry":{"type":"Point","coordinates":[-63.5737652424442,44.6685057448873]},"properties":{"OBJECTID":70882,"ASSETID":"TRE216491","TREEID":"TRE216491","ASSETCODE":"TRE","ASSETSTAT":"INS","SP_SCIEN":"Acer saccharum","SP_COMM":"Sugar Maple","DBH":5,"WIRES":"N","OWNER":"HRM","MAINTBY":"HRM","MODDATE":1759833442000,"dbhLabel":"46 to 60.9 cm","wiresLabel":"No"}},{"type":"Feature","id":70885,"geometry":{"type":"Point","coordinates":[-63.5404941083992,44.6818110917086]},"properties":{"OBJECTID":70885,"ASSETID":"TRE213427","TREEID":"TRE213427","ASSETCODE":"TRE","ASSETSTAT":"INS","SP_SCIEN":"Acer freemanii  ","SP_COMM":"Freeman Maple","DBH":1,"WIRES":"N","OWNER":"HRM","MAINTBY":"HRM","MODDATE":1759833872000,"dbhLabel":"0 to 7.9 cm","wiresLabel":"No"}},{"type":"Feature","id":70945,"geometry":{"type":"Point","coordinates":[-63.573540039294,44.6685763143428]},"properties":{"OBJECTID":70945,"ASSETID":"TRE216507","TREEID":"TRE216507","ASSETCODE":"TRE","ASSETSTAT":"INS","SP_SCIEN":"Acer Platanoides","SP_COMM":"Norway Maple","DBH":5,"WIRES":"N","OWNER":"HRM","MAINTBY":"HRM","MODDATE":1759833442000,"dbhLabel":"46 to 60.9 cm","wiresLabel":"No"}},{"type":"Feature","id":72023,"geometry":{"type":"Point","coordinates":[-63.5417326507157,44.6829494189519]},"properties":{"OBJECTID":72023,"ASSETID":"TRE211739","TREEID":"TRE211739","ASSETCODE":"TRE","ASSETSTAT":"INS","SP_SCIEN":"Quercus rubra","SP_COMM":"Northern Red Oak","DBH":1,"WIRES":"N","OWNER":"HRM","MAINTBY":"HRM","MODDATE":1759833872000,"dbhLabel":"0 to 7.9 cm","wiresLabel":"No"}},{"type":"Feature","id":72543,"geometry":{"type":"Point","coordinates":[-63.5435403521215,44.6822644392615]},"properties":{"OBJECTID":72543,"ASSETID":"TRE211529","TREEID":"TRE211529","ASSETCODE":"TRE","ASSETSTAT":"INS","SP_SCIEN":"Acer rubrum","SP_COMM":"Red Maple","DBH":4,"WIRES":"N","OWNER":"HRM","MAINTBY":"HRM","MODDATE":1759833872000,"dbhLabel":"31 to 45.9 cm","wiresLabel":"No"}},{"type":"Feature","id":73278,"geometry":{"type":"Point","coordinates":[-63.5407258045722,44.6826290960391]},"properties":{"OBJECTID":73278,"ASSETID":"TRE211541","TREEID":"TRE211541","ASSETCODE":"TRE","ASSETSTAT":"INS","SP_SCIEN":"Betula papyrifera","SP_COMM":"Paper Birch","DBH":1,"WIRES":"Y","OWNER":"HRM","MAINTBY":"HRM","MODDATE":1759833872000,"dbhLabel":"0 to 7.9 cm","wiresLabel":"Yes"}},{"type":"Feature","id":73317,"geometry":{"type":"Point","coordinates":[-63.5434665222833,44.6822899170619]},"properties":{"OBJECTID":73317,"ASSETID":"TRE211530","TREEID":"TRE211530","ASSETCODE":"TRE","ASSETSTAT":"INS","SP_SCIEN":"Pinus strobus","SP_COMM":"Eastern White Pine","DBH":4,"WIRES":"N","OWNER":"HRM","MAINTBY":"HRM","MODDATE":1759833872000,"dbhLabel":"31 to 45.9 cm","wiresLabel":"No"}},{"type":"Feature","id":73493,"geometry":{"type":"Point","coordinates":[-63.540721304911,44.6815914409806]},"properties":{"OBJECTID":73493,"ASSETID":"TRE212170","TREEID":"TRE212170","ASSETCODE":"TRE","ASSETSTAT":"INS","SP_SCIEN":"Sorbus aucuparia","SP_COMM":"European Mountain Ash","DBH":2,"WIRES":"Y","OWNER":"HRM","MAINTBY":"HRM","MODDATE":1759833872000,"dbhLabel":"8 to 15.9 cm","wiresLabel":"Yes"}},{"type":"Feature","id":73601,"geometry":{"type":"Point","coordinates":[-63.5407028544134,44.6815487013194]},"properties":{"OBJECTID":73601,"ASSETID":"TRE212171","TREEID":"TRE212171","ASSETCODE":"TRE","ASSETSTAT":"INS","SP_SCIEN":"Prunus cerasus","SP_COMM":"Sour Cherry","DBH":1,"WIRES":"Y","OWNER":"HRM","MAINTBY":"HRM","MODDATE":1759833872000,"dbhLabel":"0 to 7.9 cm","wiresLabel":"Yes"}},{"type":"Feature","id":73921,"geometry":{"type":"Point","coordinates":[-63.5436477475104,44.6822302244273]},"properties":{"OBJECTID":73921,"ASSETID":"TRE211528","TREEID":"TRE211528","ASSETCODE":"TRE","ASSETSTAT":"INS","SP_SCIEN":"Fagus grandifolia","SP_COMM":"American Beech","DBH":3,"WIRES":"N","OWNER":"HRM","MAINTBY":"HRM","MODDATE":1759833872000,"dbhLabel":"16 to 30.9cm","wiresLabel":"No"}},{"type":"Feature","id":73987,"geometry":{"type":"Point","coordinates":[-63.5427388258177,44.6824558383364]},"properties":{"OBJECTID":73987,"ASSETID":"TRE211531","TREEID":"TRE211531","ASSETCODE":"TRE","ASSETSTAT":"INS","SP_SCIEN":"Quercus rubra","SP_COMM":"Northern Red Oak","DBH":6,"WIRES":"N","OWNER":"HRM","MAINTBY":"HRM","MODDATE":1759833872000,"dbhLabel":"61 to 76.9 cm","wiresLabel":"No"}},{"type":"Feature","id":74182,"geometry":{"type":"Point","coordinates":[-63.5410787391726,44.6827563455268]},"properties":{"OBJECTID":74182,"ASSETID":"TRE212076","TREEID":"TRE212076","ASSETCODE":"TRE","ASSETSTAT":"INS","SP_SCIEN":"Pinus strobus","SP_COMM":"Eastern White Pine","DBH":3,"WIRES":"Y","OWNER":"HRM","MAINTBY":"HRM","MODDATE":1759833872000,"dbhLabel":"16 to 30.9cm","wiresLabel":"Yes"}},{"type":"Feature","id":74235,"geometry":{"type":"Point","coordinates":[-63.5424224589376,44.6825103603418]},"properties":{"OBJECTID":74235,"ASSETID":"TRE212080","TREEID":"TRE212080","ASSETCODE":"TRE","ASSETSTAT":"INS","SP_SCIEN":"Acer rubrum","SP_COMM":"Red Maple","DBH":3,"WIRES":"N","OWNER":"HRM","MAINTBY":"HRM","MODDATE":1759833872000,"dbhLabel":"16 to 30.9cm","wiresLabel":"No"}},{"type":"Feature","id":74247,"geometry":{"type":"Point","coordinates":[-63.5405184599299,44.6828409607758]},"properties":{"OBJECTID":74247,"ASSETID":"TRE212074","TREEID":"TRE212074","ASSETCODE":"TRE","ASSETSTAT":"INS","SP_SCIEN":"Acer rubrum","SP_COMM":"Red Maple","DBH":4,"WIRES":"Y","OWNER":"HRM","MAINTBY":"HRM","MODDATE":1759833872000,"dbhLabel":"31 to 45.9 cm","wiresLabel":"Yes"}},{"type":"Feature","id":74533,"geometry":{"type":"Point","coordinates":[-63.5411016174663,44.6827516599342]},"properties":{"OBJECTID":74533,"ASSETID":"TRE212077","TREEID":"TRE212077","ASSETCODE":"TRE","ASSETSTAT":"INS","SP_SCIEN":"Pinus strobus","SP_COMM":"Eastern White Pine","DBH":3,"WIRES":"Y","OWNER":"HRM","MAINTBY":"HRM","MODDATE":1759833872000,"dbhLabel":"16 to 30.9cm","wiresLabel":"Yes"}},{"type":"Feature","id":74549,"geometry":{"type":"Point","coordinates":[-63.5412359596187,44.6827138539068]},"properties":{"OBJECTID":74549,"ASSETID":"TRE212078","TREEID":"TRE212078","ASSETCODE":"TRE","ASSETSTAT":"INS","SP_SCIEN":"Acer rubrum","SP_COMM":"Red Maple","DBH":3,"WIRES":"Y","OWNER":"HRM","MAINTBY":"HRM","MODDATE":1759833872000,"dbhLabel":"16 to 30.9cm","wiresLabel":"Yes"}},{"type":"Feature","id":74668,"geometry":{"type":"Point","coordinates":[-63.5406384308344,44.6828204044897]},"properties":{"OBJECTID":74668,"ASSETID":"TRE212075","TREEID":"TRE212075","ASSETCODE":"TRE","ASSETSTAT":"INS","SP_SCIEN":"Betula papyrifera","SP_COMM":"Paper Birch","DBH":3,"WIRES":"Y","OWNER":"HRM","MAINTBY":"HRM","MODDATE":1759833872000,"dbhLabel":"16 to 30.9cm","wiresLabel":"Yes"}},{"type":"Feature","id":74748,"geometry":{"type":"Point","coordinates":[-63.5414110915733,44.6826913335335]},"properties":{"OBJECTID":74748,"ASSETID":"TRE212079","TREEID":"TRE212079","ASSETCODE":"TRE","ASSETSTAT":"INS","SP_SCIEN":"Acer rubrum","SP_COMM":"Red Maple","DBH":4,"WIRES":"Y","OWNER":"HRM","MAINTBY":"HRM","MODDATE":1759833872000,"dbhLabel":"31 to 45.9 cm","wiresLabel":"Yes"}},{"type":"Feature","id":83194,"geometry":{"type":"Point","coordinates":[-63.5406954388207,44.6815349629714]},"properties":{"OBJECTID":83194,"ASSETID":"TRE212172","TREEID":"TRE212172","ASSETCODE":"TRE","ASSETSTAT":"INS","SP_SCIEN":"Prunus cerasus","SP_COMM":"Sour Cherry","DBH":2,"WIRES":"Y","OWNER":"HRM","MAINTBY":"HRM","MODDATE":1759833872000,"dbhLabel":"8 to 15.9 cm","wiresLabel":"Yes"}},{"type":"Feature","id":83587,"geometry":{"type":"Point","coordinates":[-63.5425031869389,44.6823540353024]},"properties":{"OBJECTID":83587,"ASSETID":"TRE211532","TREEID":"TRE211532","ASSETCODE":"TRE","ASSETSTAT":"INS","SP_SCIEN":null,"SP_COMM":null,"DBH":1,"WIRES":"Y","OWNER":"HRM","MAINTBY":"HRM","MODDATE":1759833872000,"dbhLabel":"0 to 7.9 cm","wiresLabel":"Yes"}},{"type":"Feature","id":85872,"geometry":{"type":"Point","coordinates":[-63.591674989298,44.6453330007313]},"properties":{"OBJECTID":85872,"ASSETID":"TRE218562","TREEID":"TRE218562","ASSETCODE":"TRE","ASSETSTAT":"INS","SP_SCIEN":"ACRU","SP_COMM":"ACRU","DBH":1,"WIRES":"Y","OWNER":"HRM","MAINTBY":"HRM","MODDATE":1674062235000,"dbhLabel":"0 to 7.9 cm","wiresLabel":"Yes"}},{"type":"Feature","id":87245,"geometry":{"type":"Point","coordinates":[-63.6065871847111,44.6514476387296]},"properties":{"OBJECTID":87245,"ASSETID":"TRE243803","TREEID":"TRE243803","ASSETCODE":"TRE","ASSETSTAT":"INS","SP_SCIEN":"ULAM","SP_COMM":"ULAM","DBH":1,"WIRES":"Y","OWNER":"HRM","MAINTBY":"HRM","MODDATE":1735843863000,"dbhLabel":"0 to 7.9 cm","wiresLabel":"Yes"}},{"type":"Feature","id":87260,"geometry":{"type":"Point","coordinates":[-63.668239453789,44.7330885612577]},"properties":{"OBJECTID":87260,"ASSETID":"TRE244598","TREEID":"TRE244598","ASSETCODE":"TRE","ASSETSTAT":"INS","SP_SCIEN":"ACSPI","SP_COMM":"ACSPI","DBH":1,"WIRES":"N","OWNER":"HRM","MAINTBY":"HRM","MODDATE":1735930276000,"dbhLabel":"0 to 7.9 cm","wiresLabel":"No"}},{"type":"Feature","id":87494,"geometry":{"type":"Point","coordinates":[-63.6040552543367,44.6512385292353]},"properties":{"OBJECTID":87494,"ASSETID":"TRE246530","TREEID":"TRE246530","ASSETCODE":"TRE","ASSETSTAT":"INS","SP_SCIEN":"ACSA2","SP_COMM":"ACSA2","DBH":1,"WIRES":"N","OWNER":"HRM","MAINTBY":"HRM","MODDATE":1735843869000,"dbhLabel":"0 to 7.9 cm","wiresLabel":"No"}},{"type":"Feature","id":87567,"geometry":{"type":"Point","coordinates":[-63.6066291243568,44.6526164792732]},"properties":{"OBJECTID":87567,"ASSETID":"TRE244087","TREEID":"TRE244087","ASSETCODE":"TRE","ASSETSTAT":"INS","SP_SCIEN":"TIAM","SP_COMM":"TIAM","DBH":1,"WIRES":"N","OWNER":"HRM","MAINTBY":"HRM","MODDATE":1735843911000,"dbhLabel":"0 to 7.9 cm","wiresLabel":"No"}},{"type":"Feature","id":87626,"geometry":{"type":"Point","coordinates":[-63.6683881141887,44.7328973812243]},"properties":{"OBJECTID":87626,"ASSETID":"TRE244596","TREEID":"TRE244596","ASSETCODE":"TRE","ASSETSTAT":"INS","SP_SCIEN":"ACSPI","SP_COMM":"ACSPI","DBH":1,"WIRES":"N","OWNER":"HRM","MAINTBY":"HRM","MODDATE":1735930281000,"dbhLabel":"0 to 7.9 cm","wiresLabel":"No"}},{"type":"Feature","id":87713,"geometry":{"type":"Point","coordinates":[-63.6747977931669,44.7102797692327]},"properties":{"OBJECTID":87713,"ASSETID":"TRE244213","TREEID":"TRE244213","ASSETCODE":"TRE","ASSETSTAT":"INS","SP_SCIEN":"QUMA1","SP_COMM":"QUMA1","DBH":1,"WIRES":"N","OWNER":"HRM","MAINTBY":"HRM","MODDATE":1735927224000,"dbhLabel":"0 to 7.9 cm","wiresLabel":"No"}},{"type":"Feature","id":87768,"geometry":{"type":"Point","coordinates":[-63.6750283933953,44.710051099739]},"properties":{"OBJECTID":87768,"ASSETID":"TRE245367","TREEID":"TRE245367","ASSETCODE":"TRE","ASSETSTAT":"INS","SP_SCIEN":"TIAM","SP_COMM":"TIAM","DBH":1,"WIRES":"N","OWNER":"HRM","MAINTBY":"HRM","MODDATE":1735927229000,"dbhLabel":"0 to 7.9 cm","wiresLabel":"No"}}]}
